humidity,temp,dewSpread,cloudLow,cloudMid,cloudHigh,cloudTotal,wind,pressure,precip24,precip48,precipToday,wetThenClear,nightCloudHigh,nightCloudTotal,nightCloudLow,nightCooling,windDir,humidityNight,humidityRise,elevation,month,label,date,lat,lon,source
94.25,9.575,0.8750000000000004,64.5,74.75,78,95,5.775,1014.4499999999999,26.6,47.7,0.2,0,20,86,71.8,2.1833333333333336,237,92.8,1.4500000000000028,1918,4,1,2026-04-23,27.51,114.15,xhs
94.5,11.225,0.8499999999999996,100,99.5,65.5,100,2.6,1015.075,3.8000000000000003,11.999999999999998,0.6,0,73.6,99.6,99.6,1.7166666666666668,360,98.4,-3.9000000000000057,1262,4,1,2026-04-23,29.32,110.43,xhs
78.75,10.275,3.575,0,3.5,49.25,49.5,5.825,1012.9499999999999,0,0,0,0,74.6,74.6,0,6.466666666666667,331,76.8,1.9500000000000028,1291,4,1,2026-04-22,39.97,116.06,xhs
97.25,15.625,0.40000000000000036,52.5,100,100,100,2.775,1006.875,13.299999999999999,13.299999999999999,17.900000000000002,0,99.8,100,9,-0.21666666666666679,349,95.8,1.4500000000000028,800,4,1,2026-04-22,30.35,120.06,xhs
46.75,5.175,10.425,0,13.5,100,100,5.75,1018.6999999999999,9.6,13.9,6.3999999999999995,0,99.6,99.6,0,1.8500000000000005,196,47.6,-0.8500000000000014,1545,4,1,2026-04-21,36.25,117.1,xhs
62.75,10.9,6.875000000000001,0,13.5,99.75,99.75,10.649999999999999,1019.5749999999999,3.6,3.6,5.9,0,80.2,100,6.6,8.549999999999997,10,81.4,-18.650000000000006,680,4,1,2026-04-20,36.05,117.02,xhs
92.5,13.85,1.1500000000000004,0,0.5,100,100,4,1008.1999999999999,0,1.3,3,0,51.2,51.2,0,5.166666666666666,286,83,9.5,1291,4,1,2026-04-19,39.97,116.06,xhs
85.25,8.15,2.325,0,0,0,0,2.45,1012.9749999999999,4.3,6.5,0,1,0,0,0,2.216666666666666,280,85.2,0.04999999999999716,1864,4,1,2026-04-19,30.13,118.17,xhs
96.75,17.200000000000003,0.5000000000000009,57.25,99.75,17,99.75,5.15,1013.9,0,13.099999999999998,2.900000000000001,0,61.6,99.8,51.4,2.116666666666667,36,92,4.75,1480,4,1,2026-04-18,29.95,119.47,xhs
97.75,8.850000000000001,0.32499999999999973,1,55.5,0.5,55.75,3.5,1014.025,2.2,9.399999999999999,4.3,1,44.6,100,3.4,1.200000000000001,69,96,1.75,1864,4,1,2026-04-18,30.13,118.17,xhs
97.75,12,0.375,97.75,0,0,97.75,5.35,1012.275,19.800000000000004,19.800000000000004,1.3,0,0,100,100,0.8499999999999996,278,99.6,-1.8499999999999943,1291,4,1,2026-04-17,39.97,116.06,xhs
99,8.475,0.125,62.5,35.5,12.75,64.5,6.525,1011.025,6.699999999999999,9,22.900000000000002,0,0,13.2,10.6,1.8499999999999979,125,99,0,1817,4,1,2026-04-16,28.91,118.06,xhs
99.25,18.875,0.1250000000000009,38.5,0.5,96.75,97.5,2.2,1006.1,22.1,22.1,4.999999999999999,0,100,100,14.4,2.3833333333333364,306,98.4,0.8499999999999943,1530,4,1,2026-04-10,30.02,119.43,xhs
79.75,8.475,3.4,5.75,4.5,3.25,10.25,4.65,1004,7.299999999999999,9.499999999999996,0,1,2.8,73.2,65.6,1.3166666666666664,286,96.8,-17.049999999999997,1291,4,1,2026-04-10,39.97,116.06,xhs
100,11.649999999999999,0.025000000000000355,100,0,92.75,100,3.175,1007.275,36.199999999999996,36.199999999999996,1.2,0,99.8,100,59.4,1.3666666666666671,270,99.6,0.4000000000000057,1864,4,1,2026-04-10,30.13,118.17,xhs
85,2.575,2.3249999999999997,2.5,4.5,1,7,2.7,1005.55,0.2,3.7,2.9000000000000004,0,2.8,61.6,60,2.716666666666667,264,96.8,-11.799999999999997,3077,4,1,2026-04-09,29.52,103.33,xhs
96,8.65,0.6250000000000002,3.5,99.5,83,100,6.324999999999999,1008.35,0,0.4,15.899999999999995,0,96.4,100,2.2,3.7499999999999982,150,86.8,9.200000000000003,1817,4,1,2026-04-06,28.91,118.06,xhs
91.75,9.025,1.2750000000000004,100,6.75,68.25,100,3.825,1009.0999999999999,0,0.6,1.4,0,76.8,99.2,71.8,5.133333333333333,66,93,-1.25,3660,4,1,2026-04-05,29.66,102.35,xhs
87.5,3.9000000000000004,1.9,100,0.75,0,100,3.5250000000000004,1014.4250000000001,0.6,1.3,0,0,8.4,84.6,82,5.166666666666667,75,86.8,0.7000000000000028,3660,4,1,2026-04-04,29.66,102.35,xhs
60.5,2.375,6.85,0,0,0,0,1.3749999999999998,1010.0749999999999,1.4000000000000001,10.700000000000001,1,1,8.4,24.2,8.6,4.3,106,70.4,-9.900000000000006,3077,4,1,2026-04-04,29.52,103.33,xhs
93.75,4.725,0.9250000000000002,100,52.75,31.75,100,2.4499999999999997,1015.025,0.30000000000000004,1.3,0.7000000000000001,0,3.4,100,100,5.683333333333334,36,92.2,1.5499999999999972,3660,4,1,2026-04-02,29.66,102.35,xhs
99.75,3.675,0.07500000000000007,100,51,96.5,100,8.35,1014.8,29.299999999999994,33.1,20.500000000000004,0,56.8,100,100,1.7166666666666668,42,100,-0.25,1864,3,1,2026-03-31,30.13,118.17,xhs
79,5.375,3.3500000000000005,100,7.25,14.25,100,5.7,1017.125,2.500000000000001,3.8000000000000007,0,0,0,100,100,3.2166666666666677,61,92.2,-13.200000000000003,3660,3,1,2026-03-26,29.66,102.35,xhs
93.75,-6.3500000000000005,0.8499999999999999,100,99.75,9.5,100,3.3499999999999996,1025.725,3.6000000000000005,5.700000000000001,7.299999999999997,0,0,100,100,1.6499999999999995,357,98.4,-4.650000000000006,3077,3,1,2026-03-18,29.52,103.33,xhs
65,-7.2749999999999995,5.4,0,10.75,70.25,72.25,2.2750000000000004,1027.025,8.399999999999999,9,0.4,0,98.6,100,6.2,2.7000000000000006,311,75.8,-10.799999999999997,2100,3,1,2026-03-18,34.73,104.63,youtube
95.5,-7.7,0.5499999999999998,100,0,0,100,11.575,1030.575,1.2,1.6000000000000003,0,0,0,100,100,4.333333333333334,16,96.4,-0.9000000000000057,1545,3,1,2026-03-06,36.25,117.1,xhs
99.75,-4.300000000000001,0.02499999999999991,100,0,0,100,12.575,1023.325,0,2.9000000000000004,0,0,0,38,38,3.533333333333333,160,94.6,5.150000000000006,1545,2,1,2026-02-25,36.25,117.1,xhs
67,-0.5999999999999999,5.3999999999999995,0,0,7.75,7.75,1.2999999999999998,1008.0250000000001,0.7000000000000001,1.1,0,0,4.4,4.4,0,2.5,243,81.8,-14.799999999999997,3077,2,1,2026-02-21,29.52,103.33,xhs
99.25,-3.1500000000000004,0.09999999999999998,99,0,0,99,2.4,1024.375,0.8,0.8,0,0,3.8,100,100,1.6666666666666667,209,100,-0.75,1817,2,1,2026-02-20,28.91,118.06,xhs
81.5,-1.0999999999999999,2.8,100,5.25,0.5,100,8.65,1019.175,1.2,2.8000000000000007,0,0,11,100,100,2.1166666666666667,70,89.4,-7.900000000000006,3660,2,1,2026-02-09,29.66,102.35,xhs
97.75,10.35,0.3749999999999991,4.25,28,49.25,72.5,1.375,1017.3000000000001,24.9,62.400000000000006,1.5000000000000002,0,23.2,100,19.4,0.1999999999999993,243,97.8,-0.04999999999999716,1291,10,1,2025-10-11,39.97,116.06,xhs
96,14.5,0.625,13.75,0,0.25,14,5.1,1013.7249999999999,0,0,1.8000000000000007,0,0,0.2,0.2,3.1666666666666696,129,93.4,2.5999999999999943,1545,9,1,2025-09-15,36.25,117.1,xhs
95.25,18.9,0.7500000000000009,4.75,0,84,84.5,2.2750000000000004,1010.775,0,3.9,0.6000000000000001,0,82.6,89.8,59.8,2,312,98.6,-3.3499999999999943,2240,8,1,2025-08-16,39.97,115.5,xhs
95.5,18.875,0.7249999999999996,1,5.5,12,17.75,3.8000000000000003,1002.1999999999999,0.5,0.6,1.2,0,16.6,34.8,4,2.7666666666666657,73,94.8,0.7000000000000028,1545,8,1,2025-08-02,36.25,117.1,xhs
98.25,20.775,0.25,71.5,15.25,74.5,98,3.575,1000.4999999999999,0,6.5,0.1,0,100,100,33.4,2.8000000000000007,310,98.8,-0.5499999999999972,2303,7,1,2025-07-05,39.97,115.46,xhs
61.25,4.9,6.875,0.25,100,94.5,100,8.600000000000001,1028.15,0.30000000000000004,0.30000000000000004,0,0,40,82.4,0,6.483333333333333,46,58.6,2.6499999999999986,285,3,1,2025-03-15,36.64,117.05,bilibili
62.5,-10.05,5.875,0,1,100,100,7.324999999999999,1034.3,0,0,0,0,53.8,53.8,0,2.8666666666666663,12,66.2,-3.700000000000003,1864,12,1,2024-12-22,30.13,118.17,xhs-search
73.25,-9.425,3.9249999999999994,0.25,48.25,4,48.75,0.6749999999999999,1030.55,1.1,7.099999999999998,0,1,1.8,87.6,7.8,0.15000000000000036,252,84.8,-11.549999999999997,3077,12,1,2024-12-15,29.52,103.33,xhs-search
84.75,2.9749999999999996,2.375,100,0,0,100,6.175,1015.9,0,0,0,0,0,100,100,2.1333333333333337,70,85.6,-0.8499999999999943,3660,12,1,2024-12-01,29.66,102.35,xhs-search
94.25,0.7250000000000001,0.8500000000000001,13.75,25.25,23.25,53.5,7.4,1025.375,0.9,0.9,6.2,0,11,47,15.8,2.5333333333333328,116,94.6,-0.3499999999999943,1817,11,1,2024-11-24,28.91,118.06,xhs-search
99.5,8.275,0.04999999999999982,100,83.5,0,100,12.149999999999999,1021.7749999999999,2.1,6.499999999999998,7.599999999999997,0,0,100,100,1.3333333333333321,17,99.6,-0.09999999999999432,1864,11,1,2024-11-17,30.13,118.17,xhs-search
81.5,15.175,3.1250000000000004,0.25,54,0,54.25,2.7749999999999995,1020.7,0,0,0,0,55.2,100,0.8,1.8500000000000014,67,81,0.5,1918,11,1,2024-11-10,27.51,114.15,xhs-search
78.25,6.699999999999999,3.5,0,0,0,0,9.8,1021.525,0,0.1,0,0,0,0,0,0.6666666666666679,180,75.4,2.8499999999999943,1545,11,1,2024-11-03,36.25,117.1,xhs-search
97.5,11.774999999999999,0.3500000000000001,100,100,25,100,7.375,1017.025,1.5000000000000002,1.5000000000000002,5,0,96.2,100,100,0.5166666666666675,354,95.2,2.299999999999997,1474,10,1,2024-10-27,29.56,115.97,xhs-search
86.25,10.274999999999999,2.25,100,21.75,22.25,100,4.6,1021,11.299999999999997,14.999999999999998,2.7,0,0,100,100,3.166666666666666,64,91,-4.75,3660,10,1,2024-10-20,29.66,102.35,xhs-search
93.5,11.850000000000001,1.0250000000000004,11,56.25,13.75,68.5,6.825,1019.825,0,0,1.7000000000000002,0,0.2,64.2,7.4,1.1500000000000021,149,90.8,2.700000000000003,1864,10,1,2024-10-13,30.13,118.17,xhs-search
95.75,11.100000000000001,0.625,100,20,94.75,100,4.1499999999999995,1018.95,0,0,1.2000000000000002,0,84.2,100,100,0.6999999999999993,29,95.4,0.3499999999999943,1817,10,1,2024-10-06,28.91,118.06,xhs-search
58,2.9000000000000004,7.449999999999999,59.75,82,73,95.75,4.275,1028.65,9.1,68.19999999999999,0.2,0,98.2,100,83.8,3.0499999999999994,164,62.4,-4.399999999999999,3077,10,1,2024-10-01,29.52,103.33,xhs-search
57.25,11.575,8.149999999999999,0,0,0,0,9.875,1024.35,0,13.4,0,0,0,0,0,4.816666666666666,284,50.4,6.850000000000001,1291,9,1,2024-09-22,39.97,116.06,xhs-search
94.5,23.225,0.9249999999999998,75.25,59.25,93,99.75,7.0249999999999995,1006.675,2.6,3.4,11.5,0,79.8,95.6,43.2,2.2666666666666693,68,93.8,0.7000000000000028,1918,9,1,2024-09-15,27.51,114.15,xhs-search
95,9.775,0.7250000000000005,42.75,1,0,43.5,1.4749999999999999,1016,6.1000000000000005,10.499999999999998,3.5000000000000004,1,4.6,75.8,71,1.2333333333333325,333,97,-2,3866,9,1,2024-09-08,30.1,102.47,xhs-search
85.75,19.5,2.4499999999999993,4,0,80.75,81.75,10.075,1007.5,0.6,0.6,1.1,0,99.2,99.2,2.2,1.5833333333333357,178,81.6,4.150000000000006,1545,9,1,2024-09-01,36.25,117.1,xhs-search
98.75,18.049999999999997,0.22499999999999964,0.5,11.25,7,17.75,3.625,1011.25,4.7,6.4,14.899999999999999,1,58.6,68.2,4,2.9166666666666643,274,99.6,-0.8499999999999943,2240,8,1,2024-08-18,39.97,115.5,xhs-search
72.75,17.8,5.025,29.75,19.75,0,43.25,7.825,997.525,0.4,32.00000000000001,0.1,0,0,13,8.6,3.5,276,68.4,4.349999999999994,2303,8,1,2024-08-11,39.97,115.46,xhs-search
79.25,13.625,3.5500000000000003,0,0,84.25,84.25,5,1010.5,0,0,0.4,0,93.8,93.8,0,4.049999999999997,151,72.4,6.849999999999994,1864,5,1,2024-05-19,30.13,118.17,xhs-search
100,19.375,0.024999999999999467,100,18.75,98,100,4.575,1012.8499999999999,12,12,3.8999999999999995,0,96,100,100,1.1666666666666679,260,99.8,0.20000000000000284,1918,5,1,2024-05-12,27.51,114.15,xhs-search
100,10.5,0,100,70,76.25,100,3.3249999999999997,1008.5500000000001,18.1,27.200000000000003,18.699999999999996,0,100,100,66.6,1.8666666666666654,315,100,0,1817,5,1,2024-05-05,28.91,118.06,xhs-search
88,13.325,1.9499999999999997,100,0.75,0.25,100,2.65,1010.0999999999999,0,0.4,0.5,0,5.6,92.8,89.8,5.249999999999998,27,94.4,-6.400000000000006,3660,4,1,2024-04-28,29.66,102.35,xhs-search
81.25,2.5999999999999996,2.9,9.5,11.75,7.25,25.75,2.45,1012.95,19.4,24.9,3.3,1,45.6,56.6,10.6,1.2500000000000004,104,88,-6.75,3077,4,1,2024-04-21,29.52,103.33,xhs-search
100,14.325,0,100,12.75,76,100,2.5000000000000004,1007.4750000000001,6.999999999999999,7.8999999999999995,9.199999999999998,0,88.6,100,82,0.8499999999999996,360,99.6,0.4000000000000057,1474,4,1,2024-04-14,29.56,115.97,xhs-search
99.25,-0.875,0.12500000000000003,100,93.5,98.75,100,2.8,1015.975,10,14.200000000000001,5.599999999999999,0,48,100,100,1.0833333333333333,66,99.6,-0.3499999999999943,3866,4,1,2024-04-07,30.1,102.47,xhs-search
86.25,11.475000000000001,2.2750000000000004,0.25,100,100,100,3.375,1008.725,0,0,13.9,0,100,100,0.2,1.9166666666666679,342,82.2,4.049999999999997,1864,3,1,2024-03-31,30.13,118.17,xhs-search
39.75,5.3999999999999995,12.6,0,93.5,0,93.5,11.675,1016.65,0,0,0.2,0,0.8,59.4,0,6.466666666666665,111,41.6,-1.8500000000000014,1545,3,1,2024-03-24,36.25,117.1,xhs-search
71.25,8.625,4.9,100,22.25,2,100,6.1000000000000005,1019.7,1.4000000000000004,3.300000000000001,1.2,0,0,100,100,1.6333333333333346,77,77.6,-6.349999999999994,3660,3,1,2024-03-17,29.66,102.35,xhs-search
96.75,-4.85,0.5000000000000001,100,0,0,100,1.35,1022.25,2.5,5.5,6.1000000000000005,0,0.2,100,100,1.0166666666666666,202,99.6,-2.8499999999999943,3077,3,1,2024-03-10,29.52,103.33,xhs-search
89.75,-2.8749999999999996,1.4500000000000002,100,0,0,100,1.35,1016.7249999999999,0.2,2.3000000000000007,0,0,4.8,59.2,57.8,2.6499999999999995,225,96.8,-7.049999999999997,2507,3,1,2024-03-03,32.53,106.68,xhs-search
93.25,-11.799999999999999,0.875,75,1,0,75,5.7749999999999995,1032.175,8.7,15.2,1.4,0,0,100,100,1.5166666666666657,4,96,-2.75,1864,2,1,2024-02-25,30.13,118.17,xhs-search
98.5,8.724999999999998,0.22499999999999964,84,51.25,0,88.75,10.725,1008.025,0,0,14.2,0,0,91.2,85.8,-0.2666666666666675,225,96.2,2.299999999999997,1729,2,1,2024-02-18,31.13,115.78,xhs-search
78.75,1.9749999999999999,3.325,13.5,0,0,13.5,7.7,1030.475,0,0,0,0,0,0,0,2.4333333333333336,337,62.2,16.549999999999997,900,2,1,2024-02-11,29.77,121.07,xhs-search
78.25,-5.375,3.175,100,3.5,1.75,100,7.775,1035.075,0.7,1.6000000000000003,0.2,0,31,100,100,2.2333333333333334,69,89,-10.75,3660,1,1,2024-01-28,29.66,102.35,xhs-search
98,-8.5,0.2250000000000001,100,100,0,100,6.725,1026.675,7.299999999999997,11.899999999999995,13.499999999999996,0,1.6,100,100,1.5333333333333332,357,99.2,-1.2000000000000028,3077,1,1,2024-01-21,29.52,103.33,xhs-search
71.75,6.300000000000001,4.800000000000001,0,0,0,0,7.35,1021.1750000000001,0,0,0.1,0,0,0,0,1.866666666666668,231,72.2,-0.45000000000000284,719,1,1,2024-01-14,30.63,119.87,xhs-search
92.5,-2.5749999999999997,1.0750000000000002,0,0.5,0,0.5,6.9,1028.525,0,0.1,0,0,0,0,0,4.783333333333333,77,81.4,11.099999999999994,1817,1,1,2024-01-07,28.91,118.06,xhs-search
87.75,4.699999999999999,1.9999999999999998,0,0.5,85.75,85.75,0.875,1025.9,0,0.7999999999999999,0,0,100,100,0,1.916666666666666,349,83.4,4.349999999999994,2507,10,1,2025-10-27,32.53,106.68,xhs-search
93.5,5.75,0.9749999999999996,3,100,100,100,2.45,1021.325,0.1,0.1,6.9,0,99.6,99.8,10.4,1.1000000000000005,3,89.6,3.9000000000000057,2507,10,1,2025-10-29,32.53,106.68,xhs-search
99.75,3.925,0.050000000000000044,99.75,0,0.25,99.75,3.625,1023.125,6.9,7.000000000000001,0,0,27,97,95.4,1.783333333333334,342,99.8,-0.04999999999999716,2507,10,1,2025-10-30,32.53,106.68,xhs-search
58.25,2.45,7.5,0,0,0,0,0.7999999999999999,1017.575,0,0,0,0,0,0,0,-1.6653345369377348e-16,333,68,-9.75,2507,11,1,2025-11-29,32.53,106.68,xhs-search
98.5,8.85,0.19999999999999973,98,1,0,98,2.45,1013.0250000000001,12.399999999999999,17.299999999999997,3.4,0,0,97.4,96.8,1.1000000000000014,48,99,-0.5,1729,4,1,2026-04-14,31.13,115.78,xhs-search
97,7.625,0.5,72.5,0,0,72.5,6.2,1009.875,6.4,10.699999999999998,0,0,0,33.2,33.2,1.0999999999999988,320,98,-1,1729,4,1,2026-04-04,31.13,115.78,xhs-search
58,2.275,7.4750000000000005,0,5.75,94.25,94.25,2.9000000000000004,1028.05,0,6.299999999999999,0,0,79.6,79.6,0,1.8166666666666669,6,68.6,-10.599999999999994,1729,3,1,2026-03-13,31.13,115.78,xhs-search
84.25,-3.7500000000000004,2.3,0,11.75,19.75,24.75,5.8500000000000005,1028.85,0,6.899999999999998,0,0,15.2,18.8,1.6,2.5333333333333328,332,95.6,-11.349999999999994,1729,2,1,2026-02-18,31.13,115.78,xhs-search
76.75,0.95,3.75,99.25,90.75,0,100,22.35,1035.575,0,0,3.5999999999999996,0,0,99,65.8,4.633333333333333,38,90,-13.25,1729,11,1,2025-11-17,31.13,115.78,xhs-search
62.5,8.6,6.775,0,0,0,0,3.4250000000000003,1024.7,0,0,0,0,0,16.8,0,2.2333333333333325,324,76.8,-14.299999999999997,1729,11,1,2025-11-16,31.13,115.78,xhs-search
84.5,18.55,2.6500000000000004,0.5,0,41.5,42,4.825,1015.5,1.1,5.399999999999998,0,1,2.4,5.8,3.4,0.9166666666666679,254,91.4,-6.900000000000006,1729,10,1,2025-10-05,31.13,115.78,xhs-search
91.5,-6.05,1.1500000000000001,69,83.25,67.25,84.5,4.25,1018.875,14.100000000000001,21.000000000000004,0,0,99.4,100,96.4,3.1,274,95.4,-3.9000000000000057,3500,4,0,2026-04-23,28.45,98.67,xhs
23.5,7.449999999999999,19.599999999999998,0,0,0,0,9.775,1020.4000000000001,3,3,0,1,0,0,0,4.950000000000001,308,19.4,4.100000000000001,1291,4,0,2026-04-20,39.97,116.06,xhs
99.5,16.625,0.09999999999999964,100,4,99.5,100,3.0500000000000003,1013.1,11.900000000000002,12.300000000000002,0.1,0,91.4,100,83.8,2,251,100,-0.5,1530,4,0,2026-04-17,30.02,119.43,xhs
56,0.025000000000000022,7.8,0,0,89.75,89.75,3.5,1023.05,0,0,0,0,72.2,72.2,0,-0.21666666666666656,273,52.6,3.3999999999999986,1000,12,0,2025-12-28,30,119,xhs
96.5,17.4,0.6000000000000005,100,97.5,0.5,100,5.074999999999999,1019.125,0.8,13.699999999999998,11.8,0,0.2,86.8,82.8,-0.41666666666666785,360,92.6,3.9000000000000057,1200,11,0,2025-11-08,30,118,xhs
95.75,16.775,0.6750000000000007,73.5,2.75,0,73.75,9.7,1016.4000000000001,2.9000000000000004,7.4999999999999964,0,0,0,94,93.8,1,52,97.6,-1.8499999999999943,1000,9,0,2025-09-22,30,119,xhs
96.75,22.875,0.5999999999999988,71.75,0,0,71.75,4.775,1011.7,0.1,0.1,0.6,0,0,50.2,50.2,1.8999999999999986,313,97.4,-0.6500000000000057,1291,8,0,2025-08-17,39.97,116.06,xhs
80.75,18.1,3.5249999999999995,0,70.75,93.25,97.75,12.075000000000001,994.575,33.800000000000004,34,2.3000000000000003,0,39,49.2,4.2,2.799999999999997,296,93,-12.25,1291,6,0,2025-06-15,39.97,116.06,xhs
22.75,-3.35,18.3,0,0,0,0,3.5250000000000004,1032.575,0,0,0,0,0,0,0,1.9833333333333332,259,25.2,-2.4499999999999993,1291,12,0,2024-12-08,39.97,116.06,xhs-search
45,0.7249999999999999,10.725000000000001,0,0,40.75,40.75,6.775,1017.7499999999999,0,0,0,0,3.2,3.2,0,1.5166666666666666,174,45,0,1545,11,0,2024-11-30,36.25,117.1,xhs-search
89.75,20.2,1.7249999999999996,10.5,83.25,23.5,86.75,8.774999999999999,1018.575,13.599999999999998,13.899999999999999,5.3,0,48.6,70.8,15.2,2.183333333333337,70,91.4,-1.6500000000000057,1918,10,0,2024-10-19,27.51,114.15,xhs-search
96.75,13.5,0.49999999999999956,3.5,0,0,3.5,4.675000000000001,1014.75,13.9,15.2,0,1,0,4.6,4.6,2.1333333333333364,135,97.2,-0.45000000000000284,1864,9,0,2024-09-28,30.13,118.17,xhs-search
90.75,20.15,1.625,0,0,63,63,6.025,1010.1500000000001,0,0.1,2.3000000000000003,0,37.4,38.6,0,3.7333333333333307,135,87.2,3.549999999999997,1545,8,0,2024-08-25,36.25,117.1,xhs-search
92.5,18,1.2249999999999996,14.25,100,89.75,100,6.3999999999999995,1008,6.800000000000001,9.700000000000001,9.1,0,85.4,100,11.6,1.3333333333333321,187,93.2,-0.7000000000000028,1864,7,0,2024-07-14,30.13,118.17,xhs-search
76.5,26,4.475,0,0,40.75,40.75,8.175,1006.9250000000001,0,0,0,0,68,68,0,2.966666666666665,170,78.8,-2.299999999999997,1918,7,0,2024-07-07,27.51,114.15,xhs-search
53.5,18.2,9.575,0,0,0,0,5.05,1007.925,0,0,0,0,19.8,19.8,0,7.25,300,53.6,-0.10000000000000142,1291,6,0,2024-06-16,39.97,116.06,xhs-search
91,9.05,1.375,89.25,98.25,32.75,99.5,12.7,1010.8,15.3,35.6,11.2,0,68.8,100,40,0.7500000000000018,101,90.8,0.20000000000000284,1817,6,0,2024-06-02,28.91,118.06,xhs-search
91,14.200000000000001,1.4499999999999997,29.5,32.25,100,100,6.525,1005.55,0.1,0.2,7.4,0,100,100,29.2,4.233333333333334,180,87,4,1545,5,0,2024-05-26,36.25,117.1,xhs-search
58.75,11.450000000000001,9.075,0,0,0,0,15.2,1010.075,0.8,0.8,1.6,0,11.8,37.2,33.8,4.349999999999998,310,93.2,-34.45,1291,4,0,2024-04-15,39.97,116.06,xhs-search
64,6.675,6.275,0,0,0,0,4.575,1027.45,0,8.6,0,0,0.2,1,0,1.333333333333333,99,56.2,7.799999999999997,1474,3,0,2024-03-20,29.56,115.97,xhs-search
95.5,1.025,0.625,99,99.75,100,100,5.550000000000001,1024.4,2.6000000000000005,13.499999999999995,23.099999999999998,0,68.8,100,99.8,0.3833333333333333,106,96.4,-0.9000000000000057,1918,2,0,2024-02-04,27.51,114.15,xhs-search
36,-10.975000000000001,12.2,0,0,0,0,4.225,1035.775,0.2,0.2,0,0,0,0,0,2.2333333333333325,117,59.2,-23.200000000000003,1545,1,0,2024-01-15,36.25,117.1,xhs-search
90.75,20.875,1.5500000000000007,8.75,2,25.75,34.75,2.9749999999999996,1011.1750000000001,10.9,32.6,5.5,1,7.6,26.8,16.4,1.9333333333333336,131,90,0.75,1918,4,0,2024-04-15,27.51,114.15,control-day
99.25,16.675,0.1750000000000007,100,4.75,69,100,2.2750000000000004,1011.2750000000001,3.2,14.799999999999997,15.799999999999999,0,5.8,96.6,91.4,1.1666666666666679,17,98.2,1.0499999999999972,1918,4,0,2026-04-15,27.51,114.15,control-day
96.75,15.350000000000001,0.49999999999999956,96.75,90.75,100,100,5.95,1003.775,3.6,8.899999999999997,16.600000000000005,0,84.6,100,100,1.56666666666667,27,95.4,1.3499999999999943,1262,4,0,2024-04-19,29.32,110.43,control-day
99.5,13.8,0.10000000000000009,100,99.5,83.25,100,4.800000000000001,1007.5,5.6,14.500000000000002,6.1000000000000005,0,86.8,100,100,1.0666666666666664,72,98.4,1.0999999999999943,1262,4,0,2026-04-08,29.32,110.43,control-day
35.5,12.274999999999999,14.825,0,0,0,0,6.775,1014.9750000000001,0,0,0,0,0,0,0,5.883333333333335,298,34.2,1.2999999999999972,1291,4,0,2025-04-28,39.97,116.06,control-day
97.75,5.824999999999999,0.375,74.75,0,0,74.75,4.575,1014.8000000000001,6.1,8.6,0,0,0,29.2,29.2,3.716666666666667,315,98,-0.25,1291,4,0,2024-04-11,39.97,116.06,control-day
98.25,15.475,0.2750000000000008,29,92.25,3,93.25,2.075,1013.3,4.2,4.5,9.899999999999997,0,42,87.8,7.8,3.866666666666667,162,97.2,1.0499999999999972,800,4,0,2024-04-12,30.35,120.06,control-day
82.25,16.424999999999997,3.15,0,0,3.5,3.5,5.2749999999999995,1008.2,0.2,0.30000000000000004,0.8,0,0,0,0,6.9499999999999975,178,82.8,-0.5499999999999972,800,4,0,2025-04-11,30.35,120.06,control-day
64.5,4.375,6.1499999999999995,0,0,34.5,34.5,3.8,1023.15,0,0,0,0,67.6,67.6,0,3.1333333333333324,15,66.2,-1.7000000000000028,1545,4,0,2026-04-29,36.25,117.1,control-day
81.25,8.6,3.1,0,87.75,100,100,5.225,1006.4749999999999,0,0,0,0,99.8,100,0,5.983333333333331,16,76.2,5.049999999999997,1545,4,0,2024-04-02,36.25,117.1,control-day
69.25,14.7,5.625,0,0,0,0,7.275,1005.475,0,0,0,0,0,0,0,6.5,136,65.4,3.8499999999999943,680,4,0,2025-04-30,36.05,117.02,control-day
72.75,11.774999999999999,4.75,0,0,0,0,6,1003.5,0,9.799999999999999,0,0,0,0,0,2.0000000000000018,144,57.6,15.149999999999999,680,4,0,2026-04-05,36.05,117.02,control-day
90.5,15.149999999999999,1.5249999999999995,4.5,0,99.75,99.75,5.725,1008.45,0,0,0.6,0,95.2,95.2,0,5.516666666666671,328,93.2,-2.700000000000003,1291,4,0,2024-04-27,39.97,116.06,control-day
75.5,11.425,4.15,11.25,99.25,92.5,100,19.2,1009.6999999999999,7.199999999999999,7.199999999999999,9.799999999999997,0,99.4,100,78.6,6.100000000000001,342,88.4,-12.900000000000006,1291,4,0,2024-04-23,39.97,116.06,control-day
99.75,8.350000000000001,0.050000000000000266,100,3.25,0,100,3.25,1012.25,5.300000000000001,12.599999999999996,5.4,0,0,100,100,0.4666666666666668,24,99.8,-0.04999999999999716,1864,4,0,2026-04-14,30.13,118.17,control-day
99.5,6.425,0.10000000000000009,100,100,15.25,100,4.925,1014.675,11.199999999999998,16.799999999999997,8.2,0,81.2,100,100,0.8499999999999996,349,99.8,-0.29999999999999716,1864,4,0,2024-04-08,30.13,118.17,control-day
98.5,16.625,0.22499999999999964,100,28.5,0.25,100,4.575,1011.9,1.3000000000000003,11.999999999999996,1.4000000000000001,0,3.4,100,100,0.6999999999999993,56,98,0.5,1480,4,0,2026-04-14,29.95,119.47,control-day
93.75,17.349999999999998,0.9999999999999987,64.25,95.75,100,100,12.125,1006.375,0.7,8.799999999999997,59.99999999999999,0,100,100,82.2,3.6666666666666643,46,89.4,4.349999999999994,1480,4,0,2024-04-30,29.95,119.47,control-day
51.5,6.45,9.175,0,31.75,3,34,5.675,1017.125,0,0.1,0,0,0.2,3,0,4.966666666666666,161,45.2,6.299999999999997,1864,4,0,2025-04-07,30.13,118.17,control-day
96.5,8.200000000000001,0.5499999999999998,74.25,12.75,63.5,98.75,5.375,1013.1500000000001,7.599999999999999,13.999999999999996,0,0,26.4,75.4,67.4,2.816666666666668,72,94.6,1.9000000000000057,1864,4,0,2024-04-24,30.13,118.17,control-day
26.25,5,17.9,0,38.25,0,38.25,3.025,1013.8500000000001,0,0,0,0,0,74.4,0,5.016666666666666,231,22,4.25,1291,4,0,2026-04-06,39.97,116.06,control-day
20,8.7,22.1,0,0,0.75,0.75,7.875,1017.925,0,0,0,0,10.8,10.8,0,8.499999999999998,285,19.2,0.8000000000000007,1291,4,0,2025-04-24,39.97,116.06,control-day
98.75,12.225000000000001,0.17499999999999938,100,71,99.75,100,4.375,1008.65,32,32,50.50000000000001,0,99,99.4,47.2,1.5166666666666675,321,97.2,1.5499999999999972,1817,4,0,2025-04-22,28.91,118.06,control-day
73.5,11.825000000000001,4.625,6.5,0,25.25,29.75,2.15,1012.6999999999999,1.6000000000000003,2.6,0.7,1,99.8,100,15.8,1.2666666666666675,222,72.8,0.7000000000000028,1817,4,0,2025-04-09,28.91,118.06,control-day
90,17.525,1.6750000000000007,0.25,53.25,100,100,0.7749999999999999,1010.9000000000001,0.7999999999999999,10.999999999999998,11,0,96.8,96.8,0,3.8499999999999943,207,84.2,5.799999999999997,1530,4,0,2025-04-21,30.02,119.43,control-day
91,12.350000000000001,1.4500000000000006,0,0,0,0,3.3499999999999996,1015.0250000000001,0,0,0,0,0,0,0,5.083333333333334,234,86.6,4.400000000000006,1530,4,0,2026-04-26,30.02,119.43,control-day
28.75,15.700000000000001,18,0,0,24.5,24.5,6.3500000000000005,1006,0,0,0,0,1.4,1.4,0,1.8000000000000007,305,27.2,1.5500000000000007,1291,4,0,2025-04-15,39.97,116.06,control-day
90,9.975000000000001,1.6,23,0,0,23,4.7,1013.425,0,0,0,0,0,1,1,5.333333333333332,315,88,2,1291,4,0,2026-04-23,39.97,116.06,control-day
80.25,7.300000000000001,3.225,0,0,0,0,3.925,1015.2,0.7,2.1000000000000005,0,0,0,0,0,3.2166666666666677,212,78,2.25,1864,4,0,2026-04-26,30.13,118.17,control-day
99.75,5.225,0.02499999999999991,94.75,0,0,94.75,4.175,1009.3749999999999,17.400000000000002,19.700000000000006,0,0,3.8,95.2,95.2,1.9499999999999993,270,100,-0.25,1864,4,0,2026-04-04,30.13,118.17,control-day
84.5,1.375,2.35,99,100,2.25,100,5.8,1016.5,32.2,45.90000000000001,10.200000000000001,0,9.8,100,100,1.0666666666666664,340,93.6,-9.099999999999994,3077,4,0,2024-04-04,29.52,103.33,control-day
97.75,-3.9499999999999993,0.3500000000000004,24.25,99.75,0.25,99.75,2.125,1019.825,0.4,3.0000000000000004,1.2,0,5.2,100,75.4,2.966666666666667,243,99,-1.25,3077,4,0,2025-04-03,29.52,103.33,control-day
93,9.45,1.0499999999999998,1.5,0,1,2.25,7.700000000000001,1005.525,0,5.799999999999999,17.5,0,7,10.6,3.6,1.7833333333333332,185,94.2,-1.2000000000000028,1817,4,0,2026-04-09,28.91,118.06,control-day
100,11.200000000000001,0,92.25,47.25,98.25,100,7.5249999999999995,1009.3,19.3,23.3,31.499999999999996,0,97,100,93,1.2333333333333325,170,100,0,1817,4,0,2024-04-14,28.91,118.06,control-day
91.5,7.700000000000001,1.2749999999999997,100,12,47.25,100,3.425,1007.5000000000001,0.9,1.1,0.2,0,79.4,99.6,96.8,5.700000000000001,61,94.6,-3.0999999999999943,3660,4,0,2024-04-01,29.66,102.35,control-day
97.5,7,0.3500000000000003,59.75,100,95.5,100,4.5,1022,7.4,18.999999999999993,5.1,0,99.8,100,73.4,1.6166666666666663,88,96.4,1.0999999999999943,3660,4,0,2025-04-30,29.66,102.35,control-day
84.75,7.425,2.3499999999999996,100,11.25,0.5,100,3.125,1019.575,0,2.5000000000000004,0,0,18.2,90.8,86.2,5.866666666666668,60,94.8,-10.049999999999997,3660,4,0,2026-04-24,29.66,102.35,control-day
90.5,4.775,1.4250000000000003,100,100,33.25,100,3.7,1022.5250000000001,4.5,5.2,3.3,0,14.2,100,100,5.133333333333333,294,91.4,-0.9000000000000057,3660,4,0,2025-04-24,29.66,102.35,control-day
55,4.65,8.3,0,91.75,100,100,1.975,1018.5500000000001,0,21.1,0,0,99.8,99.8,0,2.4833333333333334,108,64.8,-9.799999999999997,3077,4,0,2025-04-14,29.52,103.33,control-day
98.25,5.85,0.19999999999999996,95.5,5,35.75,97.5,4.875,1005.95,5.4,7.600000000000001,18.7,0,44.2,96.4,92,1.75,357,98.2,0.04999999999999716,3077,4,0,2024-04-29,29.52,103.33,control-day
94.25,11.650000000000002,0.8999999999999995,64.75,14,7.5,71,2.325,1014.0999999999999,0.6,0.6,5.8,0,28.2,98,87.4,4.08333333333333,90,92.8,1.4500000000000028,3660,4,0,2025-04-19,29.66,102.35,control-day
85.5,7.3999999999999995,2.25,100,79.75,83,100,2.875,1021.7,2.2,3.6000000000000005,2,0,28.8,100,100,3.200000000000001,56,92.6,-7.099999999999994,3660,4,0,2025-04-27,29.66,102.35,control-day
99.5,-0.25,0.049999999999999996,100,1.75,4,100,5.825,1022.05,12.5,24.2,0.9,0,0,100,100,0.4,43,99.8,-0.29999999999999716,1864,3,0,2026-03-19,30.13,118.17,control-day
74.25,10.675,4.375,44.75,1,17.75,55.25,10.25,1009.5999999999999,0.1,0.2,3,0,2,12.8,11.2,1.9333333333333336,168,79.2,-4.950000000000003,1864,3,0,2025-03-02,30.13,118.17,control-day
87.25,8.175,1.9750000000000003,11.75,6.5,34.75,43.25,4.75,1002.875,0,0.6,0,0,0.4,15.4,14.8,6.9833333333333325,81,92.4,-5.150000000000006,3660,3,0,2024-03-22,29.66,102.35,control-day
66.5,3,5.725,0,0,0,0,2.55,1013.2249999999999,0.1,3.3000000000000007,0,0,0,0,0,10.466666666666665,70,67,-0.5,3660,3,0,2025-03-25,29.66,102.35,control-day
98.25,-5.050000000000001,0.2500000000000002,100,32,44.5,100,3.3499999999999996,1018.15,5.1,5.199999999999999,3.6000000000000005,0,98.6,100,100,1.1333333333333333,118,97.2,1.0499999999999972,3077,3,0,2025-03-03,29.52,103.33,control-day
98.75,-1.25,0.19999999999999996,98.75,8.25,20.25,98.75,2.675,1022.275,0,14.7,0.7000000000000001,0,0.6,100,100,1.45,247,99.6,-0.8499999999999943,3077,3,0,2026-03-11,29.52,103.33,control-day
96.5,-5.85,0.44999999999999973,100,24.25,37.75,100,5.25,1011.175,0,0,0.7999999999999999,0,44.4,100,100,3.9000000000000012,11,97,-0.5,2100,3,0,2024-03-04,34.73,104.63,control-day
65.75,-0.4999999999999998,5.65,0,0,0,0,5.949999999999999,1018.4999999999999,0,0,0,0,0,0,0,7.883333333333333,264,71.4,-5.650000000000006,2100,3,0,2026-03-11,34.73,104.63,control-day
77.25,-0.5750000000000001,3.525,0,7.25,0,7.25,5.075,1020.125,0,1.4,0,0,28.6,72,0,2.35,153,78.8,-1.5499999999999972,1545,3,0,2026-03-20,36.25,117.1,control-day
42.25,-6,10.775,3.25,24,84.5,87.5,10.850000000000001,1024.65,0.30000000000000004,0.4,0,0,99.6,99.8,7.6,2.4666666666666672,50,53.2,-10.950000000000003,1545,3,0,2024-03-06,36.25,117.1,control-day
19.75,-15.924999999999999,18,0,0,1,1,10.4,1039.9499999999998,0,0,0,0,6.8,6.8,0,1.5999999999999996,7,13.8,5.949999999999999,1545,2,0,2025-02-08,36.25,117.1,control-day
76.25,-11.4,3.3249999999999997,0,76.75,99.75,100,3.2250000000000005,1033.0249999999999,0,0,0.6,0,20.8,61.4,0,4.116666666666665,90,83,-6.75,1545,2,0,2024-02-24,36.25,117.1,control-day
77.25,-10.425,3.25,100,10.25,0,100,5.925000000000001,1027.4,1.8,4.400000000000001,1.3000000000000003,0,0,99.8,99.8,0.15000000000000036,83,83,-5.75,3077,2,0,2024-02-25,29.52,103.33,control-day
97.5,-3.4250000000000003,0.32499999999999996,23.5,94.75,14,96,2.2750000000000004,1019.2750000000001,11.3,12.799999999999999,2.1,0,18,100,78,2.433333333333333,229,99.2,-1.7000000000000028,3077,2,0,2026-02-24,29.52,103.33,control-day
97.25,-7.925000000000001,0.3750000000000009,100,0,24.25,100,3.675,1028.4499999999998,23.5,35.5,0.8,0,0,99.8,99.8,2.3666666666666663,236,98.2,-0.9500000000000028,1817,2,0,2024-02-05,28.91,118.06,control-day
98,-5.074999999999999,0.25,90.25,72.75,38.5,100,7.625,1026,52.6,53,24.799999999999997,0,72,100,100,4.95,39,97.8,0.20000000000000284,1817,2,0,2024-02-22,28.91,118.06,control-day
76.75,0.525,3.675,99,18.5,2.25,99,6.699999999999999,1029.75,0.5,0.6000000000000001,0.5,0,0,100,100,0.85,91,83.2,-6.450000000000003,3660,2,0,2026-02-02,29.66,102.35,control-day
92.25,1.9,1.1,97.5,18,26,98.25,3.075,1024.65,0.4,1.6000000000000003,0.2,0,88.8,100,87.8,3.916666666666666,90,92.4,-0.15000000000000568,3660,2,0,2026-02-20,29.66,102.35,control-day
95.25,10.025,0.6999999999999997,2.75,92.75,96.75,99.75,4.074999999999999,1023.1500000000001,0,0,0,0,13.8,64.8,8.8,5.466666666666667,325,89.6,5.650000000000006,1291,10,0,2024-10-26,39.97,116.06,control-day
77.5,3.1500000000000004,3.525,0,0,0,0,2.375,1021.225,2.5999999999999996,2.5999999999999996,0,1,0,0,0,3.5500000000000007,265,73.8,3.700000000000003,1291,10,0,2024-10-23,39.97,116.06,control-day
83.5,15.475000000000001,2.775,0,57,100,100,6.325,1015.0749999999999,0,0,2,0,95.6,100,0,2.6666666666666643,123,82.4,1.0999999999999943,1545,9,0,2025-09-11,36.25,117.1,control-day
96.5,14.675,0.6499999999999999,63,100,100,100,4,1016.25,0,0,12.2,0,99.8,99.8,12.6,3.5333333333333368,146,90.8,5.700000000000003,1545,9,0,2024-09-30,36.25,117.1,control-day
88.25,14.075,1.9249999999999998,0.5,0,0,0.5,6.775,1014.4000000000001,77.5,86.7,0,1,0,12.2,12.2,1.666666666666666,332,87.2,1.0499999999999972,2240,8,0,2024-08-27,39.97,115.5,control-day
98.75,16.625,0.17499999999999982,78.5,100,99.5,100,4.475,1011.8499999999999,1.6,1.6,52.1,0,100,100,10.2,2.2666666666666693,133,97.4,1.3499999999999943,2240,8,0,2025-08-27,39.97,115.5,control-day
88.5,14.600000000000001,1.8749999999999996,0,0,0,0,8.899999999999999,1010.75,3.4000000000000004,63.80000000000001,0,1,0,0,0,2.4166666666666696,69,82.8,5.700000000000003,1545,8,0,2024-08-28,36.25,117.1,control-day
99,19,0.14999999999999947,100,19.25,100,100,8.725,1008.975,0.1,0.1,6.499999999999999,0,100,100,94.6,1.4000000000000021,201,98.2,0.7999999999999972,1545,8,0,2025-08-28,36.25,117.1,control-day
97.5,18.175,0.39999999999999947,2.5,24,19,36.75,2.25,1009.925,1.3,4.8,2.1000000000000005,1,55.6,65,0.6,2.1999999999999993,340,96.4,1.0999999999999943,2303,7,0,2026-07-26,39.97,115.46,control-day
99,19.575,0.12499999999999911,100,0,18.25,100,5.35,1009.225,3.5,32.300000000000004,0.4,0,0.2,100,100,1.9333333333333336,228,99.2,-0.20000000000000284,2303,7,0,2024-07-27,39.97,115.46,control-day
71.75,10.35,4.85,0,0,0,0,15.25,1021.125,0,0,0,0,0,0,0,2.5666666666666664,184,61,10.75,285,3,0,2026-03-21,36.64,117.05,control-day
67.5,9.3,5.699999999999999,78.25,100,43.5,100,4.65,1027.5,0,0,6.000000000000001,0,97.6,100,54.8,2.9333333333333336,86,54.8,12.700000000000003,285,3,0,2026-03-14,36.64,117.05,control-day
78.5,-3.025,3.225,1.5,53,0,53.25,7.5,1026.5500000000002,4.8,10.700000000000001,0.1,1,0,67,0,0.7999999999999998,160,80.4,-1.9000000000000057,1864,12,0,2025-12-22,30.13,118.17,control-day
84.75,-0.075,2.2249999999999996,96,98.75,1.25,99.75,3.4749999999999996,1022.7249999999999,0.2,0.2,4.8,0,0,100,100,0.48333333333333334,66,88,-3.25,1864,12,0,2024-12-10,30.13,118.17,control-day
96.75,-9.274999999999999,0.4249999999999998,100,42.25,0,100,3.25,1026.475,0.7999999999999999,1.9000000000000006,3.1000000000000014,0,1,100,100,0.1000000000000032,42,98,-1.25,3077,12,0,2024-12-12,29.52,103.33,control-day
95.75,-6.4,0.5750000000000004,57.5,0,0,57.5,2.4,1020.975,0.5,0.8999999999999999,0,0,0.2,60.2,59.4,1.4999999999999991,205,96.4,-0.6500000000000057,3077,12,0,2025-12-28,29.52,103.33,control-day
70,3.75,4.95,100,99.25,0,100,8.95,1021.825,4.1,6.499999999999999,3.100000000000001,0,0,100,100,1.8999999999999995,86,84.2,-14.200000000000003,3660,12,0,2024-12-05,29.66,102.35,control-day
78,0.275,3.4,100,4.75,0,100,8.424999999999999,1022.125,0,0,0.1,0,0,100,100,1.2166666666666668,86,79,-1,3660,12,0,2024-12-20,29.66,102.35,control-day
71.75,6.7,4.825,0,18.75,73.25,83.5,1.15,1023.125,0,1.2,0,0,71.2,100,0,1.0333333333333332,225,78.6,-6.849999999999994,1817,11,0,2025-11-02,28.91,118.06,control-day
49,0.3000000000000001,9.450000000000001,0,0,0,0,5.175,1027.35,0,0,0,0,0,14.6,0,2.983333333333333,337,53.6,-4.600000000000001,1817,11,0,2025-11-27,28.91,118.06,control-day
44.75,0.2750000000000001,10.674999999999999,0,0,0,0,12.575,1028.8,0,0,0,0,0,26.8,0,0.7500000000000002,332,42.4,2.3500000000000014,1864,11,0,2025-11-27,30.13,118.17,control-day
99.5,4.95,0.050000000000000044,100,2,75.75,100,11.375,1029.6499999999999,0,0,6.199999999999999,0,79.6,82.8,26.4,3.7333333333333334,28,86,13.5,1864,11,0,2025-11-17,30.13,118.17,control-day
70,13.775,5.45,0,0,0,0,3.575,1021.5999999999999,0,0.30000000000000004,0,0,0,0,0,2.2333333333333325,128,77.6,-7.599999999999994,1918,11,0,2024-11-03,27.51,114.15,control-day
44.5,11.224999999999998,11.7,0,18,0,18,2,1023.3,0,0,0,0,0,0.8,0,1.8500000000000014,174,55.2,-10.700000000000003,1918,11,0,2025-11-24,27.51,114.15,control-day
38.5,-2.325,12.225000000000001,0,0,0,0,16.625,1017.9000000000001,0,0.2,0,0,0,0,0,-0.4166666666666661,156,34.8,3.700000000000003,1545,11,0,2025-11-28,36.25,117.1,control-day
54,-1.6500000000000001,8.1,0,0,49.75,49.75,3.125,1027.1499999999999,0,0,0,0,0.2,0.2,0,1.9166666666666665,332,56.6,-2.6000000000000014,1545,11,0,2025-11-20,36.25,117.1,control-day
85.5,5.675,2.3,3.5,0,0,3.5,11.15,1028.15,0,0.1,0,0,0,0,0,1.6166666666666663,59,77.8,7.700000000000003,1474,10,0,2025-10-24,29.56,115.97,control-day
98.25,15.000000000000002,0.2750000000000008,91.5,35.75,20,98.75,8.025,1018.6750000000001,1.1,1.3,0,0,86.2,94.4,82.8,1.4166666666666643,48,99.4,-1.1500000000000057,1474,10,0,2025-10-16,29.56,115.97,control-day
93.75,10.575,0.9750000000000001,97.25,52,5.25,98,2.8000000000000003,1022.2750000000001,0,0.5,2.8000000000000003,0,0,99.6,99.6,2.7166666666666686,87,93.6,0.15000000000000568,3660,10,0,2024-10-09,29.66,102.35,control-day
87,10.85,2.125,100,100,7,100,3.325,1022.475,1.5,8.999999999999998,4.3,0,22.6,100,100,1.9833333333333307,66,87.8,-0.7999999999999972,3660,10,0,2024-10-26,29.66,102.35,control-day
98.5,6.675,0.22499999999999964,100,41.75,35.5,100,10.7,1022.625,5.1,7.800000000000001,2.3000000000000003,0,66,100,100,1.2666666666666666,28,99.2,-0.7000000000000028,1864,10,0,2024-10-08,30.13,118.17,control-day
100,9.775,0,100,57.25,23.75,100,14.425,1016.3000000000001,2,2,11.899999999999999,0,18.6,100,100,5.983333333333334,358,99.6,0.4000000000000057,1864,10,0,2024-10-01,30.13,118.17,control-day
81.25,6.7749999999999995,3,93.25,71.25,0,94.75,2.65,1021.775,0,0,0.2,0,0,46.8,45.2,1.8500000000000005,33,80.8,0.45000000000000284,1817,10,0,2025-10-26,28.91,118.06,control-day
96.75,12.325,0.5500000000000003,7,97.5,98.25,100,3.175,1016.6,1.0999999999999999,1.7,10.899999999999999,0,98.2,98.6,3.2,3.383333333333333,63,88,8.75,1817,10,0,2024-10-15,28.91,118.06,control-day
97.5,4.175,0.4,100,98,0.25,100,5.75,1020.925,8.5,10.200000000000001,13.700000000000003,0,45.4,100,100,0.6666666666666661,343,99.4,-1.9000000000000057,3077,10,0,2024-10-19,29.52,103.33,control-day
99.25,3.625,0.10000000000000009,100,81.5,0,100,3.6499999999999995,1019.6500000000001,9.299999999999997,11.2,10.000000000000002,0,9.4,100,100,0.5,22,99,0.25,3077,10,0,2024-10-25,29.52,103.33,control-day
69,18.125,5.824999999999999,0,90.25,0,90.25,3.8000000000000003,1016.425,0,3.8,0,0,1.6,32,0,3.6833333333333336,311,75,-6,1291,9,0,2024-09-06,39.97,116.06,control-day
70,15.5,5.449999999999999,0,63.25,100,100,1.35,1018.175,0,0,0,0,100,100,0,3.6833333333333336,306,73.2,-3.200000000000003,1291,9,0,2025-09-19,39.97,116.06,control-day
99.5,21.699999999999996,0.09999999999999964,100,100,71.75,100,8.025,1008.625,4.599999999999999,4.699999999999998,17.2,0,57.4,99.4,98.6,0.7333333333333343,43,98,1.5,1918,9,0,2025-09-24,27.51,114.15,control-day
82.5,25.375,3.1750000000000007,7.5,9.75,5,16.75,5.275,1009.225,0,1.7,0.7000000000000001,0,6.6,10,3,2.43333333333333,108,85.6,-3.0999999999999943,1918,9,0,2024-09-18,27.51,114.15,control-day
99,10.725,0.12499999999999956,100,26.75,100,100,1.25,1013.75,11.200000000000001,13.499999999999998,8.600000000000001,0,100,100,100,0.8166666666666664,11,100,-1,3866,9,0,2025-09-11,30.1,102.47,control-day
100,9.6,0,100,91.5,56,100,1.5499999999999998,1017.3,6.600000000000001,21.600000000000005,5.499999999999998,0,98,99.8,67,0.5999999999999996,252,100,0,3866,9,0,2025-09-19,30.1,102.47,control-day
93.75,9.1,0.925,1.5,100,100,100,5.824999999999999,1019,3.7,23.5,31.9,0,100,100,0,2.383333333333331,83,95.2,-1.4500000000000028,1545,9,0,2025-09-19,36.25,117.1,control-day
98.25,15.474999999999998,0.27499999999999947,95.5,99.75,89.25,100,10.7,1010.4,17.2,17.2,0.7,0,89.6,100,99.4,2.3499999999999996,2,98.4,-0.15000000000000568,1545,9,0,2025-09-06,36.25,117.1,control-day
86.5,19.1,2.374999999999999,0,97,77.75,99.25,4.125,1011.125,0,9.200000000000001,6,0,98.6,100,0.8,3.2333333333333307,353,82,4.5,2240,8,0,2025-08-23,39.97,115.5,control-day
76.75,20.025,4.2,0.5,4,41.5,42.75,2.375,1009.4749999999999,0,1.3,3.1,0,22,27.6,0.4,3.166666666666668,302,80.2,-3.450000000000003,2240,8,0,2024-08-23,39.97,115.5,control-day
99,13.95,0.17499999999999982,0.5,0.75,23.75,24.5,3.7249999999999996,1008.4,8.799999999999997,13.899999999999997,1.3,1,24.4,30.6,8.2,3.6500000000000004,326,100,-1,2303,8,0,2024-08-21,39.97,115.46,control-day
95.5,12.3,0.6750000000000003,0,8.5,22.25,30.5,5.75,1013.225,6,6,0,1,83,83,0,2.5166666666666657,337,97.2,-1.7000000000000028,2303,8,0,2025-08-24,39.97,115.46,control-day
67.75,7.05,5.6,4.5,3.25,10,16.25,3.825,1016.3249999999999,0.1,4.6,4.8,0,20,42,2,2.416666666666666,148,72,-4.25,1864,5,0,2024-05-03,30.13,118.17,control-day
70.75,5.625,5.075,0,0,4.25,4.25,7.2,1020.45,0,0,0,0,8.4,8.4,0,5.250000000000002,145,81.4,-10.650000000000006,1864,5,0,2024-05-16,30.13,118.17,control-day
74.25,15.6,4.550000000000001,12,1.25,0,12,4.125,1014.5,0.6,4.2,0,0,0,9,3.8,3.033333333333335,146,74.4,-0.15000000000000568,1918,5,0,2026-05-05,27.51,114.15,control-day
98.75,18.450000000000003,0.1750000000000016,55.5,19,99.5,99.75,9.075,1008.6000000000001,50.1,59.2,1.3000000000000003,0,100,100,89.6,2.400000000000002,239,99.6,-0.8499999999999943,1918,5,0,2025-05-09,27.51,114.15,control-day
80.5,8.675,3.175,74,97.5,89.25,99.75,4.05,1014.125,60.79999999999999,70.69999999999997,0,0,97,100,98.2,2.0999999999999996,302,87,-6.5,1817,5,0,2025-05-24,28.91,118.06,control-day
99.25,15.175,0.125,99.75,6,74.75,99.75,3.5250000000000004,1010.325,6.800000000000001,17.099999999999998,1.4000000000000001,0,81,94,65.8,2.1833333333333336,293,99.8,-0.5499999999999972,1817,5,0,2026-05-28,28.91,118.06,control-day
93,8.274999999999999,1.0499999999999998,99.5,100,2,100,2.3499999999999996,1014.325,11,14.899999999999999,4.200000000000001,0,51.4,99.8,95,3.083333333333334,337,93.8,-0.7999999999999972,3660,4,0,2026-04-13,29.66,102.35,control-day
80.5,6.35,3.1999999999999997,97.75,3.5,20.25,97.75,4.075,1018.6499999999999,0,9.099999999999996,0,0,49,100,100,3.8499999999999996,71,89.8,-9.299999999999997,3660,4,0,2025-04-07,29.66,102.35,control-day
91,-2.575,1.25,100,100,0,100,1.9,1018.4250000000001,18.4,25.800000000000004,2.3000000000000003,0,0,99.8,32,1.5499999999999998,247,91.8,-0.7999999999999972,3077,4,0,2025-04-06,29.52,103.33,control-day
83.5,1.625,2.6,38.5,100,2.5,100,0.825,1017.325,1.2000000000000002,2.500000000000001,12.699999999999998,0,34.8,100,35.8,1.6833333333333336,130,77,6.5,3077,4,0,2025-04-25,29.52,103.33,control-day
85.5,6.6499999999999995,2.3,10,93.5,47,100,10,1017.7750000000001,21.5,24,0.30000000000000004,0,1.6,68,8,1.7166666666666668,62,85.4,0.09999999999999432,1474,4,0,2024-04-05,29.56,115.97,control-day
96.75,11.625,0.5000000000000004,7.75,21.75,2.25,24.75,2.9000000000000004,1011.7750000000001,5.9,32.400000000000006,0.1,1,41,93,72,1.450000000000001,326,97,-0.25,1474,4,0,2025-04-23,29.56,115.97,control-day
64,2.95,6.175,0,4,35,37.25,2.975,1013.975,8.399999999999999,12.299999999999999,0.7,1,18.2,28,10,2.2333333333333343,324,79.2,-15.200000000000003,3866,4,0,2024-04-12,30.1,102.47,control-day
98,2.625,0.29999999999999993,100,98.25,99.5,100,1.95,1018.65,13.600000000000001,14.3,15.3,0,100,100,100,0.6000000000000001,355,96.8,1.2000000000000028,3866,4,0,2025-04-29,30.1,102.47,control-day
54.75,1.5999999999999999,8.125,0,0,3,3,5.225,1024.225,0,0.2,0,0,0.4,0.4,0,3.0833333333333335,161,54.6,0.14999999999999858,1864,3,0,2026-03-14,30.13,118.17,control-day
88.25,0.024999999999999967,1.75,3,95.5,22.5,96.5,6.75,1021.8,10.699999999999998,11.899999999999997,8.299999999999999,0,30.4,99.8,2.6,2.4499999999999997,147,92.8,-4.549999999999997,1864,3,0,2024-03-18,30.13,118.17,control-day
29.75,0.425,15.65,0,42.75,96.75,99.75,18.925,1027.0249999999999,1.3,1.3,0,0,90.8,99.6,0,6.05,41,29,0.75,1545,3,0,2024-03-17,36.25,117.1,control-day
85.5,1.5750000000000002,2.1750000000000003,17.5,0,0,17.5,10.125,1017.5999999999999,0,0,0,0,0,10.6,8,2.6666666666666665,145,81,4.5,1545,3,0,2025-03-11,36.25,117.1,control-day
74.25,-1.8750000000000002,4.025,100,60.25,58,100,8.675,1029.925,0.8999999999999999,1.9000000000000006,1,0,22.6,100,100,2.2666666666666666,79,75,-0.75,3660,3,0,2024-03-01,29.66,102.35,control-day
75.25,4.975,4.025,85.5,18,0.25,85.5,2.2,1022.65,0,0.1,0.5,0,68.8,95.4,76.4,7.15,56,77.4,-2.1500000000000057,3660,3,0,2026-03-12,29.66,102.35,control-day
97,-4.475,0.4249999999999998,100,26,4.25,100,2.3000000000000003,1018.8,2,4.8,2.500000000000001,0,5.6,100,100,0.7166666666666655,208,98.8,-1.7999999999999972,3077,3,0,2025-03-13,29.52,103.33,control-day
99.75,-0.7999999999999999,0.024999999999999994,100,100,37.25,100,5.225,1015.85,5.8,10.7,7.5,0,10.8,100,100,0.7666666666666666,103,99.8,-0.04999999999999716,3077,3,0,2026-03-25,29.52,103.33,control-day
93.5,6.575000000000001,0.9750000000000001,19.5,100,100,100,2.8499999999999996,1010.8000000000001,1.6,3.8000000000000007,16,0,100,100,3.4,1.8500000000000014,90,89,4.5,2507,3,0,2026-03-29,32.53,106.68,control-day
75.5,-0.7999999999999999,3.85,0,96.75,100,100,2.1,1024.55,0.30000000000000004,0.5,0,0,99.8,99.8,0,3.283333333333333,343,85.6,-10.099999999999994,2507,3,0,2025-03-31,32.53,106.68,control-day
54,-7.15,7.75,0,5,0,5,3.175,1025.4,0,0.2,0,0,0,10.6,0,3.466666666666667,86,56.8,-2.799999999999997,1864,2,0,2025-02-06,30.13,118.17,control-day
94.5,2.8,0.8000000000000002,55.75,99.5,82.5,100,1.875,1018.075,0.7,0.7,8.599999999999998,0,59.4,100,100,1.3666666666666663,189,92.2,2.299999999999997,1864,2,0,2026-02-05,30.13,118.17,control-day
99.5,4.95,0.04999999999999982,100,100,100,100,2.3,1014.375,4.9,5.8,15.7,0,100,100,87.2,0.5666666666666664,36,98,1.5,1729,2,0,2026-02-26,31.13,115.78,control-day
91,-6.825,1.2749999999999997,83.75,100,99.5,100,9.625,1027.025,15.000000000000002,29.099999999999998,15.8,0,99.8,100,93.6,0.15000000000000036,50,94.2,-3.200000000000003,1729,2,0,2024-02-04,31.13,115.78,control-day
78.25,1.2,3.4000000000000004,0,0,99.5,99.5,3.0250000000000004,1029.025,0.4,0.9,0,0,99.8,99.8,4.4,1.616666666666667,94,76.2,2.049999999999997,900,2,0,2025-02-26,29.77,121.07,control-day
65.25,5.6499999999999995,6.05,7.5,34.25,0,36.5,11.575,1022.25,0,0,0,0,0,78.8,1,-0.9333333333333333,177,66.4,-1.1500000000000057,900,2,0,2026-02-04,29.77,121.07,control-day
78,0.45,3.45,88,0,0,88,8.350000000000001,1017.8249999999999,0,0,0,0,0,35,35,1.666666666666667,70,75.2,2.799999999999997,3660,1,0,2026-01-25,29.66,102.35,control-day
82.75,-2.1999999999999997,2.525,100,91.25,76.25,100,6.300000000000001,1028.85,4.3,4.599999999999998,2.500000000000001,0,4.4,100,100,1.7666666666666664,62,84.6,-1.8499999999999943,3660,1,0,2025-01-08,29.66,102.35,control-day
90,-5.95,1.525,27,0.75,0,27,7.2,1021.15,0,0.1,0,0,0,100,100,0.4500000000000002,294,93.6,-3.5999999999999943,3077,1,0,2026-01-14,29.52,103.33,control-day
97.25,-5.45,0.3999999999999999,100,10.25,0.5,100,2.225,1017.8,0,0,0.30000000000000004,0,13,100,100,2.416666666666667,236,99.4,-2.1500000000000057,3077,1,0,2025-01-21,29.52,103.33,control-day
67.5,5.875,5.625,0,96.5,70.75,97.75,6.725,1019.3499999999999,0,0,7.699999999999999,0,19.2,47.8,0,2.8499999999999996,161,76.2,-8.700000000000003,719,1,0,2025-01-31,30.63,119.87,control-day
69.5,-0.825,4.925,0,0,0,0,8.549999999999999,1032.3,0,0,0,0,8.2,8.2,0,1.6,293,66,3.5,719,1,0,2024-01-28,30.63,119.87,control-day
61,3.9,7.0249999999999995,1.25,4.75,0,4.75,5.85,1015.9499999999999,0,0,0,0,0,1.6,0,2.116666666666666,149,64.8,-3.799999999999997,1817,1,0,2026-01-16,28.91,118.06,control-day
68,-9.6,4.875,12.5,63,0,64.75,3.6750000000000003,1033.3000000000002,2.0000000000000004,7.299999999999998,0.30000000000000004,0,0,94.8,28.6,0.7999999999999989,53,83.2,-15.200000000000003,1817,1,0,2026-01-22,28.91,118.06,control-day
89.75,9.299999999999999,1.5999999999999992,5.25,100,98.75,100,6.1,1023.2249999999999,0,3.0999999999999996,6.499999999999999,0,98.2,100,1,1.7166666666666668,346,88,1.75,2507,10,0,2024-10-26,32.53,106.68,control-day
91.25,8.025,1.3000000000000003,100,100,18.5,100,7.1499999999999995,1020.0250000000001,3.4000000000000004,3.9,7.200000000000001,0,77.2,100,100,0.3500000000000014,24,92.4,-1.1500000000000057,2507,10,0,2024-10-31,32.53,106.68,control-day
99.75,11.975,0.07499999999999973,100,0.5,0,100,3.7,1016.825,0.1,4.3,12.900000000000004,0,0,100,100,0.34999999999999964,143,97.4,2.3499999999999943,2507,10,0,2025-10-16,32.53,106.68,control-day
94.25,7.074999999999999,0.875,82,97,62.5,99.75,9.899999999999999,1025.3249999999998,0.8,19,8.9,0,1.4,95.4,94.8,1.7833333333333332,18,98,-3.75,2507,10,0,2025-10-19,32.53,106.68,control-day
99.25,3.775,0.12499999999999989,100,100,37.75,100,6.325,1027.45,3.0000000000000004,3.3000000000000003,9.599999999999998,0,92.2,100,100,0.8166666666666673,29,99.2,0.04999999999999716,2507,10,0,2025-10-24,32.53,106.68,control-day
97.25,10.55,0.4249999999999998,88.5,83.75,52.75,99.25,10.95,1011.35,19,20.3,0.7999999999999999,0,76,94.2,47.8,1.6500000000000021,15,97.8,-0.5499999999999972,2507,10,0,2025-10-02,32.53,106.68,control-day
95.25,6.7749999999999995,0.75,100,100,0,100,3.0500000000000003,1015.05,7.8999999999999995,13.799999999999999,5.6,0,0,100,100,0.08333333333333304,133,93.2,2.049999999999997,2507,11,0,2025-11-06,32.53,106.68,control-day
87.5,-2.25,1.775,96.5,87,68,100,12.875,1036.3000000000002,4.300000000000001,4.300000000000001,5.300000000000001,0,68.6,100,97.6,4.516666666666667,16,97.4,-9.900000000000006,2507,11,0,2025-11-17,32.53,106.68,control-day
84.5,13.374999999999998,2.575,74.75,97,100,100,3.1750000000000003,1006.125,0,7.000000000000001,31.8,0,100,100,48.4,0.21666666666666679,221,77.8,6.700000000000003,1729,4,0,2024-04-19,31.13,115.78,control-day
47,7.949999999999999,10.625,0,0,0,0,7.125,1013.875,0,0,0,0,0,0,0,1.9000000000000004,319,45.4,1.6000000000000014,1729,4,0,2025-04-15,31.13,115.78,control-day
75.5,5.35,4.1,0,0,33.25,33.25,7.575,1018.925,0.9,2.9000000000000004,3.1,0,66,66.4,1.2,2.5166666666666666,28,83.6,-8.099999999999994,1729,4,0,2024-04-05,31.13,115.78,control-day
98.5,11.375,0.17499999999999938,36,100,22.5,100,5.325,1014.1500000000001,0.1,0.1,2.4000000000000004,0,12,82.8,40.2,3.3499999999999996,258,96.6,1.9000000000000057,1729,4,0,2025-04-27,31.13,115.78,control-day
98.75,12.424999999999999,0.1750000000000007,100,58,62.25,100,4.525,1007.5000000000001,4.4,4.4,22.2,0,100,100,100,1.2666666666666657,229,94.2,4.549999999999997,1729,3,0,2024-03-23,31.13,115.78,control-day
97.5,-1.3499999999999999,0.37499999999999994,76,0,11.75,76.5,6.8999999999999995,1026.525,0,0,0,0,0.4,7.2,6.8,3.583333333333334,24,89.8,7.700000000000003,1729,3,0,2026-03-06,31.13,115.78,control-day
53.25,-2.325,8.825,0,0,0,0,6.7250000000000005,1028.375,0,1,0,0,7.2,7.2,0,0.5666666666666664,327,74.4,-21.150000000000006,1729,2,0,2026-02-11,31.13,115.78,control-day
56.5,-4.575,7.35,0,0,0,0,5.975,1029.5,0,2.4000000000000004,0,0,0,0,0,2.6500000000000004,2,67,-10.5,1729,2,0,2025-02-13,31.13,115.78,control-day
99,2.05,0.1250000000000001,99.5,100,0,100,14.45,1032.4,6.799999999999999,10.099999999999998,4.799999999999998,0,0,100,96.8,0.8333333333333335,51,99.2,-0.20000000000000284,1729,11,0,2024-11-18,31.13,115.78,control-day
84.5,5.1499999999999995,2.475,0.75,20.25,0,21,7.8,1020.8,0,6.300000000000001,0,0,0,74.8,0.6,1.9833333333333343,34,81.4,3.0999999999999943,1729,11,0,2025-11-11,31.13,115.78,control-day
84.5,9.575,2.55,0,0,0,0,4.6,1020.1499999999999,0,0,0,0,0,0,0,1.25,355,83,1.5,1729,11,0,2024-11-12,31.13,115.78,control-day
97.75,0.8999999999999999,0.29999999999999993,55.5,0,0,55.5,3.775,1026.5749999999998,2.2,3.2000000000000006,0,1,0,95.6,95.6,2.2,341,97.8,-0.04999999999999716,1729,11,0,2024-11-21,31.13,115.78,control-day
79.5,18.5,3.6250000000000004,4,0,0,4,2.3,1014.2,0,0.8,1.3000000000000003,0,0,28.2,28.2,0.93333333333333,165,89.4,-9.900000000000006,1729,10,0,2025-10-11,31.13,115.78,control-day
72.25,7.8500000000000005,4.675000000000001,0,0,0,0,6.450000000000001,1024.125,0,0,0,0,0,0,0,1.716666666666665,17,73.4,-1.1500000000000057,1729,10,0,2024-10-04,31.13,115.78,control-day
22.25,5.05,20.049999999999997,0.25,0,32.75,32.75,2.95,1017.125,0,0,0,0,64.8,64,0.8,4.000000000000001,241,60,-37.75,2181,5,1,2018-05-15,28.3299,-16.4897,wikimedia-commons
93,-3.2,0.9500000000000002,53,0,0,53,1.875,1026.425,0,0,0,0,0,80.8,80.8,2.0166666666666666,270,97.2,-4.200000000000003,767,1,1,2020-01-24,47.3087,8.5101,wikimedia-commons
94.75,23.125,0.9000000000000012,16,4,64.75,64.5,3.4749999999999996,1006.075,5.699999999999999,9.199999999999998,29.1,0,88.2,90.6,39.2,4.133333333333333,347,96.6,-1.8499999999999943,384,6,1,2020-06-22,18.9237,102.3867,wikimedia-commons
95.25,-9.05,0.6499999999999999,73.5,0,6.25,75.25,8.55,1024.875,0,0.1,0,0,0,60.2,59.4,2.5999999999999996,71,97,-1.75,1204,12,1,2010-12-31,47.8214,6.8423,wikimedia-commons
83,5.300000000000001,2.65,41,1.5,0,42,1.5,1020.8,1.4999999999999998,3.7000000000000015,0.5,1,0,46.2,45.6,1.4499999999999984,104,85,-2,2457,3,1,2011-03-05,23.5067,120.8237,wikimedia-commons
93.25,9.174999999999999,1.0500000000000003,50,0,0,50.25,22.174999999999997,1017.55,0,0,0,0,3,4.6,1.4,2.216666666666667,11,54.6,38.65,2056,2,1,2007-02-16,28.213,-16.6769,wikimedia-commons
37.25,7.575,13.85,0.25,0,0,0.25,4.25,1026.9499999999998,0,0,0,0,0,0.2,0.6,6.283333333333331,35,49.8,-12.549999999999997,1327,3,1,2019-03-12,28.6136,-17.8231,wikimedia-commons
98.75,16.55,0.17499999999999982,100,35,71.25,100,2.15,1014.075,23.7,26.7,9.200000000000001,0,91.8,100,100,2.3333333333333304,76,100,-1.25,1612,5,1,2019-05-12,17.0927,120.9145,wikimedia-commons
99,-2.55,0.20000000000000007,100,0,3.5,100,1.475,1023.5999999999999,0,0,0,0,32.6,100,100,1.95,360,98.8,0.20000000000000284,767,12,1,2019-12-05,47.3087,8.51,wikimedia-commons
95.5,-5.45,0.6000000000000003,91.25,0.25,2,91.5,3.125,1036.125,0,0,0,0,54,63.4,13.6,2.816666666666667,13,96.4,-0.9000000000000057,875,1,1,2020-01-22,47.2663,8.5316,wikimedia-commons
95.5,-5.45,0.6000000000000003,91.25,0.25,2,91.5,3.125,1036.125,0,0,0,0,54,63.4,13.6,2.816666666666667,13,96.4,-0.9000000000000057,875,1,1,2020-01-22,47.2663,8.5316,wikimedia-commons
64.5,-2.75,5.824999999999999,41.5,0,0,41.5,4.2,1031.475,0,0,0,0,0,0.2,0.2,0.6000000000000014,42,74,-9.5,1452,12,1,2021-12-19,46.932,6.7206,wikimedia-commons
64.5,-2.75,5.824999999999999,41.5,0,0,41.5,4.2,1031.475,0,0,0,0,0,0.2,0.2,0.6000000000000014,42,74,-9.5,1452,12,1,2021-12-19,46.932,6.7206,wikimedia-commons
97.5,9.3,0.375,3.25,0,93.5,93.25,2.875,1015.4749999999999,2.8000000000000003,8.2,0.30000000000000004,0,95.8,98.6,60.4,1.7666666666666675,225,100,-2.5,2267,8,1,2022-08-21,-8.0635,114.2377,wikimedia-commons
87.5,-21.725,1.5500000000000007,86,63.5,22,91.75,2.6750000000000003,1007.575,0.2,1.7000000000000004,0.7999999999999999,0,79.2,97.2,11,0.11666666666666714,127,79,8.5,3155,2,1,2018-02-07,45.5516,6.8474,wikimedia-commons
97,5.7,0.4750000000000001,69.5,0,98.75,99.5,8.225000000000001,1026.225,0,0,0,0,18.8,19,0.4,2.2833333333333323,208,89.2,7.799999999999997,1031,10,1,2017-10-26,47.3629,7.8107,wikimedia-commons
97,5.7,0.4750000000000001,69.5,0,98.75,99.5,8.225000000000001,1026.225,0,0,0,0,18.8,19,0.4,2.2833333333333323,208,89.2,7.799999999999997,1031,10,1,2017-10-26,47.3629,7.8107,wikimedia-commons
97,5.7,0.4750000000000001,69.5,0,98.75,99.5,8.225000000000001,1026.225,0,0,0,0,18.8,19,0.4,2.2833333333333323,208,89.2,7.799999999999997,1031,10,1,2017-10-26,47.3629,7.8107,wikimedia-commons
94.75,20.05,0.8499999999999988,30,0.25,31.25,52.25,3.425,1013.5500000000001,0,0,1.2,0,0.2,0.4,0,1.3833333333333329,52,92.2,2.549999999999997,558,4,1,2024-04-11,-22.9519,-43.2105,wikimedia-commons
99.5,-1.0750000000000002,0.04999999999999996,100,0,13.25,100,3.125,1035.05,0.1,0.1,0,0,0.4,32.6,32,4.45,24,95,4.5,960,4,1,2003-04-05,56.8102,-4.997,wikimedia-commons
99.5,3.55,0.07500000000000007,100,0,78,100,1.725,1026.375,0.7,3.900000000000001,0,0,15.6,98.6,97.6,1.4500000000000002,329,99,0.5,678,3,1,2005-03-19,54.1566,-2.249,wikimedia-commons
99.25,0.475,0.09999999999999998,100,91.75,88,100,10.325,984.325,7.6,10.6,7.799999999999999,0,99.2,100,100,0.11666666666666665,108,98.6,0.6500000000000057,560,2,1,2007-02-11,54.6266,-2.3962,wikimedia-commons
92,-5.3500000000000005,1.1,64,0,0,64.25,2.325,1027.1499999999999,0,0,0,0,29.8,78.6,77.6,1.966666666666666,146,92.2,-0.20000000000000284,448,12,1,2007-12-21,55.8831,-3.222,wikimedia-commons
92,-5.575,1.1250000000000002,64,0,0,64.25,2.325,1027.1499999999999,0,0,0,0,29.8,78.6,77.6,1.8666666666666671,146,92.2,-0.20000000000000284,483,12,1,2007-12-21,55.8824,-3.2375,wikimedia-commons
93.5,3.1249999999999996,0.9249999999999998,41.5,65.75,97,99,18.4,1003.25,0.30000000000000004,15.099999999999996,3.6,0,99.4,100,99.8,2.833333333333333,186,99,-5.5,56,1,1,2008-01-17,52.2442,0.7099,wikimedia-commons
83.75,-0.7,2.425,99,32,100,100,12.125,1029.675,0,0,0,0,86,99.8,98.2,-0.13333333333333308,121,77.6,6.150000000000006,724,12,1,2008-12-31,55.651,-5.229,wikimedia-commons
88,-6.475,1.6,17,0,97.25,98,4.6,1030.3250000000003,0,0,0,0,47.2,75.2,51,1.833333333333334,90,92.4,-4.400000000000006,834,12,1,2008-12-31,54.448,-3.1634,wikimedia-commons
92.25,-6.825,1.075,49.25,70.75,99,100,1.8249999999999997,1030.3,0,0,0,0,21,95.4,93.2,1.233333333333336,117,93.8,-1.5499999999999972,1162,12,1,2008-12-31,57.2796,-5.1206,wikimedia-commons
96.5,2.375,0.45,87.25,0,3.5,88.5,5.25,1012.325,0,0,0,0,0,88.4,88,0.766666666666667,113,97.8,-1.2999999999999972,540,12,1,1997-12-21,52.6968,-3.8783,wikimedia-commons
85.5,-8.075,2.05,13.25,0.75,41.25,49.75,7.675000000000001,1027.275,0,0,0,0,0,20.6,19.8,3.5166666666666666,74,89.8,-4.299999999999997,2068,11,1,2013-11-29,36.046,-112.0588,wikimedia-commons
71.75,-26.775000000000002,3.5500000000000007,34,0,0,34.5,2,1014.475,1.7000000000000002,13.400000000000002,0,1,0,64,63.2,11.200000000000001,22,77.6,-5.849999999999994,1523,12,1,2008-12-23,50.1007,-122.915,wikimedia-commons
93.75,6.574999999999999,0.9250000000000003,48.25,18,5,62.25,4.725,1017.675,0.9,0.9,2.7,0,36.2,57.8,7.6,5.216666666666667,105,82.8,10.950000000000003,2070,10,1,2010-10-18,36.0581,-112.1367,wikimedia-commons
99,3.175,0.15000000000000002,100,2,0,100,3.875,1023.65,0,0,0,0,0,100,100,3.3999999999999986,305,99.6,-0.5999999999999943,965,10,1,2010-10-13,56.7435,-5.0303,wikimedia-commons
99,5.975,0.1499999999999999,100,2,0,100,3.875,1023.65,0,0,0,0,0,100,100,3.4000000000000004,305,99.6,-0.5999999999999943,533,10,1,2010-10-13,56.7394,-5.0427,wikimedia-commons
99,3.175,0.15000000000000002,100,2,0,100,3.875,1023.65,0,0,0,0,0,100,100,3.3999999999999986,305,99.6,-0.5999999999999943,965,10,1,2010-10-13,56.7438,-5.0303,wikimedia-commons
97.25,-6.9,0.3750000000000002,99.25,17,3.75,99.75,6.550000000000001,1006.2,0.1,7.299999999999999,0.3,0,20.2,98.6,98,4.05,360,98,-0.75,449,12,1,2010-12-05,56.413,-5.044,wikimedia-commons
95.75,1.775,0.575,19.25,0,0,19.75,7.075000000000001,1006.625,3.8000000000000007,18.500000000000007,0.1,1,3.2,55.4,33.8,1.9666666666666668,273,94.8,0.9500000000000028,359,11,1,2012-11-11,54.4733,-3.0392,wikimedia-commons
95,-2.125,0.6749999999999999,28.25,9,70.25,80.5,6.775,1040.025,0,0,0,0,35.6,53.4,23.8,1.0166666666666666,273,94.2,0.7999999999999972,154,1,1,2011-01-21,56.1554,-3.915,wikimedia-commons
98,12.25,0.2999999999999998,98.75,0,0,98.75,6.725,1023.575,0,0,0,0,0,67.4,67.2,4.066666666666668,59,96.6,1.4000000000000057,177,7,1,2014-07-24,55.9235,-2.2426,wikimedia-commons
98.5,-4.4,0.25,100,0,0,100,4.35,1035.475,0,0.7,0,0,0,100,100,0.9666666666666663,120,98.6,-0.09999999999999432,834,1,1,2023-01-25,50.491,9.9207,wikimedia-commons
98.75,-2.975,0.15000000000000013,93.25,0,3,95,4.725,991.725,0,0,0,0,0.8,90.2,88.8,0.7833333333333332,72,98.4,0.3499999999999943,517,11,1,2016-11-20,55.9932,-4.1661,wikimedia-commons
95,5.7749999999999995,0.8,38.5,0,47.75,63.75,8.925,1025.9,8.700000000000001,8.700000000000001,0,0,0,6,5.4,2.716666666666665,253,91.8,3.200000000000003,207,12,1,2016-12-11,51.2947,-2.8088,wikimedia-commons
98.75,-0.575,0.22499999999999998,100,8.25,0,100,4.65,1042.1499999999999,0,0.30000000000000004,0,0,9.8,97.2,94.6,2.3833333333333333,150,98.6,0.15000000000000568,87,12,1,2016-12-28,52.2227,-2.8517,wikimedia-commons
99.25,5.5,0.10000000000000009,61,0,99.5,100,4.575,1026.675,21,23.2,0,0,58.2,65.2,82,2.1333333333333337,351,95.8,3.450000000000003,172,10,1,2022-10-18,56.4395,-4.365,wikimedia-commons
92,7.174999999999999,1.225,75,0,0,75,6.125,1027.525,0,0.30000000000000004,0,0,0,76.8,74.4,3.3166666666666664,101,94.6,-2.5999999999999943,113,11,1,2018-11-17,54.5807,-3.3175,wikimedia-commons
97.75,-1.3499999999999999,0.3,73.75,0,0,74.5,3.4000000000000004,1040.1750000000002,0,0,0,0,0,79.6,78.6,0.41666666666666674,107,96.4,1.3499999999999943,557,12,1,1989-12-02,54.1537,-2.4017,wikimedia-commons
98.75,12.774999999999999,0.20000000000000018,57.5,0,36.25,81,3.6,1032.6,0,0.5,0,0,64.2,75.4,35.4,2.7666666666666657,23,95.6,3.1500000000000057,249,8,1,2021-08-24,56.1545,-3.4535,wikimedia-commons
99.75,1.075,0.07500000000000001,100,0,0,100,12.125,1039.775,0,0.7,0,0,0,100,100,1.2499999999999998,129,100,-0.25,857,12,1,2021-12-18,53.0732,-3.934,wikimedia-commons
96.25,5.1,0.5,100,0,0,100,4.3,1028.375,0,0,0,0,0,100,100,7.083333333333332,96,97,-0.75,1051,6,1,2023-06-05,56.5344,-4.239,wikimedia-commons
100,11.225000000000001,0.025000000000000355,95,6.75,76.25,99,3.675,1008.6250000000001,0,1.2,0.30000000000000004,0,98.8,96.2,33.2,2.283333333333333,73,97.6,2.4000000000000057,75,8,1,2023-08-31,54.4311,-2.9605,wikimedia-commons
100,11.225000000000001,0.025000000000000355,95,6.75,76.25,99,3.675,1008.6250000000001,0,1.2,0.30000000000000004,0,98.8,96.2,33.2,2.283333333333333,73,97.6,2.4000000000000057,75,8,1,2023-08-31,54.4312,-2.9608,wikimedia-commons
97.75,10.975000000000001,0.37499999999999956,75.5,94.25,95.5,100,5.525,1022.025,0,0,0,0,98.6,98.8,2.4,2.700000000000001,259,90.6,7.150000000000006,466,10,1,2023-10-09,52.0882,-3.6986,wikimedia-commons
99.25,-1.0999999999999999,0.10000000000000006,92.25,0,0,92.25,3.15,992.5,0.7,11.499999999999998,0,0,31.8,46.6,20.4,2.816666666666667,330,96.2,3.049999999999997,290,2,1,2024-02-24,53.9958,-1.942,wikimedia-commons
99.25,-2.975,0.12499999999999989,98.5,0,0,99,8.25,1039.825,0,0,0,0,0,89.6,89.6,0.33333333333333304,71,97.6,1.6500000000000057,876,12,1,2006-12-24,51.8833,-3.4368,wikimedia-commons
98.75,10.5,0.19999999999999973,42.75,0,9.5,50.5,3.9749999999999996,1033.875,0,0,0,0,52,52.8,0,2.6166666666666654,168,91.8,6.950000000000003,159,9,1,2009-09-12,54.6042,-3.1946,wikimedia-commons
89.75,-0.525,1.4999999999999998,0,0,0,0,1.1,1040.725,0.5,0.5,0,0,1.4,1.4,0,0.5833333333333333,146,83.6,6.150000000000006,814,2,1,2007-02-03,54.4897,-3.3021,wikimedia-commons
89.25,-1.125,1.525,0,16.75,10.75,23.5,11.95,1022.0999999999999,3.6,3.9000000000000004,0,1,0,1.2,1.2,4.65,304,92.4,-3.1500000000000057,267,4,1,2026-04-02,55.6089,-2.9454,wikimedia-commons
96.25,12.875,0.5750000000000002,100,0,17.75,100,23.475,1022.2750000000001,0,2.5,0,0,67,92.2,74,1.200000000000001,335,95.4,0.8499999999999943,471,8,1,2003-08-07,54.258,-4.47,wikimedia-commons
94.5,-4.8,0.7249999999999999,62.25,0,0,62.75,1.675,1023.5749999999999,0,0,0,0,0,100,100,0.6333333333333329,22,98.8,-4.299999999999997,711,2,1,2006-02-01,54.2317,-2.401,wikimedia-commons
52.25,16.125,10,0,0,0,0,7.874999999999999,1009.65,0,0,0,0,42,42.4,0,5.416666666666668,73,57.2,-4.950000000000003,1131,5,1,2017-05-03,29.3917,-9.4553,wikimedia-commons
91.5,6.550000000000001,1.3,36.5,0.75,0,37.25,4.375,1021.8,10.299999999999999,19.699999999999992,0.2,1,0,29.8,29.4,3.450000000000001,110,90.6,0.9000000000000057,1745,1,1,2016-01-31,23.655,120.7859,wikimedia-commons
84.5,5.875,2.4750000000000005,55.5,31.75,32.25,68.25,6.075,1013.05,6,9.700000000000001,9.700000000000001,0,27.8,53.8,29,4.266666666666666,360,86.8,-2.299999999999997,1941,3,1,2014-03-22,27.7272,85.5255,wikimedia-commons
84.5,5.875,2.4750000000000005,55.5,31.75,32.25,68.25,6.075,1013.05,6,9.700000000000001,9.700000000000001,0,27.8,53.8,29,4.266666666666666,360,86.8,-2.299999999999997,1941,3,1,2014-03-22,27.7272,85.5255,wikimedia-commons
92.5,0.7000000000000001,1.075,80.25,29.25,33.75,91.5,3.4999999999999996,1014.2,0,0.2,0.5,0,86.4,93.2,18.6,1.2,51,84,8.5,698,2,1,2016-02-20,43.678,40.263,wikimedia-commons
94.75,-13.2,0.6499999999999999,99.5,90,43.5,100,7.800000000000001,1024.1750000000002,0.5,2.3000000000000007,0.30000000000000004,0,100,100,99.6,1.3833333333333329,82,95.2,-0.45000000000000284,1510,2,1,2022-02-11,40.666,140.8814,wikimedia-commons
96.75,-1.4500000000000002,0.525,100,95.5,96.75,100,2.425,1019.9000000000001,5.8,5.8,11.3,0,96.8,100,100,0.9166666666666665,344,99.2,-2.450000000000003,2407,3,1,2020-03-13,44.9976,6.1489,wikimedia-commons
71.5,17.375,5.25,3.75,7.75,0,10,10.075000000000001,1012.975,0.4,0.5,0,0,0.8,6.6,0,4.583333333333332,22,74,-2.5,385,5,1,2026-05-03,37.6153,67.2896,wikimedia-commons
92,-2.925,1.0999999999999996,75.75,9.25,17.75,81.75,5.45,1038.925,0,0,0,0,14.4,65.4,60.2,1.35,187,90.2,1.7999999999999972,763,12,1,2016-12-17,50.5472,9.8981,wikimedia-commons
97.5,-3.5250000000000004,0.32499999999999984,100,0,0,100,7.075000000000001,1022.2,0,0,0,0,0,28.8,28.4,2.6333333333333337,120,97.8,-0.29999999999999716,887,11,1,2018-11-23,50.4232,9.9589,wikimedia-commons
90.75,-2.125,1.3249999999999997,35.5,47.5,74.5,89,3.9000000000000004,1018.6999999999999,0,1.3,0.4,0,35.4,60.6,34.4,0.33333333333333304,119,85.8,4.950000000000003,1187,3,1,2014-03-01,44.4493,34.0565,wikimedia-commons
90.25,2.875,1.475,71,92.5,92.5,100,2.325,1011.375,0,0,0,0,78.6,99.2,90,2.2,31,95,-4.75,1016,11,1,2014-11-30,47.0405,7.9973,wikimedia-commons
87.5,6.825,1.9,78.75,0,0,78.75,19.075000000000003,1024.525,2.5,4.9,0.4,0,0,100,100,2.416666666666668,285,91.4,-3.9000000000000057,8,2,1,2024-02-17,53.556,10.0018,wikimedia-commons
97,-1.55,0.39999999999999997,63,0.25,0,63.75,2.525,1026.5,13.999999999999998,30,0,0,4.8,99.8,99.8,2.0166666666666666,126,99,-2,1730,11,1,2005-11-06,45.1899,5.9355,wikimedia-commons
95,2.7249999999999996,0.7499999999999999,71.75,0,1,73,4.475,1033.1,0,0,0,0,76.6,97.4,88.2,0.8833333333333337,90,94.4,0.5999999999999943,1449,11,1,2005-11-11,46.7284,6.3574,wikimedia-commons
90.5,-2.575,1.325,62.5,27.5,93,99,4.575,1025.2,2.3000000000000007,2.3000000000000007,1.7000000000000002,0,4.4,98,96.6,1,86,85.8,4.700000000000003,1579,1,1,2016-01-01,45.844,6.2569,wikimedia-commons
90.25,7.7,1.4750000000000003,29.5,10.5,0,31.75,8.8,1024.4499999999998,0.1,0.1,3.4999999999999996,0,0,37.4,35.2,1.2666666666666666,97,86.2,4.049999999999997,2090,7,1,2015-07-25,-21.1874,55.635,wikimedia-commons
90.25,7.775,1.5,16.25,4,0,18,6.075,1023.95,0,0,0.7,0,0,17,16,1.2333333333333325,94,86.2,4.049999999999997,2080,7,1,2015-07-25,-21.2055,55.6199,wikimedia-commons
91.25,9.65,1.3499999999999996,13.5,0,0,13.5,3.975,1019.175,0,0,0.2,0,0,9.8,11.2,3.783333333333333,241,94.2,-2.950000000000003,2003,7,1,2017-07-28,42.7335,1.9932,wikimedia-commons
94.25,7.225,0.8500000000000003,42.25,0,0,42.25,4.324999999999999,1024.5,0.4,7.699999999999999,0,0,0,58.4,62.8,1.466666666666665,52,95.8,-1.5499999999999972,1696,7,1,2017-07-03,45.31,5.86,wikimedia-commons
65,-2.3750000000000004,5.75,0,5.75,54.25,54.75,4.575,1015.075,0,0,0,0,6,6.4,0,4.666666666666667,148,65,0,1126,11,1,2020-11-28,45.8294,6.1242,wikimedia-commons
65,-2.475,5.75,0,5.75,54.25,54.75,4.575,1015.075,0,0,0,0,6,6.4,0,4.666666666666666,148,64.8,0.20000000000000284,1146,11,1,2020-11-28,45.8295,6.1241,wikimedia-commons
65,-2.475,5.75,0,5.75,54.25,54.75,4.575,1015.075,0,0,0,0,6,6.4,0,4.666666666666666,148,64.8,0.20000000000000284,1146,11,1,2020-11-28,45.8295,6.1241,wikimedia-commons
65.25,-1.4000000000000001,5.75,0,5.75,54.25,54.75,4.575,1015.075,0,0,0,0,6,6.4,0,4.633333333333333,148,65,0.25,984,11,1,2020-11-28,45.8422,6.1277,wikimedia-commons
65.25,-1.4000000000000001,5.75,0,5.75,54.25,54.75,4.575,1015.075,0,0,0,0,6,6.4,0,4.633333333333333,148,65,0.25,984,11,1,2020-11-28,45.8423,6.1277,wikimedia-commons
65.25,-1.4000000000000001,5.75,0,5.75,54.25,54.75,4.575,1015.075,0,0,0,0,6,6.4,0,4.633333333333333,148,65,0.25,984,11,1,2020-11-28,45.8423,6.1277,wikimedia-commons
65.25,-1.4000000000000001,5.75,0,5.75,54.25,54.75,4.575,1015.075,0,0,0,0,6,6.4,0,4.633333333333333,148,65,0.25,984,11,1,2020-11-28,45.8423,6.1277,wikimedia-commons
64.75,-3.6999999999999997,5.75,0,5.75,54.25,54.75,4.575,1015.075,0,0,0,0,6,6.4,0,4.633333333333333,148,64.6,0.15000000000000568,1336,11,1,2020-11-28,45.8133,6.1215,wikimedia-commons
74.25,-10.2,3.8249999999999997,0,27.5,0.5,28,5.875000000000001,1017.775,1.8000000000000003,6.699999999999999,0,1,8,35.8,6.4,6.683333333333333,94,81,-6.75,1748,2,1,2023-02-28,45.1161,5.8774,wikimedia-commons
73.5,-13.2,3.825,0,27.5,0.5,28,5.875000000000001,1017.775,1.8000000000000003,6.699999999999999,0,1,8,35.8,6.4,6.683333333333334,94,80.6,-7.099999999999994,2210,2,1,2023-02-28,45.1239,5.9017,wikimedia-commons
68.75,-6.15,4.800000000000001,0,17.75,17.75,21,6.074999999999999,1015.2750000000001,0,1.8000000000000003,0,0,20.6,64.4,0,5,100,80.4,-11.650000000000006,1834,3,1,2023-03-01,45.1289,5.8863,wikimedia-commons
68.75,-6.15,4.800000000000001,0,17.75,17.75,21,6.074999999999999,1015.2750000000001,0,1.8000000000000003,0,0,20.6,64.4,0,5,100,80.4,-11.650000000000006,1837,3,1,2023-03-01,45.1283,5.8865,wikimedia-commons
68.75,-6.15,4.800000000000001,0,17.75,17.75,21,6.074999999999999,1015.2750000000001,0,1.8000000000000003,0,0,20.6,64.4,0,5,100,80.4,-11.650000000000006,1837,3,1,2023-03-01,45.1283,5.8865,wikimedia-commons
92.5,-7.85,0.9999999999999998,1.75,0,2.5,4.25,2.8000000000000003,1041.0500000000002,0,6.3999999999999995,0,0,19.2,20.4,2,1.2666666666666675,351,90.2,2.299999999999997,1663,12,1,2023-12-16,45.3174,5.7561,wikimedia-commons
92.5,-7.950000000000001,1.0000000000000002,1.75,0,2.5,4.25,2.8000000000000003,1041.0500000000002,0,6.3999999999999995,0,0,19.2,20.4,2,1.2666666666666666,351,90.2,2.299999999999997,1674,12,1,2023-12-16,45.3198,5.7589,wikimedia-commons
98.25,-0.09999999999999998,0.25,9.25,0,33.25,39.25,2.375,1020.8499999999999,1.2,1.2,0.8,1,69.8,77,53.8,0.9666666666666668,191,88.4,9.849999999999994,1376,12,1,2023-12-30,45.711,6.0314,wikimedia-commons
98.25,0.27499999999999997,0.3,9.25,0,33.25,39.25,2.375,1020.8499999999999,1.2,1.2,0.8,1,69.8,77,53.8,0.933333333333334,191,88.6,9.650000000000006,1318,12,1,2023-12-30,45.7162,6.0305,wikimedia-commons
98.25,0.27499999999999997,0.3,9.25,0,33.25,39.25,2.375,1020.8499999999999,1.2,1.2,0.8,1,69.8,77,53.8,0.933333333333334,191,88.6,9.650000000000006,1318,12,1,2023-12-30,45.7161,6.0302,wikimedia-commons
89,3.9499999999999997,1.7,8.75,0,53.75,57.75,5.925,1019.4,0,3.4,0,0,11.2,14.4,3,4.383333333333333,47,84.6,4.400000000000006,1949,8,1,2008-08-21,45.0162,5.5845,wikimedia-commons
90.25,11.125,1.5499999999999998,59.75,0,0,60.25,6.275,1021.425,0,0,0,0,0,95,94.4,4.383333333333331,55,98.2,-7.950000000000003,979,9,1,2007-09-14,43.2253,-6.8223,wikimedia-commons
95,5.975,0.7499999999999998,88.75,0,96,99.75,5.7250000000000005,1024.4499999999998,0,0,1.6,0,81.2,84.4,52.6,3.1666666666666643,99,94.6,0.4000000000000057,490,3,1,2004-03-08,42.6251,-8.9592,wikimedia-commons
71.25,17.25,5.275,68.75,0,0,69.25,47.349999999999994,1021.175,0.7999999999999999,0.7999999999999999,0,0,0,53.4,53,0.5000000000000036,48,68,3.25,1186,7,1,2004-07-08,28.7001,-17.8643,wikimedia-commons
97.75,3.725,0.30000000000000004,93.25,0,0,93.25,1.7999999999999998,1017.175,0,0,0,0,30,66.2,46,4.033333333333333,225,92.2,5.549999999999997,1561,11,1,2010-11-13,40.7706,-3.8965,wikimedia-commons
97.75,3.675,0.275,93.25,0,0,93.25,1.7999999999999998,1017.175,0,0,0,0,30,66.2,46,4.083333333333335,225,92.2,5.549999999999997,1569,11,1,2010-11-13,40.7709,-3.8959,wikimedia-commons
90.5,1.4749999999999999,1.375,83.25,0,0,83.75,8.175,1027.8999999999999,2.7000000000000006,5.7,0,0,0,69,68.8,2.883333333333333,137,93.4,-2.9000000000000057,2816,2,1,2007-02-06,24.6187,-101.4642,wikimedia-commons
90.5,2.225,1.35,83.25,0,0,83.75,8.175,1027.8999999999999,2.7000000000000006,5.7,0,0,0,69,68.8,2.95,137,93.4,-2.9000000000000057,2697,2,1,2007-02-06,24.6185,-101.4569,wikimedia-commons
90.5,1.675,1.375,83.25,0,0,83.75,8.175,1027.8999999999999,2.7000000000000006,5.7,0,0,0,69,68.8,2.8833333333333337,137,93.4,-2.9000000000000057,2781,2,1,2007-02-06,24.6161,-101.4618,wikimedia-commons
87.75,15.975000000000001,2.0749999999999993,40.75,0,0,41.25,21.7,1014.525,0,0,0,0,0,33.8,33.4,3.2166666666666686,2,89.4,-1.6500000000000057,1326,8,1,2010-08-06,28.0118,-15.6056,wikimedia-commons
88,14.725000000000001,2.0000000000000004,24.5,0,0,24.75,19.2,1020.2250000000001,0,0,0,0,0,34.6,34.2,3.466666666666667,6,90,-2,1589,8,1,2010-08-22,27.9982,-15.5954,wikimedia-commons
88.5,7.325,1.8,0,0,0,0,9.7,1015.8000000000001,0,0,0,0,0,0,0,3.8,107,91.2,-2.700000000000003,492,4,1,2011-04-17,43.4494,-5.2425,wikimedia-commons
97,20.625,0.5250000000000004,76.5,23.5,77,93,5.175000000000001,1013.625,18.300000000000004,49.10000000000001,13.5,0,98.4,100,83.6,0.6333333333333329,53,99,-2,740,8,1,2010-08-23,10.2392,-84.8493,wikimedia-commons
91.5,6.725,1.3,15.75,0,0,16.5,17.25,1023.5249999999999,0,0,0,0,0,5.2,4.4,4.399999999999999,20,88.4,3.0999999999999943,1629,3,1,2012-03-14,28.016,-15.603,wikimedia-commons
77,7.050000000000001,3.85,0.5,0,0,0.5,7.875,1027.35,0,0,0,0,0,0,0,5.6833333333333345,63,71.2,5.799999999999997,1524,1,1,2013-01-30,28.0391,-15.6187,wikimedia-commons
76.25,4.449999999999999,3.8499999999999996,0.5,0,0,0.5,7.875,1027.35,0,0,0,0,0,0,0,5.683333333333333,63,70.2,6.049999999999997,1920,1,1,2013-01-30,27.962,-15.5721,wikimedia-commons
89.25,16.25,1.7999999999999998,38,0,0,38.5,19.725,1018.325,0,0,0,0,0,41,40.6,1.9499999999999993,43,89.4,-0.15000000000000568,1811,9,1,2011-09-20,28.3125,-16.6295,wikimedia-commons
55.5,-1.325,7.775,0,0,0,0,5.7,1023.9000000000001,0,0,0,0,0,0,0,3.35,4,72.8,-17.299999999999997,1743,1,1,2017-01-09,36.6833,-5,wikimedia-commons
86.5,7.775,2.1,9.75,0,16,25,10.774999999999999,1023,0,0.8,0,0,0,10.6,9.8,2.8500000000000005,344,85.2,1.2999999999999972,1546,2,1,2014-02-09,27.9889,-15.5933,wikimedia-commons
88.5,-9.174999999999999,1.6250000000000002,77.5,0.25,6.75,83.25,2.65,1019.625,0,0,0.7,0,0,23.4,23,4.150000000000001,360,79.8,8.700000000000003,3644,3,1,2021-03-22,28.2727,-16.6427,wikimedia-commons
96,12.475,0.5999999999999996,50.25,0,54.5,85,11.5,1014.7,0,0,0,0,99,99.8,59.4,2.6000000000000014,2,98.6,-2.5999999999999943,951,5,1,2024-05-07,28.1249,-17.2079,wikimedia-commons
84,20.225,2.7750000000000004,0,0,0,0,1.1500000000000001,1023.1750000000001,0,0,0,0,0,0,0,7.7166666666666615,90,75.6,8.400000000000006,138,8,1,2023-08-11,42.3334,-7.8633,wikimedia-commons
86.75,5.75,2.075,56.75,14.75,0,59.75,5.35,1013.5,0,0,1.9,0,0,31.2,26.4,2.7,101,87.6,-0.8499999999999943,1874,7,1,2011-07-24,43.3937,142.6366,wikimedia-commons
85,-1.375,2.25,2.5,0,13.25,16.75,7.8,1032.425,0,0,0,0,3.8,7.4,3.6,1.7000000000000002,141,95.6,-10.599999999999994,0,1,1,2006-01-30,57.4008,-5.4869,wikimedia-commons
99.25,9.425,0.07500000000000018,100,0.75,0,100,4.9,1031.1,0,0,0,0,0,77.4,77.2,4.716666666666667,21,99.2,0.04999999999999716,67,9,1,2008-09-20,50.7377,-3.54,wikimedia-commons
99,-1.4249999999999998,0.17500000000000004,79.75,0,0,80.25,4.275,1032,3.9,3.9,0,0,0,3.6,3.2,3.25,99,94.4,4.599999999999994,232,11,1,1993-11-26,55.9983,-4.0385,wikimedia-commons
94.75,-6.4,0.6750000000000005,100,0,4.5,100,2.6999999999999997,1000.45,0,0.6000000000000001,0,0,86.6,100,100,1.1000000000000005,321,96.8,-2.049999999999997,521,11,1,2008-11-30,54.7721,-2.556,wikimedia-commons
95.25,-5.925,0.6500000000000001,71.25,0,8.75,74.25,5.6,1000.425,0,2.6,0,0,83.6,99,97.8,1.483333333333333,22,96,-0.75,449,11,1,2008-11-30,54.6074,-2.889,wikimedia-commons
94.75,-5.425000000000001,0.7500000000000002,100,0,4.5,100,2.6999999999999997,1000.45,0,0.6000000000000001,0,0,86.6,100,100,1.0833333333333335,321,96.8,-2.049999999999997,374,11,1,2008-11-30,54.7567,-2.582,wikimedia-commons
83,-5.7250000000000005,2.425,15.5,0,83.25,86.5,3.925,1030.375,0,0,0,0,28.6,57.6,41.6,1.2833333333333332,104,90.2,-7.200000000000003,869,12,1,2008-12-31,54.5333,-3.0087,wikimedia-commons
83,-5.475,2.4250000000000003,15.5,0,83.25,86.5,3.925,1030.375,0,0,0,0,28.6,57.6,41.6,1.3499999999999996,104,90.2,-7.200000000000003,830,12,1,2008-12-31,54.5335,-3.0089,wikimedia-commons
83.5,-3.375,2.425,15.5,0,83.25,86.5,3.925,1030.375,0,0,0,0,28.6,57.6,41.6,1.3499999999999996,104,90.4,-6.900000000000006,507,12,1,2008-12-31,54.5496,-2.9879,wikimedia-commons
83,-5.775,2.425,15.5,0,83.25,86.5,3.925,1030.375,0,0,0,0,28.6,57.6,41.6,1.3500000000000005,104,90.2,-7.200000000000003,880,12,1,2008-12-31,54.5305,-3.0275,wikimedia-commons
81,-4.75,2.75,15.5,0,83.25,86.5,3.925,1030.375,0,0,0,0,28.6,57.6,41.6,1.2333333333333325,104,88.8,-7.799999999999997,748,12,1,2008-12-31,54.5544,-3.0179,wikimedia-commons
83,-5.775,2.425,15.5,0,83.25,86.5,3.925,1030.375,0,0,0,0,28.6,57.6,41.6,1.3500000000000005,104,90.2,-7.200000000000003,877,12,1,2008-12-31,54.5473,-3.0172,wikimedia-commons
81.25,4.95,2.9499999999999997,1.25,0,4.5,7,8.125,1034.7749999999999,0,5.6,0,0,16.4,31.6,16.4,2.8,195,75,6.25,25,12,1,2009-12-11,60.7585,-0.8864,wikimedia-commons
60,-0.875,6.775,0.75,0,0,1,1.625,1030.7250000000001,0,0,0,0,2.4,2.8,0,1.3833333333333335,135,55.6,4.399999999999999,922,12,1,2011-12-04,42.3485,-122.7844,wikimedia-commons
66.5,-2.675,5.45,0.75,0,0,1,1.625,1030.7250000000001,0,0,0,0,2.4,2.8,0,1.6166666666666667,135,61.2,5.299999999999997,1017,12,1,2011-12-04,42.3515,-122.7852,wikimedia-commons
85,-1.375,2.25,2.5,0,13.25,16.75,7.8,1032.425,0,0,0,0,3.8,7.4,3.6,1.7000000000000002,141,95.6,-10.599999999999994,0,1,1,2006-01-30,57.4008,-5.4869,wikimedia-commons
85.5,9.15,2.275,3.25,0,0,3.75,11.850000000000001,1023.6,0,0,0,0,5.4,6.6,0.2,5.950000000000001,27,86.2,-0.7000000000000028,2181,5,0,1989-05-16,28.3299,-16.4897,control-day
30.25,7.875,16.525,0,0,0,0,4.925000000000001,1021.4,0,2.3000000000000003,0,0,0,0.2,0.8,4.15,253,53.6,-23.35,2181,5,0,2022-05-16,28.3299,-16.4897,control-day
65.5,-1.275,5.65,1,0,92.75,93.25,7.75,1017.25,4.9,5.500000000000001,0.2,0,79.8,80.4,0,1.7833333333333332,173,66.4,-0.9000000000000057,767,1,0,1995-01-20,47.3087,8.5101,control-day
76,-4.725,3.5500000000000003,100,39,95.5,100,21.525,1020.8249999999999,8.899999999999999,25.499999999999996,1.2000000000000002,0,89.2,100,98.4,2.416666666666667,51,85.2,-9.200000000000003,767,1,0,2024-01-08,47.3087,8.5101,control-day
99.25,22.424999999999997,0.17499999999999982,32.5,93.75,83.75,99.5,1.625,1006.3,21.3,36.400000000000006,22.4,0,92,99.4,42.2,2.4833333333333343,45,97.6,1.6500000000000057,384,6,0,2005-06-28,18.9237,102.3867,control-day
100,22.475,0.025000000000000355,78.5,54.25,99.75,100,2.7,1004.1,19.2,28.599999999999998,35.699999999999996,0,100,100,97.2,1.3499999999999979,304,98.4,1.5999999999999943,384,6,0,1989-06-11,18.9237,102.3867,control-day
93,-5.675000000000001,0.9750000000000001,98.75,99.5,1.75,100,20.525,1008.75,2.6,21.4,10.6,0,100,100,99,0.016666666666667496,231,94,-1,1204,12,0,1990-12-12,47.8214,6.8423,control-day
82.75,-5.200000000000001,2.4749999999999996,0.5,0,13.75,15.5,7.675000000000001,1021.525,0,0,0.9,0,0,0.4,0,1.2833333333333332,238,79.4,3.3499999999999943,1204,12,0,2003-12-11,47.8214,6.8423,control-day
73.75,8.700000000000001,4.4750000000000005,1,0,14.75,15.5,1,1018.9750000000001,0.30000000000000004,1.8000000000000005,0.4,0,11.8,12.4,0.8,-0.016666666666667496,90,68,5.75,2457,3,0,2017-03-21,23.5067,120.8237,control-day
74.75,9.575,4.3,0.5,12.25,80.25,80.25,3.8499999999999996,1022.175,1.7,1.7,0,0,49.2,52,4.4,-1.1333333333333329,190,72.2,2.549999999999997,2457,3,0,2017-03-30,23.5067,120.8237,control-day
26.5,3.9,17.475,0,0,0,0,0.925,1027.4249999999997,0,0,0,0,13.2,23.6,0,4.916666666666667,342,39.6,-13.100000000000001,2056,2,0,2019-02-27,28.213,-16.6769,control-day
82,5.05,2.85,0,0,0,0,7.325,1023.8500000000001,0,0,0,0,0,0,0,2.033333333333334,82,74.6,7.400000000000006,2056,2,0,1989-02-02,28.213,-16.6769,control-day
78.5,9.225,3.55,28.5,0,16.25,42.25,22.75,1017.475,0,0,0,0,12.8,27.2,16.2,1.1833333333333318,2,79,-0.5,1327,3,0,2012-03-31,28.6136,-17.8231,control-day
70.5,9.15,5.049999999999999,9.25,0,0.5,10,30.575,1020.3000000000001,0,0,0,0,38.6,50.6,13.8,3.8166666666666647,45,74.4,-3.9000000000000057,1327,3,0,2016-03-05,28.6136,-17.8231,control-day
98.25,15.1,0.27499999999999947,89.75,3.5,50,94.75,1.6,1013.7750000000001,8.4,14.5,8.299999999999999,0,70,99.6,93.8,2.8333333333333357,112,99.2,-0.9500000000000028,1612,5,0,1995-05-28,17.0927,120.9145,control-day
95.5,16.400000000000002,0.7250000000000001,55.25,3.25,94.75,98,4.775,1010.725,7.6,18.400000000000002,9.299999999999999,0,94,95.2,4.4,1.4999999999999964,294,93,2.5,1612,5,0,2001-05-23,17.0927,120.9145,control-day
87.5,1.8249999999999997,1.875,49.25,44.75,60.75,79.75,4,1023.45,0,3.0000000000000004,1.1,0,16.4,92,38,1.2333333333333336,166,79.8,7.700000000000003,767,12,0,1994-12-08,47.3087,8.51,control-day
93.25,-2.2,0.9750000000000001,70,0,26.5,76.75,2.625,1027.7250000000001,0,0,0,0,0,41.4,41.2,2.033333333333333,156,84.2,9.049999999999997,767,12,0,2016-12-15,47.3087,8.51,control-day
91.25,-2.175,1.225,18,44.75,70.75,85.25,6.949999999999999,1029,15.9,18.099999999999994,0.1,0,1,55.4,54,3.1166666666666663,199,87.2,4.049999999999997,875,1,0,2000-01-31,47.2663,8.5316,control-day
83.25,-2.5999999999999996,2.4499999999999997,0,0,0,0,6.95,1025.35,0,5.3,0,0,5,25.2,20.2,5.5,183,90.4,-7.150000000000006,875,1,0,2005-01-08,47.2663,8.5316,control-day
83,-5.55,2.425,56,25.25,60,88.25,10.375,1019.5500000000001,2.1,2.1,1,0,0,99,65.8,1.2999999999999994,47,84.8,-1.7999999999999972,875,1,0,1998-01-25,47.2663,8.5316,control-day
72,-3.6250000000000004,4.2749999999999995,79.75,62.5,36,91,2.925,1033.575,0,0,0,0,0.8,46.8,45.8,0.06666666666666643,198,74.6,-2.5999999999999943,875,1,0,2000-01-17,47.2663,8.5316,control-day
97.75,-1.2750000000000001,0.29999999999999993,48.75,86.75,96.5,99.5,4.725,1017.15,0,0.1,2.8,0,85.2,100,100,4.25,241,99.2,-1.4500000000000028,1452,12,0,2002-12-25,46.932,6.7206,control-day
87.5,0.7,1.775,66.75,33.75,8.75,72.25,11,1023.975,0.30000000000000004,0.30000000000000004,1.4,0,80.6,99,76,1.2999999999999998,220,80.8,6.700000000000003,1452,12,0,2013-12-23,46.932,6.7206,control-day
93.5,-6.8,0.875,52.75,2.25,91.75,96.5,7.7,1020.725,0,0.7999999999999999,4.8999999999999995,0,0,44.4,44,4.466666666666667,210,90.2,3.299999999999997,1452,12,0,2008-12-09,46.932,6.7206,control-day
91.5,-7.7749999999999995,1.175,69.75,13.75,28.5,91.25,3.65,1028.675,0,0,0,0,0,30.8,30.4,4.583333333333332,241,89.2,2.299999999999997,1452,12,0,2007-12-22,46.932,6.7206,control-day
96.25,11.075,0.5250000000000004,65.5,12.25,0.5,70.75,10.075,1014.8,0,0,0,0,24.6,84.8,75.8,0.8333333333333339,198,98.2,-1.9500000000000028,2267,8,0,2013-08-15,-8.0635,114.2377,control-day
95.75,9.075,0.6750000000000003,67.5,0,32.75,78.75,12.825,1015.6500000000001,0,0.30000000000000004,0,0,21.2,43.6,26.6,2.0166666666666657,192,96.4,-0.6500000000000057,2267,8,0,1994-08-23,-8.0635,114.2377,control-day
95.5,-12.1,0.5499999999999998,99.75,48.25,0,99.75,4.824999999999999,1000.2,0.30000000000000004,8.299999999999999,3.1,0,35,93.2,92.8,0.966666666666665,270,91.6,3.9000000000000057,3155,2,0,2021-02-09,45.5516,6.8474,control-day
47.5,-16.9,8.575,0,0,0,0,6.8999999999999995,1017.9749999999999,0,0,0,0,0,0,0,2.0333333333333314,111,42.4,5.100000000000001,3155,2,0,2003-02-21,45.5516,6.8474,control-day
97.5,2.475,0.35,78.75,9.25,2,80.5,6,1016.725,9.999999999999998,15.499999999999998,0,0,0.4,69.6,68.4,4.25,227,98.8,-1.2999999999999972,1031,10,0,1999-10-26,47.3629,7.8107,control-day
85,1.775,2.25,0,0,98.25,98.75,3.175,1027.4750000000001,0,0.1,0,0,98.6,99.2,0,3.9500000000000006,207,79.6,5.400000000000006,1031,10,0,1998-10-22,47.3629,7.8107,control-day
99.25,4,0.09999999999999987,100,2.5,0,100,5.625,1024.4,0,0,0,0,0,72.6,72,4.1,21,94.4,4.849999999999994,1031,10,0,1989-10-02,47.3629,7.8107,control-day
99.25,2.75,0.15000000000000002,100,1,0.5,100,0.2,1018.325,0,0.7,0,0,0,100,100,5.433333333333334,180,99.2,0.04999999999999716,1031,10,0,2015-10-27,47.3629,7.8107,control-day
90.75,6.825,1.4,99,41.25,100,100,14.1,994.575,2.1999999999999997,8,2.8,0,100,100,87.2,2.0666666666666655,37,94.8,-4.049999999999997,1031,10,0,1992-10-04,47.3629,7.8107,control-day
90,5.35,1.45,71,15,99.25,100,5,1019.05,0,0.4,0,0,62.6,97.6,87.8,5.083333333333335,63,86.4,3.5999999999999943,1031,10,0,2013-10-03,47.3629,7.8107,control-day
91,20.575,1.5249999999999995,57,69.75,74.25,95.5,4.95,1013.05,14.8,14.8,35.7,0,73.6,99.8,33.6,0.6666666666666679,270,92.4,-1.4000000000000057,558,4,0,2019-04-09,-22.9519,-43.2105,control-day
83.5,19.9,2.925,5,6,82,84,4.1,1013.3,0.1,0.1,7.9,0,74,77.6,8.4,1.8333333333333357,20,85,-1.5,558,4,0,2007-04-08,-22.9519,-43.2105,control-day
88.25,-2.45,1.7000000000000002,96,100,100,100,15.899999999999999,1016.875,2.8000000000000007,8.299999999999999,6.3999999999999995,0,100,100,90.2,0.9166666666666663,136,83,5.25,960,4,0,1996-04-14,56.8102,-4.997,control-day
94.25,1.1500000000000001,0.8250000000000001,72.25,0.5,19.25,74.5,17.225,1014.6500000000001,3.6999999999999993,4.199999999999999,6.200000000000002,0,3.8,100,99.8,0.21666666666666679,254,97.8,-3.549999999999997,960,4,0,1997-04-01,56.8102,-4.997,control-day
94.75,2.725,0.75,99,0,0,99,20.325000000000003,1027.825,0.2,4.2,0,0,0,100,100,2.2000000000000006,33,97,-2.25,678,3,0,2007-03-31,54.1566,-2.249,control-day
95.5,0.5,0.6249999999999999,100,76,0,100,14.2,1005.375,0,0.4,4.300000000000001,0,2.4,99.2,98,1.9166666666666663,136,82.2,13.299999999999997,678,3,0,2014-03-25,54.1566,-2.249,control-day
98.75,2.075,0.14999999999999997,90.75,80.25,85.75,100,16.125,1013.5000000000001,0,0,5.5,0,99.8,100,99.2,-0.55,289,93.4,5.349999999999994,560,2,0,2004-02-24,54.6266,-2.3962,control-day
94,-2.5500000000000003,0.8999999999999999,0.25,0,10,11.25,6.1499999999999995,1028.7,6.699999999999999,7.099999999999998,0.1,1,4.2,37.6,22.8,3.3,200,92.8,1.2000000000000028,560,2,0,1992-02-28,54.6266,-2.3962,control-day
85.75,1.9,2.15,32.5,0,89.25,94.25,29.85,981.675,15.2,15.2,2.2,0,57.2,81.4,48.2,0.7833333333333332,243,84.8,0.9500000000000028,448,12,0,2013-12-28,55.8831,-3.222,control-day
96.75,6.675,0.5,99.5,1,0,99.5,20.125,1028.6499999999999,0,1.5,0,0,0.4,82.2,86,-0.30000000000000027,222,93.8,2.950000000000003,448,12,0,2017-12-19,55.8831,-3.222,control-day
87.75,-3.975,1.7499999999999998,0,0,1.5,2,7.3,1015.1500000000001,1.2000000000000002,4.3,0,1,0.6,0.6,0,0.3833333333333333,258,83.6,4.150000000000006,483,12,0,2012-12-02,55.8824,-3.2375,control-day
91,8.325000000000001,1.3750000000000004,100,43.25,4.75,100,34.050000000000004,1000.7500000000001,1.2000000000000002,3.6000000000000005,4,0,96.2,100,99.8,-1.2166666666666668,215,94.2,-3.200000000000003,483,12,0,1990-12-22,55.8824,-3.2375,control-day
95,0.2,0.75,0,0,0,0,11.6,1015.4,2.8000000000000003,4.3999999999999995,0,1,0,12.8,10.4,2.3,268,93.4,1.5999999999999943,56,1,0,2004-01-25,52.2442,0.7099,control-day
91.5,-2.1999999999999997,1.225,18.25,49.5,39.75,63.75,6.5,1025.75,0,0,0,0,0,53.2,43.2,3.1500000000000004,292,93.8,-2.299999999999997,56,1,0,2011-01-03,52.2442,0.7099,control-day
95.75,3.325,0.6249999999999999,100,94,58.5,100,13.65,981.3,11.2,16.2,7.499999999999998,0,0,100,100,0.28333333333333277,125,92.4,3.3499999999999943,724,12,0,2020-12-11,55.651,-5.229,control-day
62,0.15,6.3999999999999995,0,20,45,62.75,25.575,1020.475,0.1,0.1,0,0,26.4,26.8,0,0.8999999999999999,348,65.4,-3.4000000000000057,724,12,0,1998-12-04,55.651,-5.229,control-day
84.25,0.325,2.375,66.75,17.5,0,71,26.6,1013.7750000000001,13.1,31.700000000000003,2.8000000000000007,0,0,43,29.6,1.85,241,75.6,8.650000000000006,834,12,0,2015-12-11,54.448,-3.1634,control-day
97,1.5,0.4749999999999999,100,17.75,50.5,100,19.625,1003.725,28.8,66.2,14.499999999999996,0,35,100,100,0.06666666666666687,215,95.4,1.5999999999999943,834,12,0,2020-12-20,54.448,-3.1634,control-day
99,5.074999999999999,0.09999999999999964,100,81.25,99.5,100,18.475,1001.175,19.1,19.9,19,0,99.6,100,100,-0.2666666666666666,238,99,0,1162,12,0,1997-12-06,57.2796,-5.1206,control-day
96.25,0.15,0.5,99.25,86.25,85.75,100,13.25,1025.8,0,0,2.2,0,79,100,98.6,-0.7000000000000006,178,94.4,1.8499999999999943,1162,12,0,2005-12-09,57.2796,-5.1206,control-day
86,1.325,2.1,90,65.5,94.5,99.5,11.05,1042.875,0,10.100000000000001,0,0,98,99.4,70.6,1.8666666666666667,201,85.2,0.7999999999999972,540,12,0,1991-12-25,52.6968,-3.8783,control-day
89,-4.75,1.525,11,0.25,0,12.25,2.8750000000000004,995.225,0,0.1,1.1,0,1.6,6.8,4.8,2.066666666666667,90,88,1,540,12,0,2000-12-27,52.6968,-3.8783,control-day
45.25,4.375,10.975,7,1,47.25,50.75,17.575,1013.6,0,0,0.3,0,5,60.2,24.6,1.6333333333333342,219,38.4,6.850000000000001,2068,11,0,2024-11-24,36.046,-112.0588,control-day
41.5,9.95,12.575,0,0,30.25,30.25,3.9749999999999996,1023.025,0,0,0,0,18.8,18.8,0,-0.11666666666666536,180,34.2,7.299999999999997,2068,11,0,2017-11-26,36.046,-112.0588,control-day
95.5,-4.275,0.5999999999999999,86.5,0,22,93.25,4.4,1026.5,3.4000000000000004,24.000000000000014,0.7999999999999999,0,0,87.4,83.6,1.3166666666666664,29,95.8,-0.29999999999999716,1523,12,0,1989-12-06,50.1007,-122.915,control-day
57.5,-5.5,7.125,0,21.75,95.5,96,1.975,1035.7,0,0,0,0,0,0.2,0,1.7333333333333334,320,63.6,-6.100000000000001,1523,12,0,1999-12-24,50.1007,-122.915,control-day
81.75,9.025,2.9750000000000005,2.75,13.5,0,14,5.675000000000001,1018.475,0,9.700000000000001,0,0,0,10.8,1.6,4.8000000000000025,162,83.4,-1.6500000000000057,2070,10,0,2016-10-01,36.0581,-112.1367,control-day
37,6.475,13.75,0,0,0,0,4.550000000000001,1025.4,0,0,0,0,0,0,0,2.283333333333333,113,25.6,11.399999999999999,2070,10,0,2019-10-22,36.0581,-112.1367,control-day
99.25,-1.95,0.12500000000000006,99.5,4.75,74,100,2.475,1027.1,0,0,0,0,56.8,99.2,97.8,3.783333333333333,83,99,0.25,965,10,0,1997-10-26,56.7435,-5.0303,control-day
91.5,1.2000000000000002,1.2249999999999999,76.25,100,100,100,19.825000000000003,986.55,13.200000000000001,17.8,10.900000000000002,0,65.4,100,63.8,0.050000000000000044,88,96.8,-5.299999999999997,965,10,0,2021-10-31,56.7435,-5.0303,control-day
95.25,4.55,0.7249999999999999,94.5,57.25,0,97.25,18.85,1003.375,25.600000000000005,41.39999999999999,10.699999999999998,0,0.4,100,95.4,2.466666666666667,214,94.4,0.8499999999999943,533,10,0,2021-10-25,56.7394,-5.0427,control-day
98.5,6.9,0.2250000000000001,99.5,31,91.75,100,9.675,977.575,1.2000000000000002,1.8,2.2,0,90.2,100,97.6,0.6833333333333336,283,98.2,0.29999999999999716,533,10,0,1994-10-23,56.7394,-5.0427,control-day
94.25,1.95,0.8250000000000001,83.5,30,65.75,98.5,8.600000000000001,1016.55,23.50000000000001,65.19999999999999,3.400000000000001,0,19.4,83.8,67.2,0.4333333333333331,248,96.2,-1.9500000000000028,965,10,0,2022-10-08,56.7438,-5.0303,control-day
94.25,-2.925,0.7999999999999998,12.25,0,0,12.25,10.325,1022.4000000000001,0,0,0.5,0,0,5.8,6.2,0.6499999999999995,100,96.2,-1.9500000000000028,965,10,0,2019-10-31,56.7438,-5.0303,control-day
96.75,-4.15,0.40000000000000013,100,62.5,12.25,100,4.525,1018.75,0,0,0,0,71.6,99.2,85,0.4666666666666668,86,96.2,0.5499999999999972,449,12,0,2012-12-12,56.413,-5.044,control-day
99.5,-0.35,0.07499999999999998,100,29,68.25,100,8.225,980.6999999999999,15.5,17.599999999999998,6.8999999999999995,0,88.2,100,93.2,1.2,223,99.4,0.09999999999999432,449,12,0,2019-12-15,56.413,-5.044,control-day
93,-0.7999999999999999,1,26.5,0,17,38.5,5.775,1032.5749999999998,0,0,0,0,0,28,27.2,1.3833333333333333,81,94,-1,359,11,0,1989-11-30,54.4733,-3.0392,control-day
91.75,-3.65,1.1500000000000001,7.75,0,0,7.75,9,1016.35,0.5,15.999999999999996,0,0,0,54.4,54.4,2.433333333333333,2,86.2,5.549999999999997,359,11,0,1996-11-26,54.4733,-3.0392,control-day
99.5,1.875,0.0749999999999999,100,98.75,80.25,100,3.8000000000000003,967.675,1.5000000000000002,1.5000000000000002,26.499999999999993,0,95,100,100,-0.36666666666666625,90,99.4,0.09999999999999432,154,1,0,2016-01-10,56.1554,-3.915,control-day
98.5,1.8499999999999999,0.2499999999999999,84,78.75,98.5,100,5.225,996.0749999999999,7.9,21.099999999999998,5.8,0,8.6,47,25.4,2.4500000000000006,225,95.6,2.9000000000000057,154,1,0,2002-01-27,56.1554,-3.915,control-day
87,12.675,2.1000000000000005,5.75,9.75,64.75,69.25,8.5,1010.575,1.5999999999999999,1.5999999999999999,0,0,86.6,95.6,8.8,2.416666666666668,252,86.8,0.20000000000000284,177,7,0,2000-07-28,55.9235,-2.2426,control-day
81.75,10.225,2.9499999999999997,12,10.75,0,17.25,19.275,1007.275,0,2.6,3.2000000000000006,0,0,4.2,3.4,2.799999999999999,230,79.2,2.549999999999997,177,7,0,2012-07-28,55.9235,-2.2426,control-day
85.25,-8.325000000000001,2.025,0,0,0,0,16.675,1029.65,0,0,0,0,0.2,4.2,6.4,1.6333333333333329,123,87.4,-2.1500000000000057,834,1,0,2017-01-26,50.491,9.9207,control-day
93,-3.625,0.9749999999999999,98.25,24,0,98.5,9,1039.175,0,0,0,0,0,98,97.4,0.6000000000000005,14,97,-4,834,1,0,1992-01-27,50.491,9.9207,control-day
94.75,4.699999999999999,0.7749999999999999,100,100,100,100,9.6,1022.875,0,17.8,6.6000000000000005,0,35.6,95.6,81.6,-1.05,171,88.4,6.349999999999994,517,11,0,2020-11-20,55.9932,-4.1661,control-day
80,2.5999999999999996,3.075,45,41.25,31.5,71.75,18.799999999999997,1013.625,4.3,13.699999999999998,6.4,0,6,72.4,55.6,0.33333333333333304,248,83,-3,517,11,0,2015-11-14,55.9932,-4.1661,control-day
83.25,9.425,2.7250000000000005,94.75,14,99.25,100,32.05,1020,0,0,0,0,99,100,99.6,-0.3333333333333339,250,90,-6.75,207,12,0,2014-12-22,51.2947,-2.8088,control-day
86.25,8.025,2.175,31.75,93.25,31.25,95.25,20.45,998.925,0.5,1.6,10.600000000000001,0,50.4,97.2,76,-1.1000000000000005,201,88.8,-2.549999999999997,207,12,0,2000-12-10,51.2947,-2.8088,control-day
97.25,5.975,0.3999999999999999,96,38.25,0,96.75,11.55,995.6,0.6,0.6,5.1,0,89.8,100,100,0.55,259,97,0.25,87,12,0,1989-12-12,52.2227,-2.8517,control-day
92.5,-0.275,1.1,45.25,0,0,45.75,14,1032.675,0,0,0,0,0,61,60.6,0.6166666666666667,63,92.6,-0.09999999999999432,87,12,0,2008-12-28,52.2227,-2.8517,control-day
100,12.575,0.07499999999999973,100,4.75,10.75,100,7.725,998.725,18.4,18.7,6.299999999999997,0,100,100,98.4,0.2833333333333332,200,99.4,0.5999999999999943,172,10,0,2024-10-17,56.4395,-4.365,control-day
89.25,6.225,1.6250000000000002,44,18.25,18.25,56,7.9750000000000005,999.4000000000001,13.6,28.5,0.4,1,0,23.6,18.4,1.7666666666666648,227,89.6,-0.3499999999999943,172,10,0,2019-10-12,56.4395,-4.365,control-day
94.75,9.7,0.7999999999999998,100,85.5,81,100,11.825,990.975,0,0,6.2,0,88.2,99.8,92.8,0.10000000000000142,85,87.6,7.150000000000006,113,11,0,1997-11-05,54.5807,-3.3175,control-day
94,8.525,0.8499999999999996,91.75,0,11.75,96,13.175,1012.55,0,0,0,0,73.2,95.2,75.4,0.4166666666666661,66,93.2,0.7999999999999972,113,11,0,1989-11-20,54.5807,-3.3175,control-day
100,2.8,0.04999999999999993,100,0,0,100,14.4,1041.5,0,0.2,0,0,0,100,100,-0.016666666666666607,118,99,1,557,12,0,2021-12-18,54.1537,-2.4017,control-day
92.25,4,1.15,88.75,67.5,36.25,93.75,29.75,987.8000000000001,8.6,13.499999999999998,13.399999999999997,0,38.6,97.6,86.2,-0.3500000000000001,283,92.4,-0.15000000000000568,557,12,0,2002-12-02,54.1537,-2.4017,control-day
89.25,10.525,1.7000000000000002,39.5,15,1.75,44.75,18.375,1001.75,19.900000000000002,19.900000000000002,0.1,1,17.2,77,67.6,2.5666666666666664,223,91.2,-1.9500000000000028,249,8,0,2012-08-28,56.1545,-3.4535,control-day
88.25,11.6,1.8999999999999995,97.5,0,98.25,99.75,8.35,1023.475,0.9999999999999999,0.9999999999999999,1.5000000000000002,0,93,100,99.6,4.233333333333336,103,89.2,-0.9500000000000028,249,8,0,2013-08-28,56.1545,-3.4535,control-day
91.25,-3.6750000000000003,1.175,25.25,16.25,0,28.5,9.975,1015.25,0.9000000000000001,1.2000000000000002,0.30000000000000004,0,0,95.6,94.6,1.6833333333333333,29,94.2,-2.950000000000003,857,12,0,2009-12-17,53.0732,-3.934,control-day
90.75,2.225,1.4249999999999998,36,29.5,4.25,51.25,20.225,1009.35,4.399999999999999,14.899999999999995,7.1,1,28.6,60.8,38.2,0.7666666666666666,198,91,-0.25,857,12,0,2000-12-03,53.0732,-3.934,control-day
91.25,6.525,1.3,98.25,45.75,5.25,99,10.75,1016.2750000000001,0.4,0.5,1,0,0,95.2,94,3.299999999999999,240,90.6,0.6500000000000057,1051,6,0,2010-06-24,56.5344,-4.239,control-day
89.5,3.9499999999999997,1.6,18.5,80.25,3,84.25,4.65,1012.25,0,0,0,0,26.6,74.6,21.2,5.35,346,90.4,-0.9000000000000057,1051,6,0,1997-06-29,56.5344,-4.239,control-day
89.25,11.175,1.6749999999999998,33.5,32.5,0,47.75,22.525000000000002,1015.75,7.599999999999999,10.2,3.700000000000001,1,0,59.8,51.4,1.7666666666666657,273,88.8,0.45000000000000284,75,8,0,2009-08-29,54.4311,-2.9605,control-day
98.5,16.35,0.20000000000000107,98.5,42.5,97.25,100,19.825,1005.375,5.7,8.200000000000001,18.799999999999997,0,97.6,100,97.6,0.783333333333335,190,95.2,3.299999999999997,75,8,0,2010-08-20,54.4311,-2.9605,control-day
92,12.775,1.2750000000000004,58.25,49.25,3,67.75,9.450000000000001,1010.3,0,0,5.800000000000001,0,5.8,87.2,49.8,3.4833333333333325,168,94.2,-2.200000000000003,75,8,0,2011-08-24,54.4312,-2.9608,control-day
90.5,15.024999999999999,1.5999999999999996,46,16,75.25,90.5,6.325,1017.7250000000001,0.3,3.1,1.4000000000000001,0,80.6,97.4,74,1.3666666666666671,106,88.8,1.7000000000000028,75,8,0,2016-08-25,54.4312,-2.9608,control-day
97,8.2,0.42500000000000004,11.5,52.5,97.5,98.25,8.799999999999999,1011.325,2.8000000000000003,2.8000000000000003,10.100000000000001,0,46.6,82.6,50.2,2.7333333333333343,192,97.2,-0.20000000000000284,466,10,0,2007-10-16,52.0882,-3.6986,control-day
96.75,6.2749999999999995,0.5249999999999999,96,56,0,97,9,1020.4000000000001,2.1,2.1,0.8999999999999999,0,43.2,91,82,1.0499999999999998,90,93.6,3.1500000000000057,466,10,0,2016-10-25,52.0882,-3.6986,control-day
91.75,3.125,1.225,1.5,0,42.25,44.25,16.7,1015.075,0.4,1.7999999999999998,0,0,2.2,10.4,7.8,2.266666666666667,147,93.4,-1.6500000000000057,290,2,0,1989-02-09,53.9958,-1.942,control-day
94.75,0.275,0.8,81.5,42,0,85.25,15.475,997.3499999999999,0.4,5.3999999999999995,3.6999999999999997,0,92.4,99.4,63.8,0.49999999999999994,286,92.8,1.9500000000000028,290,2,0,2020-02-27,53.9958,-1.942,control-day
97.5,-4.5,0.30000000000000004,89.75,2.75,44.75,96.25,9.674999999999999,1038.75,0,0,0,0,69,100,99.8,1.3666666666666663,57,98,-0.5,876,12,0,1992-12-26,51.8833,-3.4368,control-day
92.5,-2.85,1.025,54,14.75,24.5,67.75,13.725000000000001,1017.825,1.2,1.2,0.7999999999999999,0,1.4,70,63,-0.23333333333333428,152,95,-2.5,876,12,0,1995-12-08,51.8833,-3.4368,control-day
93.5,9.95,0.9750000000000001,81.5,53.25,87.5,100,13.774999999999999,1020.925,0.2,0.2,2.0000000000000004,0,96.8,99.8,84.8,0.9499999999999993,304,91,2.5,159,9,0,2022-09-18,54.6042,-3.1946,control-day
96.25,11.55,0.5499999999999998,71,0,20.5,78,10.85,1023.575,0.1,5.9,4.1,0,6,84.6,83,1.5999999999999996,207,97.6,-1.3499999999999943,159,9,0,2015-09-20,54.6042,-3.1946,control-day
95,0.125,0.7,99.75,89.25,0,100,14.899999999999999,1000.4749999999999,5.9,35.400000000000006,9.900000000000002,0,100,100,50.4,0.7333333333333333,155,98.8,-3.799999999999997,814,2,0,2020-02-02,54.4897,-3.3021,control-day
96.25,-2.0749999999999997,0.5250000000000001,98.25,64.5,5.5,99.5,7.4,1018.7,0,0,4.000000000000001,0,73.4,98.6,42.6,1.6833333333333333,180,90.6,5.650000000000006,814,2,0,1998-02-01,54.4897,-3.3021,control-day
81.5,2.325,2.875,62,0,0,62,13.1,1022.3,0,0,0,0,0,57.8,60.4,2.0666666666666673,90,82.8,-1.2999999999999972,267,4,0,2020-04-18,55.6089,-2.9454,control-day
80.75,-3.05,2.825,0.25,1.75,26,27,16.099999999999998,1021.9,0.5,0.9999999999999999,0,0,0,5.4,6.8,2.5833333333333335,286,68.2,12.549999999999997,267,4,0,2021-04-07,55.6089,-2.9454,control-day
70.25,8.725,5.075,20.25,51.75,2.75,64.5,37,1008.7249999999999,1.2000000000000002,8.7,0.9999999999999999,0,45.6,94.2,15.2,1.200000000000001,268,67.6,2.6500000000000057,471,8,0,2005-08-26,54.258,-4.47,control-day
94,10.45,0.9750000000000001,43.5,6.75,11,52.75,11.899999999999999,1010.95,3.3000000000000003,6.8,2,1,34.2,52.2,47.8,1.9499999999999993,274,92.8,1.2000000000000028,471,8,0,2023-08-29,54.258,-4.47,control-day
88.75,-8.1,1.5500000000000003,35.75,0,25.25,51,8.9,1035.95,0.1,20.90000000000001,0,0,17.8,35.6,23.4,3.3333333333333335,348,85.8,2.950000000000003,711,2,0,1996-02-14,54.2317,-2.401,control-day
94.75,0.425,0.725,99.75,0,0,99.75,8.95,1037.55,0,0,0,0,0,100,100,1.1833333333333336,347,94.4,0.3499999999999943,711,2,0,2023-02-28,54.2317,-2.401,control-day
49.75,14.35,10.425,0,0,20.5,21.25,0.8750000000000001,1014.05,0,0,0,0,31.8,33.2,0.6,4.583333333333332,90,67.2,-17.450000000000003,1131,5,0,1989-05-19,29.3917,-9.4553,control-day
93.75,8.975000000000001,0.9499999999999997,46.25,3.75,19.5,63,1.5,1011.8000000000001,0.1,0.1,0,0,0,19.6,19.2,4.866666666666667,180,92.6,1.1500000000000057,1131,5,0,1997-05-25,29.3917,-9.4553,control-day
95,9.524999999999999,0.7749999999999995,56.75,1.5,35.5,73,3.4499999999999997,1021.075,0,0.5,1.2,0,0.8,73.6,72.8,1.8166666666666664,124,95,0,1745,1,0,1994-01-07,23.655,120.7859,control-day
83,10.075000000000001,2.7499999999999996,23.5,8.5,0,25.25,3.6999999999999997,1017.4,0,0,0.2,0,0,17,14.2,1.6166666666666654,72,86.2,-3.200000000000003,1745,1,0,1995-01-23,23.655,120.7859,control-day
58.5,13.2,7.949999999999999,0,0,1.75,2.25,2.3,1015.0999999999999,0,0.4,0,0,2,2.8,0,2.783333333333333,27,58.8,-0.29999999999999716,1941,3,0,2010-03-20,27.7272,85.5255,control-day
74,9.850000000000001,4.425,13.5,33,17,47.5,3.55,1016.5250000000001,14.199999999999998,16.900000000000006,4.3999999999999995,1,38.6,65.2,6.6,1.666666666666666,27,79,-5,1941,3,0,2003-03-25,27.7272,85.5255,control-day
91,7.199999999999999,1.4000000000000001,97.5,24,2,98.25,1.975,1011.675,5.599999999999999,6.699999999999998,2,0,0.2,98.8,98.8,2.25,126,99.4,-8.400000000000006,1941,3,0,2025-03-08,27.7272,85.5255,control-day
82.75,6.675,2.6999999999999997,8.5,6.5,0,12.5,2.3,1016.0500000000001,7.300000000000001,7.300000000000001,4.2,1,51,57.4,20,3.1833333333333336,321,86,-3.25,1941,3,0,1998-03-19,27.7272,85.5255,control-day
78.75,5.125,3.3249999999999997,79.75,59.5,28.75,91.25,2.7,1020.225,0,0,0.7,0,50.6,96.6,40.2,3.4000000000000004,113,78.2,0.5499999999999972,698,2,0,2014-02-11,43.678,40.263,control-day
75.5,-0.7,3.8,52.5,0,0,53,11.4,1024.4,2.9,2.9,0.1,1,0,76,69.4,3.9000000000000004,57,89.8,-14.299999999999997,698,2,0,2007-02-18,43.678,40.263,control-day
98.5,-6.949999999999999,0.22499999999999987,82,100,100,100,6.125,1006.4250000000001,0.5,0.6,6.799999999999999,0,100,100,41.8,0.18333333333333268,288,91.2,7.299999999999997,1510,2,0,2011-02-18,40.666,140.8814,control-day
76.25,-9.05,3.45,1.5,1.25,41.75,42.5,8.8,1015.825,1.9000000000000001,7.999999999999999,0.4,1,43.6,45.8,5.6,0.31666666666666465,252,85.8,-9.549999999999997,1510,2,0,2017-02-05,40.666,140.8814,control-day
92.25,-9.25,1.025,94.5,0,91.25,99.25,5.175,1017.25,1.7000000000000002,6.699999999999999,0,0,38.8,71.8,54.2,5.466666666666667,111,92.6,-0.3499999999999943,2407,3,0,2002-03-16,44.9976,6.1489,control-day
89.75,-4.325,1.475,64.25,69.25,73.25,96.5,6.8,1006.175,1.9000000000000001,1.9000000000000001,4.1,0,94,98.4,47.6,1.9499999999999997,62,87,2.75,2407,3,0,2002-03-06,44.9976,6.1489,control-day
59.25,19.125,8.2,0,7.75,77.5,79.25,14.05,1010.7,0,0.8,0,0,57,59.4,0,5.933333333333334,32,60,-0.75,385,5,0,1993-05-20,37.6153,67.2896,control-day
43.5,16.025,12.475000000000001,0,2.25,1.25,3.75,3.35,1010.65,0,0,0.1,0,9,11.4,0,9.016666666666666,37,37.4,6.100000000000001,385,5,0,2005-05-23,37.6153,67.2896,control-day
68.5,-7.525,4.825,1.5,48.5,99.5,99.75,14.375,1027.1999999999998,0,0,0,0,55.8,58.2,3.6,1.5666666666666673,156,70.4,-1.9000000000000057,763,12,0,1999-12-23,50.5472,9.8981,control-day
93.5,-9.575,0.8250000000000002,56.25,1.5,97.25,99.5,6.575,1022.825,9.1,9.6,5.1000000000000005,0,7.2,48.2,44.2,4.35,126,95.2,-1.7000000000000028,763,12,0,1995-12-21,50.5472,9.8981,control-day
97.25,1.35,0.375,97.75,56.75,9.5,99,6.875,1021.1,0,0,0.6,0,53.4,89,77.4,1.5833333333333335,236,97,0.25,887,11,0,2014-11-24,50.4232,9.9589,control-day
91.75,9.975,1.2999999999999996,96.75,51.75,25,97.25,19.225,1021.5250000000001,0,3.3000000000000003,1.8,0,61.6,70.2,12.8,0,247,92.4,-0.6500000000000057,887,11,0,2015-11-09,50.4232,9.9589,control-day
46,4.45,10.7,0,0,99.75,99.75,15.700000000000001,1014.1,0,0,0,0,77.4,78,0,3.1000000000000014,67,58.2,-12.200000000000003,1187,3,0,2004-03-24,44.4493,34.0565,control-day
86,-0.25,2.075,1,96,99.25,100,6.125,1015.175,0,0,0,0,100,100,10.8,1.5,90,89.6,-3.5999999999999943,1187,3,0,1994-03-03,44.4493,34.0565,control-day
91,-1.375,1.3249999999999997,62.5,62.5,5.75,84,10.675,1014.125,8.700000000000001,9.6,11.399999999999997,0,62.6,99.8,87.2,1.4,231,92.4,-1.4000000000000057,1016,11,0,1998-11-15,47.0405,7.9973,control-day
94.25,0.15000000000000002,0.825,99.5,55.5,0,99.5,7.450000000000001,1022.25,4.199999999999999,11.099999999999998,0.4,0,0,94.8,64,1.8166666666666667,212,93.2,1.0499999999999972,1016,11,0,2021-11-05,47.0405,7.9973,control-day
80.25,4.8500000000000005,3.075,33,2.25,0,33.75,23.4,1014.9000000000001,0,19.900000000000002,0,0,65.2,92.4,78.6,2.4333333333333345,270,70.8,9.450000000000003,8,2,0,2011-02-08,53.556,10.0018,control-day
88.25,8.649999999999999,1.8499999999999996,100,4.75,89.25,100,27.075,1013.975,0.4,0.4,3.2,0,98.6,100,100,-0.4833333333333325,250,89.4,-1.1500000000000057,8,2,0,2008-02-22,53.556,10.0018,control-day
60,-0.35,6.875,0,15,26.25,26.25,1.45,1022.2500000000001,11.399999999999999,11.399999999999999,0,1,76.6,98.8,17.6,0.1166666666666667,111,72,-12,1730,11,0,2024-11-27,45.1899,5.9355,control-day
32,-2.525,14.625,0,0,0,0,3.775,1027.375,0,0,0,0,0,0,0,5.333333333333333,127,54.4,-22.4,1730,11,0,2003-11-06,45.1899,5.9355,control-day
95.5,-2.1,0.6500000000000001,96.5,48.25,0,98,1.7249999999999999,1022.675,0,6.500000000000001,0,0,0,99.8,97.8,-0.19999999999999973,22,91.4,4.099999999999994,1449,11,0,2001-11-25,46.7284,6.3574,control-day
96.75,2.375,0.47500000000000003,70.25,96.75,97.5,99.75,3.95,1009.8,3.7000000000000006,3.7000000000000006,12.1,0,97.4,100,79.8,1.2833333333333332,90,93.4,3.3499999999999943,1449,11,0,1997-11-05,46.7284,6.3574,control-day
75,-18.725,3.3249999999999993,7.25,0,0,7.75,5.925000000000001,1029.975,0,0,0,0,0,12.4,11.8,9.649999999999999,101,71,4,1579,1,0,2006-01-24,45.844,6.2569,control-day
82.75,-15.075,2.3250000000000006,19.5,0,0,20.25,4.9,1024.525,0,0,0,0,0,18.8,17.8,8.366666666666667,98,79.4,3.3499999999999943,1579,1,0,1997-01-13,45.844,6.2569,control-day
96.75,9.475,0.4500000000000006,87.75,8.75,0,88.75,6.025,1022.35,4.2,7.1000000000000005,1.2999999999999998,0,0,76.8,75,1.1999999999999993,69,96.8,-0.04999999999999716,2090,7,0,2009-07-29,-21.1874,55.635,control-day
93.5,6.775,0.9749999999999996,41,3.75,0,41.25,10.975,1024.0500000000002,1.8000000000000003,4.9,2.4000000000000004,1,0,56,52.2,1.1333333333333329,117,93.6,-0.09999999999999432,2090,7,0,1999-07-30,-21.1874,55.635,control-day
99.75,4.4,0.025000000000000133,88.25,0,0,88.25,2.55,1023.775,0.7,1.4000000000000001,0.30000000000000004,0,0,83.6,67.2,1.666666666666667,262,99.4,0.3499999999999943,2080,7,0,2018-07-14,-21.2055,55.6199,control-day
97.25,8.3,0.42500000000000027,44.25,6.25,0,45,4.875,1021.125,1.8,2.1,0.6,1,0,61,57.4,0.7499999999999982,150,96,1.25,2080,7,0,2000-07-18,-21.2055,55.6199,control-day
94.75,11.100000000000001,0.7499999999999996,28.25,5.25,0,29.25,5.4,1017.1,0.4,0.4,8.3,0,0,12.6,10.2,5.550000000000001,203,93.6,1.1500000000000057,2003,7,0,1999-07-17,42.7335,1.9932,control-day
83.75,4.75,2.5250000000000004,35.25,12.75,11,44.75,6.575000000000001,1021.325,0,1.4000000000000001,0.1,0,0,88,85.6,2.866666666666667,283,83.8,-0.04999999999999716,2003,7,0,2007-07-11,42.7335,1.9932,control-day
82,8.05,2.875,3.5,44.5,35.75,73,2.675,1015.8,0,0,16.4,0,34.8,94.2,2.2,3.716666666666667,126,71.2,10.799999999999997,1696,7,0,1989-07-01,45.31,5.86,control-day
69.5,12.625,5.525,6,0,26.75,30.25,3.175,1022.6750000000001,0.1,0.1,0,0,0,0.4,0.4,4.783333333333331,98,72.8,-3.299999999999997,1696,7,0,2022-07-12,45.31,5.86,control-day
90.75,-2.525,1.325,85.75,0,0,85.75,4.9,1030.375,0,0,0,0,0,68.2,67.6,8.799999999999999,94,92.8,-2.049999999999997,1126,11,0,2011-11-13,45.8294,6.1242,control-day
51.25,2.95,9.125,8.5,0,92.5,93.25,8.3,1024.625,0,5,0,0,84.4,85.8,7.2,-0.8666666666666667,145,34.2,17.049999999999997,1126,11,0,2024-11-24,45.8294,6.1242,control-day
78,-3.9499999999999997,3.2750000000000004,81.5,99.5,0,99.75,2.4000000000000004,1018.125,0,4.8999999999999995,1.1,0,0,71,65.4,3.3666666666666663,63,85.8,-7.799999999999997,1146,11,0,2015-11-28,45.8295,6.1241,control-day
87,-1.05,1.925,100,100,81.75,100,5,1013.425,0,11.1,1.2,0,98.2,100,48,3.033333333333334,115,89.6,-2.5999999999999943,1146,11,0,2003-11-30,45.8295,6.1241,control-day
75.75,0.6,3.775,70,0,95,98,2.3,1028.875,0,0,0,0,62.6,88.2,70,1.3166666666666664,53,75.8,-0.04999999999999716,1146,11,0,2006-11-06,45.8295,6.1241,control-day
95.75,-1.5,0.55,97.25,0.5,1.5,97.25,1.65,1021.9000000000001,2.400000000000001,21.50000000000001,0.5,0,11.2,62,53.2,2.3333333333333335,153,95,0.75,1146,11,0,2021-11-05,45.8295,6.1241,control-day
68.25,0.525,5.2250000000000005,0,99.75,98.75,100,3.05,1013.2750000000001,0,3.6,7.300000000000001,0,100,100,0,0.4500000000000002,180,74.8,-6.549999999999997,984,11,0,2023-11-27,45.8422,6.1277,control-day
88,5.6,1.8499999999999999,99,70.5,65.75,99.5,4.575,1020.1,7.8999999999999995,7.8999999999999995,0.2,0,75.8,100,98,1.0666666666666673,100,92.8,-4.799999999999997,984,11,0,1992-11-04,45.8422,6.1277,control-day
86,0.6499999999999999,2.05,33.5,6.25,7.75,40.75,1.6999999999999997,1026,0,0,0,0,0.4,20.6,19.8,4.1499999999999995,112,86,0,984,11,0,2011-11-28,45.8423,6.1277,control-day
90,6.575,1.575,99.75,100,100,100,4.2749999999999995,1011.05,4.499999999999999,4.499999999999999,32.400000000000006,0,100,100,69.6,0.5499999999999989,93,85.4,4.599999999999994,984,11,0,2017-11-05,45.8423,6.1277,control-day
68.75,2.75,5.175,1.5,0.75,97,97,5.050000000000001,1018.325,0,0,0.4,0,10.8,65.8,13.8,1.4499999999999997,153,70.4,-1.6500000000000057,984,11,0,2017-11-24,45.8423,6.1277,control-day
91.5,0.42500000000000004,1.175,53.5,3.5,0,55,4.5,1020.1750000000001,0.1,0.1,0,0,18.4,56.8,45.2,3.583333333333333,360,90.4,1.0999999999999943,984,11,0,2004-11-07,45.8423,6.1277,control-day
99.5,3.6,0.09999999999999998,61.5,0,75.75,90,3.025,1032.8999999999999,0,0,0,0,79,90.2,51.8,2.2,84,96.6,2.9000000000000057,984,11,0,2015-11-14,45.8423,6.1277,control-day
72.5,-2.525,4.275,3.5,80.75,30.75,85.5,7.875,1012,0,0,0,0,20,45.6,4.8,5.7,104,73.2,-0.7000000000000028,984,11,0,2007-11-20,45.8423,6.1277,control-day
75.5,0.15000000000000002,3.825,30.25,5.5,95.75,97.25,2.5999999999999996,1027.575,0,0,0,0,68.6,80.4,23.8,3.3999999999999995,90,75.4,0.09999999999999432,1336,11,0,2011-11-30,45.8133,6.1215,control-day
76,-1.775,3.625,1.75,92.25,94.5,98,2.475,1009.8000000000001,0,0,7.300000000000002,0,80.6,87.6,1,3.4333333333333336,352,69.8,6.200000000000003,1336,11,0,1995-11-27,45.8133,6.1215,control-day
38.75,-0.27499999999999997,12.5,0,0,0,0,0.925,1032.95,0,0,0,0,0,0,0,1.8000000000000003,108,38.4,0.3500000000000014,1748,2,0,2023-02-14,45.1161,5.8774,control-day
48,-1,9.725,0,0,0,0,9.6,1019.4,0,0,0,0,1.2,2,0.6,3.65,137,53.6,-5.600000000000001,1748,2,0,2021-02-20,45.1161,5.8774,control-day
50.5,-5.175,8.8,0,0,0,0,2.175,1025.675,0,0,0,0,8.6,8.6,0,4.55,107,58.6,-8.100000000000001,2210,2,0,2026-02-26,45.1239,5.9017,control-day
73.25,-8.65,3.95,0,0,0,0,3.825,1028.9,0,0.5,0,0,3.6,3.6,0,6,95,72.2,1.0499999999999972,2210,2,0,1991-02-24,45.1239,5.9017,control-day
58,-10.424999999999999,6.85,0,0,2,2,4.825,1020.55,0,0.7999999999999999,0,0,0,0.8,0.8,2.8499999999999996,70,84,-26,1834,3,0,2018-03-22,45.1289,5.8863,control-day
89.75,-3.3,1.4500000000000002,0,30,95.25,95.75,4.975,1017.975,0,0,0.2,0,87.6,88.8,0.6,9.95,124,79,10.75,1834,3,0,1989-03-31,45.1289,5.8863,control-day
82.75,-5.6,2.4749999999999996,17,0,0,17,4.65,1021.125,0.30000000000000004,1,0,0,0,14.6,17.8,0.8833333333333337,39,90.4,-7.650000000000006,1837,3,0,2021-03-10,45.1283,5.8865,control-day
88,-12.75,1.5999999999999996,1,71.25,33,73,4.324999999999999,1027.525,0,0,0,0,0,0.8,0.2,8.783333333333335,131,81,7,1837,3,0,2010-03-16,45.1283,5.8865,control-day
73.25,-4.999999999999999,4.1000000000000005,0,0,0,0,1.625,1011.825,0,0,0.5,0,0,0,0,5.283333333333333,104,67.8,5.450000000000003,1837,3,0,2026-03-18,45.1283,5.8865,control-day
93.75,-1.625,0.875,98.5,77.75,39.5,99.75,2.3499999999999996,1028.3999999999999,7.2,7.3999999999999995,8,0,73.8,98.8,86.2,2.0833333333333335,149,95.8,-2.049999999999997,1837,3,0,2004-03-14,45.1283,5.8865,control-day
72,-10.875000000000002,4.075,56.25,0,0,57,1.175,1030.575,0,0,0,0,0,54.2,53.8,5.233333333333334,34,79.8,-7.799999999999997,1663,12,0,2006-12-25,45.3174,5.7561,control-day
98.75,-1.2499999999999998,0.17500000000000004,85.5,0.25,2,85.75,2.9499999999999997,1026,3.9000000000000004,20.600000000000012,0.2,0,0,83.4,82.4,1.6666666666666665,51,93.2,5.549999999999997,1663,12,0,2014-12-19,45.3174,5.7561,control-day
78,-4.8500000000000005,3.1999999999999997,45.5,8.75,97.5,98.75,9.225,1011.275,0,0,0,0,73.8,84.4,47.8,4.866666666666667,152,77.4,0.5999999999999943,1674,12,0,2013-12-24,45.3198,5.7589,control-day
99.75,-3.1249999999999996,0.025000000000000022,87.75,0,1.25,88.75,3.525,1022.075,0,17.299999999999997,0,0,0,91.8,91.4,2.6166666666666667,124,99.4,0.3499999999999943,1674,12,0,2001-12-02,45.3198,5.7589,control-day
86.5,-3.675,1.925,48,92.75,73,98.25,5.15,1018.8,25.499999999999996,42.8,12.299999999999999,0,20.8,72.4,36.8,2.3000000000000003,167,88.8,-2.299999999999997,1376,12,0,2011-12-06,45.711,6.0314,control-day
98,-1.8249999999999997,0.3000000000000001,83.5,0,0,84.5,4.925,1019.55,9.899999999999999,22.400000000000006,3.5,0,49.6,99.8,97.8,2.1166666666666667,8,96.8,1.2000000000000028,1376,12,0,2002-12-18,45.711,6.0314,control-day
78.5,-8.525,3.1,22.75,0.5,0,23.5,10.375,1020.0500000000001,21.6,31.700000000000003,0.6,1,0,84.2,83.4,6.916666666666666,356,88.4,-9.900000000000006,1318,12,0,1999-12-20,45.7162,6.0305,control-day
76.75,-6.3500000000000005,3.425,89,5.25,6.25,90,5.6,1011.55,0,0,0,0,8.6,69.8,67.6,2.2333333333333334,305,74.6,2.1500000000000057,1318,12,0,2009-12-15,45.7162,6.0305,control-day
77.5,-4.45,3.3499999999999996,4.75,29.5,3,31.5,6.275,1012.8750000000001,0,0.7,0.1,0,96.8,98.4,0,2.3833333333333333,97,69,8.5,1318,12,0,1996-12-05,45.7161,6.0302,control-day
88.25,-1.1,1.7000000000000002,74.25,97.25,57.75,100,3.7749999999999995,1032.2,17.3,28.699999999999996,5.3999999999999995,0,42.2,99.8,99.4,1.45,131,95.8,-7.549999999999997,1318,12,0,2012-12-28,45.7161,6.0302,control-day
87.5,7.125,1.9249999999999998,0.25,2.5,93.5,94,2.875,1016.75,1.5,10.1,1.7000000000000002,0,6.4,14.6,2.4,6.600000000000001,74,82.6,4.900000000000006,1949,8,0,1992-08-23,45.0162,5.5845,control-day
86.25,9.225000000000001,2.2,0,50.25,42.5,64.25,3.075,1013.65,1.2,1.2,0.5,0,4.6,25.6,13.8,6.749999999999998,270,91,-4.75,1949,8,0,2024-08-14,45.0162,5.5845,control-day
92.5,13.350000000000001,1.2249999999999996,91,0,1.5,91.25,8.375,1021.075,0.5,0.5,0.2,0,49.6,99.6,100,2.850000000000003,55,91.8,0.7000000000000028,979,9,0,2018-09-14,43.2253,-6.8223,control-day
82.75,8.875,2.8249999999999993,0.5,0,51,51,3.175,1011.725,0,0.9999999999999999,0,0,37.4,37.8,0.2,7.966666666666667,120,96.4,-13.650000000000006,979,9,0,2025-09-06,43.2253,-6.8223,control-day
82.25,4.7,2.775,21,32,0,35.75,6.999999999999999,1032.925,4.5,4.5,0.1,1,0,77.2,73.6,2.933333333333334,357,74.2,8.049999999999997,490,3,0,2019-03-13,42.6251,-8.9592,control-day
81,2.825,2.95,0,0,0,0,14.075,1014.65,0,0,0,0,0,0,0,6.566666666666666,63,79.6,1.4000000000000057,490,3,0,1996-03-06,42.6251,-8.9592,control-day
69,16.275000000000002,5.9,9.25,0,0,9.25,3.2499999999999996,1016.975,0,0,0,0,0,12,11.6,2.9499999999999993,113,75.2,-6.200000000000003,1186,7,0,2017-07-26,28.7001,-17.8643,control-day
71.25,17.299999999999997,5.3,27,0,0,27.5,36.449999999999996,1019.9,0,0,0,0,0,32.2,31.8,0.33333333333333215,34,67.6,3.6500000000000057,1186,7,0,1997-07-06,28.7001,-17.8643,control-day
87,0.32499999999999996,2,16.5,0,0,17.25,9.2,1020,0,0,0,0,0,2.4,2,6.599999999999999,330,86.2,0.7999999999999972,1561,11,0,2007-11-14,40.7706,-3.8965,control-day
92.5,5.5249999999999995,1.125,97.25,9.5,19.5,98.75,13.524999999999999,1023.5999999999999,0.1,0.1,0.2,0,2,70.4,67.2,0.9833333333333334,302,91,1.5,1561,11,0,1992-11-18,40.7706,-3.8965,control-day
91.25,-0.275,1.25,95.75,9.5,0,96.75,11.475,1010.925,1.4000000000000001,11.6,1.6,0,1.6,70.6,56.8,3.083333333333333,333,92.4,-1.1500000000000057,1569,11,0,2012-11-11,40.7709,-3.8959,control-day
98,7.375,0.34999999999999964,55.5,38.75,52,89.75,7.95,1017.125,0,2,3.6,0,98.4,99.6,46.4,2.4833333333333343,240,98,0,1569,11,0,1994-11-12,40.7709,-3.8959,control-day
32.75,6.525,15.350000000000001,0,0,0,0.25,2.475,1016.125,0,0,0,0,6.8,9.6,0,5.75,248,26.6,6.149999999999999,2816,2,0,1994-02-20,24.6187,-101.4642,control-day
32,2.075,15.149999999999999,0,0,0,0,7.7749999999999995,1014.9499999999999,0,0,0,0,0,0,0,10.016666666666666,188,23.4,8.600000000000001,2816,2,0,2009-02-10,24.6187,-101.4642,control-day
53.25,5.075,8.774999999999999,0,0,0,0,5.6,1018.5,0,0,0,0,0,0,0,6.333333333333331,100,42,11.25,2697,2,0,1999-02-04,24.6185,-101.4569,control-day
25.75,7.6,18.5,0,0,0,0,3.775,1011.5999999999999,0,0,0,0,0,0,0,8.416666666666668,186,21.4,4.350000000000001,2697,2,0,2011-02-21,24.6185,-101.4569,control-day
77,0.44999999999999996,3.55,11.5,0,9.75,21.25,6.074999999999999,1029.6,0,0,0,0,0,4.6,4,7.6833333333333345,97,52.6,24.4,2781,2,0,2000-02-08,24.6161,-101.4618,control-day
28.25,9.025,17.724999999999998,0,0,27,27,10.049999999999999,1018.1750000000001,0,0,0,0,0,0,0,3.5166666666666693,243,32.2,-3.950000000000003,2781,2,0,2024-02-22,24.6161,-101.4618,control-day
70.75,17.924999999999997,5.425,0,49.75,2.75,50.25,13.325,1017.5,0.2,0.2,0,0,6,78.6,0,3.5166666666666693,352,75,-4.25,1326,8,0,2016-08-29,28.0118,-15.6056,control-day
31.5,23.474999999999998,17.975,0,4.25,0,4.25,4.875,1014.5250000000001,0,0,0,0,0,9,0,3.533333333333335,140,26.8,4.699999999999999,1326,8,0,2025-08-13,28.0118,-15.6056,control-day
72.75,14.3,4.824999999999999,35.25,0,1,36.5,14.8,1014.925,0,0,0,0,0,20.4,19.6,1.6500000000000004,10,70.6,2.1500000000000057,1589,8,0,1997-08-08,27.9982,-15.5954,control-day
16.25,25.825000000000003,27.575000000000003,0,23,11.5,30.75,7.675,1013.9,0,0,0,0,12.4,14.8,0,5.133333333333333,130,14.6,1.6500000000000004,1589,8,0,2025-08-09,27.9982,-15.5954,control-day
73.5,5.25,4.35,18.75,12.75,0,23.25,19.575,1009.45,7.8,7.8999999999999995,7.5,1,5,77.2,76.4,6.249999999999999,243,88.6,-15.099999999999994,492,4,0,1998-04-07,43.4494,-5.2425,control-day
89.25,3.1500000000000004,1.6,56,44.5,0,66.25,12.975,1020.3,4.699999999999999,10.799999999999999,5.2,0,0,44.4,23.6,2.866666666666666,305,89.8,-0.5499999999999972,492,4,0,2001-04-21,43.4494,-5.2425,control-day
92.75,20.675,1.2000000000000002,69.5,6.5,97,99.5,6.85,1011.725,2.1,5.300000000000001,4.3999999999999995,0,94,96.6,44,1.0833333333333321,54,92.2,0.5499999999999972,740,8,0,1991-08-10,10.2392,-84.8493,control-day
94.75,20.425,0.875,62.25,3.5,44.5,82.75,8.35,1013.95,7.299999999999999,29.300000000000008,0.7000000000000001,0,68.4,91.2,69.2,0.41666666666666785,30,95,-0.25,740,8,0,1996-08-10,10.2392,-84.8493,control-day
91.75,9.975000000000001,1.325000000000001,62.5,0,0,62.5,12.7,1020.9,0,0,0,0,4.4,21,16.8,2.75,33,91.2,0.5499999999999972,1629,3,0,1996-03-31,28.016,-15.603,control-day
87,8.2,2.0500000000000003,17.25,0,0,17.5,20.25,1019.05,0,0,0,0,0,22.2,21.6,1.0333333333333332,19,83,4,1629,3,0,2015-03-15,28.016,-15.603,control-day
91.25,9.850000000000001,1.375,60.25,0,0,60.75,20.275,1024.125,0,0,0,0,0,63.8,63.2,1.2166666666666686,11,94.6,-3.3499999999999943,1524,1,0,2001-01-13,28.0391,-15.6187,control-day
86.5,9,2.0999999999999996,35,0,0,35.75,14.35,1023.8,0,0,0,0,0,35.8,35.2,2.5166666666666657,37,83.2,3.299999999999997,1524,1,0,2013-01-02,28.0391,-15.6187,control-day
85.75,3.1,2.15,21,15.75,0,26,17.05,1021.9250000000001,0.1,1,0.2,0,0,22.6,21.2,1.9999999999999996,358,83.4,2.3499999999999943,1920,1,0,2012-01-26,27.962,-15.5721,control-day
92.75,4.675,1.0999999999999999,4.5,0,8.5,12.5,4.25,1026.1999999999998,0,0,0,0,0,19.2,34.4,3.7500000000000004,32,96.8,-4.049999999999997,1920,1,0,2021-01-22,27.962,-15.5721,control-day
94,15.924999999999999,1.0249999999999995,7,0,1.75,9.25,8.95,1015.925,0,0,0,0,0,2.8,2,3.0833333333333357,60,92.2,1.7999999999999972,1811,9,0,2008-09-04,28.3125,-16.6295,control-day
92.75,15.825,1.1750000000000003,47.5,0,0,48.25,8.375,1018.125,0,2.1,0,0,0,9.4,8.6,2.650000000000002,13,87.8,4.950000000000003,1811,9,0,1995-09-05,28.3125,-16.6295,control-day
76.5,-0.17499999999999993,3.6750000000000003,4.75,10.75,0,12.5,2.05,1015.875,0,2.8999999999999995,0,0,1,1.2,0,2.883333333333333,323,83.4,-6.900000000000006,1743,1,0,1999-01-14,36.6833,-5,control-day
98,3.525,0.2999999999999998,100,74.5,98.75,100,15.775,1028.6750000000002,0,4.699999999999999,0,0,0,15.6,15.6,1.1166666666666667,349,91.4,6.599999999999994,1743,1,0,2025-01-11,36.6833,-5,control-day
72.5,9.899999999999999,4.775,0.5,0,3,4.5,7.949999999999999,1024.275,0,0,0,0,13.2,13.6,0,3.133333333333333,59,66.4,6.099999999999994,1546,2,0,1998-02-18,27.9889,-15.5933,control-day
80.75,6.525,3.05,56,0,0,56.5,17.125,1024.05,2.5000000000000004,3.1999999999999997,0,1,0,48,47.6,0.9833333333333325,34,85.4,-4.650000000000006,1546,2,0,2006-02-16,27.9889,-15.5933,control-day
91.75,-8.25,1.1500000000000001,72.5,3.75,0,72.5,12.200000000000001,1016.5250000000001,0.6000000000000001,0.6000000000000001,6,0,0,95.4,95.4,2.8666666666666663,353,96.2,-4.450000000000003,3644,3,0,2024-03-22,28.2727,-16.6427,control-day
82.75,-7.375,2.725,29.25,0,0,29.25,3.675,1028.775,0,0,0.1,0,21.8,79.6,47.2,3.5999999999999996,347,95.6,-12.849999999999994,3644,3,0,2019-03-01,28.2727,-16.6427,control-day
60,11.7,7.525,30.5,22,0,32.5,22.475,1019.5999999999999,0,0,0,0,0,17.8,16.2,1.1333333333333346,19,60,0,951,5,0,2013-05-02,28.1249,-17.2079,control-day
61,12.075,7.375,16.5,27.75,0,33.25,28.175,1020.3,0,0,0,0,0,11.6,8.6,0.9500000000000011,353,56,5,951,5,0,2010-05-13,28.1249,-17.2079,control-day
95.25,17.25,0.7249999999999996,62,0,0,62,4.8,1019.1,0,0,0,0,3.8,1.4,0,11.283333333333335,45,77.2,18.049999999999997,138,8,0,2022-08-20,42.3334,-7.8633,control-day
85,15.375,2.5249999999999995,32.5,52.25,23.5,73.25,6.725,1013.8249999999999,0.1,0.1,3.3000000000000003,0,0,60.8,55.8,5.216666666666667,189,84.4,0.5999999999999943,138,8,0,2012-08-24,42.3334,-7.8633,control-day
92.75,6.324999999999999,1.1,31.25,0,32,54.75,1.4249999999999998,1008.625,0,34.3,0,0,3.2,23.4,20.6,5.683333333333334,124,86.6,6.150000000000006,1874,7,0,2013-07-12,43.3937,142.6366,control-day
94.5,8.125,0.9250000000000003,5.25,9.75,99.25,99.5,4.45,1005.55,2.3,12.1,0.1,0,97,98,20,3.5999999999999988,107,98.2,-3.700000000000003,1874,7,0,2001-07-13,43.3937,142.6366,control-day
97.25,4.725,0.40000000000000013,93,97,86.75,100,21,1003.55,7.4,34.30000000000001,15.400000000000002,0,0.2,75.4,67.4,-0.33333333333333304,208,87,10.25,0,1,0,2016-01-28,57.4008,-5.4869,control-day
85,2.4,2.225,53.25,56.5,17.75,81.25,35.225,991.775,12.000000000000004,25.1,20,0,84.4,100,96.8,0.15000000000000036,274,96.2,-11.200000000000003,0,1,0,2015-01-10,57.4008,-5.4869,control-day
86.75,10.55,2.1,61.25,80.5,1,84.25,12.1,1016.675,0.1,1,0.9999999999999999,0,88.4,95.4,15.2,2.049999999999997,243,81.6,5.150000000000006,67,9,0,2012-09-12,50.7377,-3.54,control-day
88.75,13.05,1.775,29.25,5.25,8.25,33.75,12.100000000000001,1013.425,2.6999999999999997,14.499999999999998,0,1,0.6,100,100,2.9000000000000004,317,91.6,-2.8499999999999943,67,9,0,2022-09-15,50.7377,-3.54,control-day
93.25,6.325,0.9999999999999998,58.75,14.5,48.75,73.5,11.450000000000001,993.9750000000001,10.100000000000001,11.500000000000002,0.8999999999999999,0,55.4,93.8,75.2,0.7499999999999991,249,83.6,9.650000000000006,232,11,0,1989-11-03,55.9983,-4.0385,control-day
89.75,7.75,1.6,98.5,85.5,94.5,100,20.174999999999997,997.675,4.800000000000001,6,11.099999999999998,0,97.4,100,56.8,0.13333333333333375,139,87.4,2.3499999999999943,232,11,0,2002-11-27,55.9983,-4.0385,control-day
94.75,11.25,0.8500000000000005,98.5,2.5,98.25,99.75,20.75,1005.5749999999999,0,0.8,2.8000000000000003,0,92.6,99.8,98.6,-1.333333333333334,176,95.8,-1.0499999999999972,521,11,0,1997-11-16,54.7721,-2.556,control-day
97.25,3.125,0.3999999999999999,100,0,0,100,15.575,1021.35,0.1,0.1,1.8,0,3.2,100,100,1.35,218,99,-1.75,521,11,0,2021-11-24,54.7721,-2.556,control-day
90.25,4.825,1.4,18.75,14.5,47.25,63,11.225,1035,1.2000000000000002,5.8999999999999995,0,0,56.2,76,24.6,1.5500000000000007,252,88.4,1.8499999999999943,449,11,0,2001-11-01,54.6074,-2.889,control-day
97.25,4.025,0.4,72.5,0,0,72.5,2.1500000000000004,1012.8499999999999,2.3000000000000003,18.1,0.2,0,0,47.2,39.4,1.1333333333333329,180,95.4,1.8499999999999943,449,11,0,2022-11-19,54.6074,-2.889,control-day
97.5,5.825,0.3750000000000002,86.25,36.5,0.25,87.25,6.05,1002.25,6.6,7.5,1.7000000000000002,0,46.2,98.2,31,-0.10000000000000053,124,94.6,2.9000000000000057,374,11,0,2019-11-24,54.7567,-2.582,control-day
99.25,6.55,0.09999999999999987,100,83,76,100,6.2,1022.325,0.1,2.5,0.5,0,10.2,100,100,1.0166666666666666,218,100,-0.75,374,11,0,1996-11-16,54.7567,-2.582,control-day
95.75,3.625,0.6500000000000001,100,99.25,99,100,27.925000000000004,995.425,6.000000000000001,6.000000000000001,30.799999999999994,0,96,99.8,97.2,0.5166666666666675,196,97,-1.25,869,12,0,2003-12-26,54.5333,-3.0087,control-day
97.5,-1.725,0.3,72.5,10.5,0,74.75,4.775,1039.85,0,0,0,0,77.2,99.6,96.4,0.23333333333333361,60,97,0.5,869,12,0,1992-12-26,54.5333,-3.0087,control-day
94.25,0.7250000000000001,0.8,66.25,3.75,0,67.25,4.7,1023.8000000000001,13.200000000000001,46.4,0,0,4.6,36.2,29.6,0.9666666666666668,231,94,0.25,830,12,0,2007-12-30,54.5335,-3.0089,control-day
89.75,-10.9,1.3750000000000004,20,23,40.75,45,9.125,999.75,7.6000000000000005,7.6000000000000005,0,1,79,89,5,2.833333333333333,331,95.6,-5.849999999999994,830,12,0,2000-12-29,54.5335,-3.0089,control-day
99.25,8.725000000000001,0.10000000000000053,100,80.5,78.25,100,15.3,1007.225,12.3,16.599999999999998,20.199999999999996,0,61.6,100,100,0.43333333333333357,204,99.6,-0.3499999999999943,507,12,0,2024-12-01,54.5496,-2.9879,control-day
89.5,1.9749999999999999,1.525,30.5,23.25,25.25,52.5,16.325,999.45,12.200000000000001,39.900000000000006,0.30000000000000004,1,0.2,41.2,40.6,0.5,261,87.2,2.299999999999997,507,12,0,2000-12-14,54.5496,-2.9879,control-day
94.5,1.8750000000000002,0.7500000000000001,97.25,89,71.75,99.5,13.75,1017.4250000000001,0,0,4.8999999999999995,0,96.6,99.2,75.8,-0.31666666666666665,285,83.2,11.299999999999997,880,12,0,2008-12-08,54.5305,-3.0275,control-day
90,-0.8,1.4250000000000003,51.75,30,0,55.5,11.825000000000001,1011.45,0,13,7.800000000000001,0,0,58.2,49.2,-0.5833333333333335,298,88,2,880,12,0,2014-12-16,54.5305,-3.0275,control-day
96.5,-1.45,0.5249999999999999,99.75,96,46.75,100,18.025,990.4,8.299999999999999,24.700000000000003,16.700000000000003,0,95,98.2,41,-0.6333333333333334,139,83,13.5,748,12,0,1993-12-08,54.5544,-3.0179,control-day
85.5,3.3750000000000004,2.25,73.5,8.75,16.25,78.5,27.424999999999997,999.9000000000001,2.3,2.3,11.200000000000001,0,99.8,100,100,-0.23333333333333317,290,89,-3.5,748,12,0,1999-12-17,54.5544,-3.0179,control-day
99.75,-2.5,0.02499999999999991,100,99.75,0.25,100,20.174999999999997,1004.2249999999999,1.3000000000000003,22.000000000000004,13.699999999999998,0,59,100,87.8,0.7333333333333332,174,95.8,3.950000000000003,877,12,0,2021-12-06,54.5473,-3.0172,control-day
89.75,-11.2,1.3749999999999996,20,23,40.75,45,9.125,999.75,7.6000000000000005,7.6000000000000005,0,1,79,89,5,2.833333333333334,331,95.6,-5.849999999999994,877,12,0,2000-12-29,54.5473,-3.0172,control-day
93.25,10.225,1.1,100,0,12.75,100,25.175,1036.9499999999998,1.8999999999999997,2.6,0.7,0,0,100,100,0.38333333333333286,250,93.2,0.04999999999999716,25,12,0,2021-12-17,60.7585,-0.8864,control-day
70.75,5.25,4.925000000000001,3,7.75,78.75,79.75,4.425000000000001,994.45,2.7000000000000006,3.6000000000000005,0,0,5.2,26.6,12.6,2.2666666666666666,9,70.2,0.5499999999999972,25,12,0,2019-12-17,60.7585,-0.8864,control-day
98.25,1.275,0.25,52,90.5,0.5,92,7.6,1006.7750000000001,3.1,3.1,6.3,0,28.2,91.4,38.6,1.9333333333333336,137,99,-0.75,922,12,0,1992-12-02,42.3485,-122.7844,control-day
98,4.875,0.25,100,98.75,99.75,100,6.5,1011.7749999999999,0.1,1.5,7.8999999999999995,0,91.8,100,98.4,1.5666666666666664,156,78.8,19.200000000000003,922,12,0,2003-12-05,42.3485,-122.7844,control-day
97.75,-3.3249999999999997,0.29999999999999993,52.5,99.75,99.25,100,8.9,1024.325,4,4,11.299999999999999,0,34.8,75,45.2,2.9000000000000004,146,95.2,2.549999999999997,1017,12,0,1995-12-28,42.3515,-122.7852,control-day
59.25,-7.35,6.65,0,0,36.5,36.75,11.55,1012.9,0,0,0.2,0,38.4,39,0,2.6499999999999995,133,59.4,-0.14999999999999858,1017,12,0,2005-12-17,42.3515,-122.7852,control-day
98.5,7.125,0.17500000000000027,90.25,0,0,90.5,10.25,1015.975,9.499999999999995,57.40000000000002,0.8,0,0,63.8,63.2,1.5666666666666664,215,97.8,0.7000000000000028,0,1,0,2004-01-21,57.4008,-5.4869,control-day
92.75,-1.4249999999999998,1.025,53.25,0.75,12.25,59,9.275,1017.1499999999999,0,0,0.30000000000000004,0,0,78,77.2,0.3666666666666667,119,94.4,-1.6500000000000057,0,1,0,1997-01-10,57.4008,-5.4869,control-day