date,lat,lon,elevation,label,verdict,station,relativeToSpotM,score,temp,humidity,dewSpread,pressure,cloudLow,cloudMid,cloudHigh,wind,windDir,visibility,precip
2024-01-06,28.2727,-16.6427,3644,1,above-cloud,GCTS,-2200,87,-4.9,100,0,1023.1,83,0,100,10.8,4,0,0
2024-02-11,28.2727,-16.6427,3644,1,above-cloud,GCTS,-3023,87,-0.5,64,6,1020,0,0,0,4.2,20,0,0
2024-03-04,28.2727,-16.6427,3644,1,above-cloud,GCTS,-2353,90,-7.2,100,0,1025.9,100,0,0,7.3,9,0,0
2024-03-12,28.2727,-16.6427,3644,1,above-cloud,GCTS,-2505,83,-6.1,65,5.6,1019.8,1,0,0,7.2,264,0,0
2024-03-26,28.2727,-16.6427,3644,1,above-cloud,GCTS,-2048,80,-8.3,100,0,1020.3,90,0,0,11.7,351,0,0
2024-04-01,28.2727,-16.6427,3644,1,above-cloud,GCTS,-2048,91,-7.1,98,0.3,1020,5,0,0,8.6,358,0,0
2024-05-15,28.2727,-16.6427,3644,1,above-cloud,GCTS,-2353,86,-5.1,100,0.1,1018.3,98,0,0,6.9,354,0,0
2024-05-17,28.2727,-16.6427,3644,1,above-cloud,GCTS,-2688,90,-5.2,100,0,1019.7,99,1,14,7.6,5,0,0
2024-05-19,28.2727,-16.6427,3644,1,above-cloud,GCTS,-2962,82,-4.5,100,0,1019.2,85,0,0,10.5,352,0,0
2024-05-24,28.2727,-16.6427,3644,1,above-cloud,GCTS,-2353,92,-5.2,100,0,1020.8,96,0,0,6.9,354,0,0
2024-05-28,28.2727,-16.6427,3644,1,above-cloud,GCTS,-2505,86,-2.8,100,0,1022,100,0,0,5.5,349,0,0
2024-06-01,28.2727,-16.6427,3644,1,above-cloud,GCTS,-2871,55,-0.3,76,3.7,1017.2,3,0,0,3.9,56,0,0
2024-06-04,28.2727,-16.6427,3644,1,above-cloud,GCTS,-2505,82,-1.4,86,2.1,1020.1,47,0,0,6.9,6,0,0
2024-06-09,28.2727,-16.6427,3644,1,above-cloud,GCTS,-2353,84,-2.8,100,0,1020.6,100,0,0,9.8,343,0,0
2024-06-11,28.2727,-16.6427,3644,1,above-cloud,GCTS,-2200,81,-3.1,100,0,1022.5,100,0,0,7.6,352,0,0
2024-06-26,28.2727,-16.6427,3644,1,above-cloud,GCTS,-2505,89,-0.8,95,0.7,1019.1,57,0,0,6.6,351,0,0
2024-06-30,28.2727,-16.6427,3644,1,above-cloud,GCTS,-2840,67,2.2,45,10.7,1020.3,0,0,0,2.6,214,0,0
2024-07-07,28.2727,-16.6427,3644,1,above-cloud,GCTS,-2962,49,3.7,47,10.4,1019.4,1,0,0,3,346,0,0
2024-07-29,28.2727,-16.6427,3644,1,above-cloud,GCTS,-2505,82,2.4,98,0.2,1018.9,98,0,0,8.3,355,0,0
2024-09-16,28.2727,-16.6427,3644,1,above-cloud,GCTS,-2658,95,0.6,98,0.4,1017.9,91,0,4,4.6,342,0,0
2024-09-18,28.2727,-16.6427,3644,1,above-cloud,GCTS,-1896,82,-2.4,100,0.1,1016.5,100,0,3,8.3,342,0,0
2024-09-29,28.2727,-16.6427,3644,1,above-cloud,GCTS,-2597,93,-1.1,100,0,1022.6,86,0,0,7,342,0,0
2024-10-07,28.2727,-16.6427,3644,1,above-cloud,GCTS,-2505,50,2.6,42,11.7,1017.6,3,0,10,10.6,337,0,0
2024-10-12,28.2727,-16.6427,3644,1,above-cloud,GCTS,-2962,74,3.4,37,13.2,1019.7,2,0,68,9.1,243,0,0
2024-10-17,28.2727,-16.6427,3644,1,above-cloud,GCTS,-2200,84,0.2,100,0,1026.3,100,7,4,1.8,323,0,0
2024-10-30,28.2727,-16.6427,3644,1,above-cloud,GCTS,-2505,83,-6.4,100,0,1021.9,88,0,0,9.2,356,0,0
2024-11-20,28.2727,-16.6427,3644,1,above-cloud,GCTS,-524,74,-3,80,2.9,1023.8,15,1,0,3.9,133,0,0.2
2024-12-13,28.2727,-16.6427,3644,1,above-cloud,GCTS,-1896,88,-8.4,100,0,1022.9,91,0,0,7.5,8,0,0
2025-01-21,28.2727,-16.6427,3644,1,above-cloud,GCTS,-2658,82,-5.3,99,0.2,1017.1,100,1,0,4.3,246,0,0
2025-02-02,28.2727,-16.6427,3644,1,above-cloud,GCTS,-2353,82,-7.4,100,0,1028.7,89,0,97,14.2,7,0,0
2025-03-02,28.2727,-16.6427,3644,1,above-cloud,GCTS,-2048,66,-8.6,99,0.1,1014,100,29,0,7.3,337,0,0.4
2025-03-09,28.2727,-16.6427,3644,1,above-cloud,GCTS,-2353,87,-9.2,100,0,1017.7,93,0,0,8.7,333,0,0
2025-03-15,28.2727,-16.6427,3644,1,above-cloud,GCTS,-2353,92,-10,100,0,1022,85,0,25,8.2,352,0,0
2025-03-26,28.2727,-16.6427,3644,1,above-cloud,GCTS,-2200,83,-8,100,0,1024.2,100,0,0,8.3,358,0,0
2025-04-03,28.2727,-16.6427,3644,1,above-cloud,GCTS,-2078,81,-8.5,100,0,1009.6,99,0,0,11.2,238,0,0
2025-04-15,28.2727,-16.6427,3644,1,above-cloud,GCTS,-2505,86,-7.1,98,0.2,1021.6,47,0,0,8.8,359,0,0
2025-04-29,28.2727,-16.6427,3644,1,above-cloud,GCTS,-2444,75,-5.5,81,2.7,1017.7,25,0,0,7.8,347,0,0
2025-05-04,28.2727,-16.6427,3644,1,above-cloud,GCTS,-2505,86,-4.8,80,2.9,1019.9,1,0,0,4.6,339,0,0
2025-05-24,28.2727,-16.6427,3644,1,above-cloud,GCTS,-2810,79,-3.5,90,1.5,1021.1,1,0,0,4.8,11,0,0
2025-05-30,28.2727,-16.6427,3644,1,above-cloud,GCTS,-2962,66,1.9,34,14.1,1020,0,0,0,0.4,117,0,0
2025-06-08,28.2727,-16.6427,3644,1,above-cloud,GCTS,-2719,84,-1.1,40,11.8,1019.9,0,0,0,0.9,79,0,0
2025-06-16,28.2727,-16.6427,3644,1,above-cloud,GCTS,-2505,82,-2,59,7,1020.6,0,0,8,0.9,360,0,0
2025-07-10,28.2727,-16.6427,3644,1,above-cloud,GCTS,-2962,49,6.7,30,16.4,1019.5,0,0,0,2,175,0,0
2025-08-03,28.2727,-16.6427,3644,1,above-cloud,GCTS,-2505,70,2.1,67,5.5,1019.9,59,0,0,2,360,0,0
2025-08-28,28.2727,-16.6427,3644,1,above-cloud,GCTS,-2658,91,1.4,98,0.2,1021.4,100,0,0,4.9,358,0,0
2025-09-01,28.2727,-16.6427,3644,1,above-cloud,GCTS,-2810,92,1.4,90,1.4,1023.2,19,0,0,5.2,6,0,0
2025-09-24,28.2727,-16.6427,3644,1,above-cloud,GCTS,-2048,77,-3.8,99,0.2,1022.6,100,0,0,12.6,358,0,0
2025-10-11,28.2727,-16.6427,3644,1,above-cloud,GCTS,-2353,81,-3.1,94,0.8,1021.3,26,0,0,5.8,351,0,0
2025-10-19,28.2727,-16.6427,3644,1,above-cloud,GCTS,-2658,85,-1,74,4.1,1020.9,15,0,0,6.3,357,0,0
2025-10-24,28.2727,-16.6427,3644,1,above-cloud,GCTS,-2505,95,-0.3,100,0,1022.3,91,0,0,3.5,339,0,0
2025-11-11,28.2727,-16.6427,3644,1,above-cloud,GCTS,-2353,92,-4,100,0,1019.1,98,0,0,5.5,349,0,0
2025-11-19,28.2727,-16.6427,3644,1,above-cloud,GCTS,-2200,85,-6.4,100,0,1022.2,84,0,0,13.9,354,0,0
2025-11-27,28.2727,-16.6427,3644,1,above-cloud,GCTS,-2353,83,-6.9,100,0,1022.3,89,0,0,9.9,355,0,0
2025-12-19,28.2727,-16.6427,3644,1,above-cloud,GCTS,-2505,85,-7,100,0,1025.7,95,0,0,9.4,348,0,0
2026-01-01,28.2727,-16.6427,3644,1,above-cloud,GCTS,-2810,74,-5.9,46,9.7,1012.4,19,0,98,6,201,0,0
2026-01-15,28.2727,-16.6427,3644,1,above-cloud,GCTS,-2353,93,-9.9,100,0,1025.1,25,0,0,6.9,6,0,0
2026-01-22,28.2727,-16.6427,3644,1,above-cloud,GCTS,-2810,88,-6.5,81,2.7,1022.5,19,0,91,4.2,353,0,0
2026-01-29,28.2727,-16.6427,3644,1,above-cloud,GCTS,-2505,48,-4.7,43,10.8,1025.5,0,0,0,7.3,351,0,0
2026-02-26,28.2727,-16.6427,3644,1,above-cloud,GCTS,-1438,78,-9.6,100,0,1023.2,99,4,0,16.1,356,0,0.1
2026-03-07,28.2727,-16.6427,3644,1,above-cloud,GCTS,-2353,89,-9.9,100,0,1023.5,95,0,0,8.3,5,0,0
2026-03-10,28.2727,-16.6427,3644,1,above-cloud,GCTS,-2505,89,-8.2,100,0.1,1025.9,100,0,0,9.2,12,0,0
2026-03-21,28.2727,-16.6427,3644,1,above-cloud,GCTS,-2658,66,-8,95,0.6,1001.9,100,34,0,8.1,283,0,4.8
2026-03-24,28.2727,-16.6427,3644,1,above-cloud,GCTS,-2048,71,-7.1,99,0.1,1010.4,100,14,72,4.7,2,0,0
2026-03-28,28.2727,-16.6427,3644,1,above-cloud,GCTS,-2810,85,-7.5,74,3.8,1020.2,1,0,0,4.8,25,0,0
2026-04-07,28.2727,-16.6427,3644,1,above-cloud,GCTS,-2353,88,-5.9,90,1.3,1022.7,29,0,13,4.3,292,0,0
2026-04-22,28.2727,-16.6427,3644,1,above-cloud,GCTS,-2048,84,-5.3,100,0,1014.5,100,0,0,4,190,0,0
2026-04-26,28.2727,-16.6427,3644,1,above-cloud,GCTS,-2048,82,-5.9,99,0.1,1017.2,100,16,98,6.3,345,0,0.1
2026-04-29,28.2727,-16.6427,3644,1,above-cloud,GCTS,-2353,92,-6.4,95,0.7,1014.9,50,13,0,1.9,202,0,0
2026-05-07,28.2727,-16.6427,3644,1,above-cloud,GCTS,-2353,96,-5.3,97,0.4,1016,84,0,0,4.3,332,0,0
2026-05-16,28.2727,-16.6427,3644,1,above-cloud,GCTS,-2353,87,-6.4,96,0.6,1022,97,0,0,6.3,13,0,0
2026-05-31,28.2727,-16.6427,3644,1,above-cloud,GCTS,-2810,49,0.8,57,7.5,1022,19,0,0,2.2,14,0,0
2026-06-03,28.2727,-16.6427,3644,1,above-cloud,GCTS,-2962,47,1.8,44,11,1024.6,4,0,0,4.8,56,0,0
2026-06-17,28.2727,-16.6427,3644,1,above-cloud,GCTS,-2566,91,0.9,49,9.7,1021.9,3,0,0,7,360,0,0
2026-06-19,28.2727,-16.6427,3644,1,above-cloud,GCTS,-2962,88,1,58,7.4,1019.4,0,0,0,3.9,56,0,0
2026-06-23,28.2727,-16.6427,3644,1,above-cloud,GCTS,-2840,85,1.8,91,1.3,1020.8,20,0,0,6.5,5,0,0
2026-07-03,28.2727,-16.6427,3644,1,above-cloud,GCTS,-2658,66,4.4,40,12.4,1017.4,4,0,0,3.4,43,0,0
2024-03-08,45.5516,6.8474,3155,1,above-cloud,LIMW,-476,65,-16.9,68,4.6,1013.5,20,0,1,9.3,106,0,0
2024-03-10,45.5516,6.8474,3155,1,above-cloud,LIMW,-1391,54,-9.5,76,3.4,995.5,100,100,100,16.5,113,0,1.4
2024-03-27,45.5516,6.8474,3155,1,above-cloud,LIMW,-1391,67,-9.4,79,2.9,989,100,100,100,10.7,104,0,1.2
2024-03-29,45.5516,6.8474,3155,1,above-cloud,LIMW,-1391,70,-6,81,2.8,1002.9,82,68,59,7.1,114,0,0
2024-03-31,45.5516,6.8474,3155,1,above-cloud,LIMW,-1238,61,-8.2,84,2.2,1000,100,67,88,8,85,0,0.3
2024-04-09,45.5516,6.8474,3155,1,above-cloud,LIMW,-629,75,-4.2,94,0.8,1013.9,82,98,100,6,115,0,0.9
2024-04-26,45.5516,6.8474,3155,1,above-cloud,LIMW,-781,75,-14.9,86,1.8,1009,39,98,0,7.6,121,0,0
2024-04-28,45.5516,6.8474,3155,1,above-cloud,LIMW,-1330,58,-6.9,84,2.3,1015,56,100,100,9,106,0,0.2
2024-05-02,45.5516,6.8474,3155,1,above-cloud,LIMW,-1848,77,-6.4,91,1.2,1001.3,67,95,38,5.4,86,0,0.2
2024-05-07,45.5516,6.8474,3155,1,above-cloud,LIMW,-781,72,-6.2,99,0.1,1014.4,100,6,0,3.3,264,0,0
2024-05-14,45.5516,6.8474,3155,0,below-cloud,LIMW,286,75,-5,94,0.8,1011.1,100,0,2,8.2,113,0,0
2024-05-16,45.5516,6.8474,3155,1,above-cloud,LIMW,-1391,84,-7,93,1,1007.8,77,25,3,6.1,93,0,0
2024-06-09,45.5516,6.8474,3155,0,below-cloud,LIMW,438,75,-1.2,82,2.7,1011.6,0,14,99,6.4,117,0,0
2024-06-20,45.5516,6.8474,3155,1,above-cloud,LIMW,-781,86,4.3,80,3.2,1022.5,7,6,100,5.4,94,0,0
2024-06-29,45.5516,6.8474,3155,1,above-cloud,LIMW,-324,79,3.8,92,1.2,1020.8,64,0,62,9.7,112,0,0
2024-07-07,45.5516,6.8474,3155,0,below-cloud,LIMW,377,87,1.1,97,0.5,1015.1,95,100,14,2.5,172,0,0.5
2024-09-04,45.5516,6.8474,3155,0,below-cloud,LIMW,286,82,1.4,88,1.8,1019.3,32,93,76,4.3,114,0,0
2024-09-07,45.5516,6.8474,3155,1,above-cloud,LIMW,-476,71,1.5,91,1.3,1018.1,100,0,8,9.3,103,0,0
2024-09-22,45.5516,6.8474,3155,0,in-cloud,LIMW,-19,76,-2.3,89,1.6,1020.3,40,56,100,7.4,104,0,0
2024-10-01,45.5516,6.8474,3155,0,below-cloud,LIMW,286,81,-2.8,96,0.6,1018.6,100,100,3,5.5,229,0,0
2024-10-08,45.5516,6.8474,3155,1,above-cloud,LIMW,-2000,74,-1.2,93,1,1007.7,100,100,100,5.6,105,0,2.5
2024-10-16,45.5516,6.8474,3155,1,above-cloud,LIMW,-1391,72,0,93,1.1,1018.9,99,99,100,6.2,102,0,1
2024-10-20,45.5516,6.8474,3155,1,above-cloud,LIMW,-476,76,-1.4,90,1.4,1022.8,99,25,95,5.1,84,0,0.1
2024-10-24,45.5516,6.8474,3155,1,above-cloud,LIMW,-172,94,-5.2,99,0.1,1027.2,100,30,0,7.2,118,0,0
2024-10-26,45.5516,6.8474,3155,1,above-cloud,LIMW,-934,71,-1.5,88,1.8,1020.7,99,100,94,7.6,94,0,0.2
2024-12-22,45.5516,6.8474,3155,1,above-cloud,LIMW,-476,63,-10.3,98,0.3,1015.9,100,100,99,9,241,0,1.9
2025-01-06,45.5516,6.8474,3155,1,above-cloud,LIMW,-476,65,-11.7,76,3.3,1007.8,65,67,56,9.5,105,0,0
2025-01-22,45.5516,6.8474,3155,1,above-cloud,LIMW,-1238,71,-11.7,77,3.3,1012.2,91,98,99,6.6,112,0,0.1
2025-01-28,45.5516,6.8474,3155,1,above-cloud,LIMW,-476,64,-11.2,96,0.5,1002.9,100,100,2,7.9,291,0,1.4
2025-02-01,45.5516,6.8474,3155,1,above-cloud,LIMW,-1848,71,-12.8,84,2.1,1025.2,100,3,0,5.8,86,0,0
2025-02-11,45.5516,6.8474,3155,1,above-cloud,LIMW,-1086,86,-8.5,92,1.1,1020.7,92,60,42,3.3,126,0,0
2025-02-13,45.5516,6.8474,3155,1,above-cloud,LIMW,-476,76,-13.3,87,1.7,1019.5,99,98,32,2.2,145,0,0.1
2025-02-19,45.5516,6.8474,3155,1,above-cloud,LIMW,-1452,52,-13.3,55,7.1,1019.4,0,72,3,0.8,117,0,0
2025-03-01,45.5516,6.8474,3155,1,above-cloud,LIMW,-781,84,-21.3,72,3.7,1021.4,70,4,0,5.8,116,0,0
2025-03-12,45.5516,6.8474,3155,1,above-cloud,LIMW,-1391,63,-9.7,85,2.1,999.1,100,98,68,2.3,141,0,0.2
2025-03-24,45.5516,6.8474,3155,1,above-cloud,LIMW,-1086,81,-13.4,89,1.5,1011.3,100,2,100,6.7,117,0,0
2025-04-13,45.5516,6.8474,3155,1,above-cloud,LIMW,-629,79,-4.6,88,1.6,1011.3,95,93,98,4.3,123,0,0
2025-04-19,45.5516,6.8474,3155,1,above-cloud,LIMW,-1391,76,-8.4,87,1.8,1010.9,100,13,78,6.7,109,0,0
2025-04-27,45.5516,6.8474,3155,0,in-cloud,LIMW,133,82,-6.9,90,1.4,1019.1,100,85,6,4.5,106,0,0
2025-05-05,45.5516,6.8474,3155,1,above-cloud,LIMW,-476,68,-5.2,100,0.1,1003,100,55,97,2.2,235,0,0
2025-05-20,45.5516,6.8474,3155,1,above-cloud,LIMW,-1696,80,-3.7,93,0.9,1015.5,100,100,100,5.2,106,0,0
2025-07-19,45.5516,6.8474,3155,0,in-cloud,LIMW,133,54,4.2,62,6.6,1014.9,1,7,100,4.1,113,0,0
2025-10-15,45.5516,6.8474,3155,1,above-cloud,LIMW,-781,86,-5.5,78,3.1,1020,6,0,0,4,100,0,0
2025-10-22,45.5516,6.8474,3155,0,in-cloud,LIMW,-19,80,-3.7,100,0,1006.4,100,98,100,4.6,252,0,1.9
2025-10-29,45.5516,6.8474,3155,1,above-cloud,LIMW,-476,66,-11.8,40,10.9,1012.7,0,0,35,6.1,109,0,0
2025-11-16,45.5516,6.8474,3155,1,above-cloud,LIMW,-2305,77,-6.7,84,2.3,1009.9,80,100,100,6.3,105,0,0.8
2025-12-17,45.5516,6.8474,3155,1,above-cloud,LIMW,-324,82,-10.4,89,1.5,1021.7,50,100,100,1.7,103,0,0.1
2025-12-21,45.5516,6.8474,3155,1,above-cloud,LIMW,-1238,72,-7.8,88,1.6,1013.4,100,88,99,6.1,87,0,0
2026-01-08,45.5516,6.8474,3155,1,above-cloud,LIMW,-781,75,-15.4,84,2.2,1016.5,100,100,100,2.6,205,0,1.3
2026-01-16,45.5516,6.8474,3155,1,above-cloud,LIMW,-781,77,-17,83,2.1,1018.5,96,0,87,8.7,117,0,0
2026-01-20,45.5516,6.8474,3155,1,above-cloud,LIMW,-2305,66,-15.5,78,3,1023.5,100,0,79,9.4,108,0,0
2026-01-25,45.5516,6.8474,3155,1,above-cloud,LIMW,-781,78,-16.3,85,2,1001.1,39,80,33,1.5,135,0,0
2026-02-03,45.5516,6.8474,3155,1,above-cloud,LIMW,-1391,67,-11.5,80,2.7,1000.5,93,42,0,7.9,111,0,0.1
2026-02-06,45.5516,6.8474,3155,1,above-cloud,LIMW,-1086,68,-11.1,96,0.6,994.7,100,100,11,1.8,246,0,0.4
2026-02-10,45.5516,6.8474,3155,1,above-cloud,LIMW,-629,72,-13.1,86,1.9,1004.2,100,100,89,3.7,133,0,0.4
2026-02-12,45.5516,6.8474,3155,1,above-cloud,LIMW,-1543,75,-11.7,97,0.3,988.9,100,98,100,2.3,180,0,1
2026-02-16,45.5516,6.8474,3155,1,above-cloud,LIMW,-1391,50,-10.6,97,0.4,1007.1,100,100,0,10.1,264,0,2.1
2026-02-18,45.5516,6.8474,3155,1,above-cloud,LIMW,-324,79,-13.5,80,2.7,1016,100,100,100,2.5,159,0,0.4
2026-02-25,45.5516,6.8474,3155,1,above-cloud,LIMW,-1543,49,-8.3,36,12.3,1021.6,0,0,0,1.5,120,0,0
2026-03-02,45.5516,6.8474,3155,1,above-cloud,LIMW,-2000,75,-10.9,90,1.4,1024.3,100,0,0,5.8,110,0,0
2026-03-10,45.5516,6.8474,3155,1,above-cloud,LIMW,-1086,80,-9.5,90,1.3,1023.2,100,77,48,4.9,96,0,0
2026-03-15,45.5516,6.8474,3155,1,above-cloud,LIMW,-2305,79,-14.9,84,2.2,1008.1,100,100,62,4.9,62,0,1.6
2026-03-21,45.5516,6.8474,3155,1,above-cloud,LIMW,-1086,77,-13.8,68,4.7,1015.8,95,0,0,0.8,135,0,0
2026-03-26,45.5516,6.8474,3155,1,above-cloud,LIMW,-781,74,-18.8,87,1.6,1014.7,98,86,0,9.4,281,0,0.2
2026-04-13,45.5516,6.8474,3155,1,above-cloud,LIMW,-1696,68,-6.1,89,1.5,1007.9,82,100,100,4.2,83,0,0.1
2026-04-22,45.5516,6.8474,3155,1,above-cloud,LIMW,-934,66,-11.3,62,5.9,1014.9,2,2,4,2.4,126,0,0
2026-04-30,45.5516,6.8474,3155,1,above-cloud,LIMW,-1086,79,-7.3,87,1.8,1019.6,6,0,0,1.9,119,0,0
2026-05-06,45.5516,6.8474,3155,1,above-cloud,LIMW,-1391,73,-6.2,88,1.7,1008,55,100,45,4.4,99,0,0.4
2026-05-10,45.5516,6.8474,3155,1,above-cloud,LIMW,-629,68,-4.6,89,1.5,1014.3,76,100,98,4.1,88,0,0.2
2026-05-15,45.5516,6.8474,3155,1,above-cloud,LIMW,-324,76,-14.6,82,2.3,1000.7,95,100,94,1.7,131,0,0.1
2026-01-21,-8.0635,114.2377,2267,1,above-cloud,WADY,-1691,82,12.4,95,0.8,1011.4,34,59,100,9.5,243,0,0.2
2026-01-29,-8.0635,114.2377,2267,1,above-cloud,WADY,-1691,80,12.5,92,1.3,1015.8,0,100,100,3.8,289,0,0.1
2026-02-01,-8.0635,114.2377,2267,1,above-cloud,WADY,-1691,82,11.3,99,0.1,1014.3,9,13,100,4.7,223,0,0
2026-02-06,-8.0635,114.2377,2267,1,above-cloud,WADY,-1691,81,11.9,98,0.4,1014.7,4,38,100,3.1,242,0,0
2026-02-10,-8.0635,114.2377,2267,1,above-cloud,WADY,-1691,82,12.3,98,0.3,1014.7,13,73,100,2.7,222,0,0.2
2026-02-23,-8.0635,114.2377,2267,1,above-cloud,WADY,-1691,79,11.9,98,0.3,1010.4,0,100,100,3.9,227,0,0.3
2026-03-01,-8.0635,114.2377,2267,1,above-cloud,WADY,-1691,72,11.5,98,0.3,1012,0,70,100,5.7,215,0,0
2026-04-29,-8.0635,114.2377,2267,1,above-cloud,WADY,-1691,90,12,96,0.7,1014,4,0,90,1.3,214,0,0
2026-05-28,-8.0635,114.2377,2267,1,above-cloud,WADY,-1691,84,11,98,0.3,1017.7,100,0,0,0.4,153,0,0
2024-01-02,-21.1874,55.635,2090,0,below-cloud,FMEP,767,68,12.6,100,0,1013.6,96,100,100,4.6,342,0,1.9
2024-01-07,-21.1874,55.635,2090,1,above-cloud,FMEP,-1336,82,13.6,100,0,1018.4,100,88,100,2.2,270,0,0.5
2024-01-16,-21.1874,55.635,2090,1,above-cloud,FMEP,-1336,63,12.8,99,0.1,1006.7,100,16,100,13.4,216,0,2.2
2024-01-23,-21.1874,55.635,2090,1,above-cloud,FMEP,-1732,78,15.2,100,0,1009.1,100,35,93,8,185,0,0.3
2024-01-26,-21.1874,55.635,2090,1,above-cloud,FMEP,-1671,67,13.4,100,0,1010.1,100,100,0,1.3,56,0,6.6
2024-01-29,-21.1874,55.635,2090,0,below-cloud,FMEP,3145,74,12.9,100,0,1013,100,100,21,2.5,135,0,13.7
2024-02-03,-21.1874,55.635,2090,1,above-cloud,FMEP,-1123,82,9.5,100,0,1017.8,100,0,2,3.3,139,0,0.2
2024-02-20,-21.1874,55.635,2090,0,below-cloud,FMEP,584,90,10.6,93,1.1,1016.1,100,6,73,1.6,243,0,0.1
2024-02-24,-21.1874,55.635,2090,1,above-cloud,FMEP,-1153,82,12.5,98,0.4,1015.3,25,0,91,5.4,250,0,0
2024-03-04,-21.1874,55.635,2090,0,below-cloud,FMEP,1011,82,13.5,99,0.1,1019.4,84,100,100,5.1,51,0,1.3
2024-03-22,-21.1874,55.635,2090,0,below-cloud,FMEP,584,89,11.6,100,0.1,1016.7,100,1,2,4.2,121,0,0.1
2024-03-31,-21.1874,55.635,2090,0,in-cloud,FMEP,-25,86,11.6,100,0,1018.8,100,100,45,1.6,153,0,1.2
2024-04-04,-21.1874,55.635,2090,0,below-cloud,FMEP,1011,74,12.1,100,0,1019.1,100,100,100,3.6,354,0,4.4
2024-04-15,-21.1874,55.635,2090,1,above-cloud,FMEP,-1824,70,12.2,100,0,1020.6,100,31,54,8.2,52,0,1.3
2024-04-18,-21.1874,55.635,2090,1,above-cloud,FMEP,-970,87,7.2,100,0,1024.1,100,0,83,4.5,151,0,0
2024-05-04,-21.1874,55.635,2090,1,above-cloud,FMEP,-1123,84,8.9,99,0.2,1020.6,100,3,0,3.9,214,0,0
2024-05-10,-21.1874,55.635,2090,1,above-cloud,FMEP,-208,82,8.2,100,0,1020.7,100,4,0,5.6,105,0,3
2024-05-24,-21.1874,55.635,2090,0,in-cloud,FMEP,-147,69,5.4,100,0,1022.1,100,35,0,5.4,143,0,0.6
2024-05-28,-21.1874,55.635,2090,1,above-cloud,FMEP,-391,69,10.3,100,0,1020.2,100,10,13,6,155,0,0.8
2024-05-31,-21.1874,55.635,2090,1,above-cloud,FMEP,-726,71,8.8,100,0,1023.6,100,0,0,6,65,0,0.7
2024-06-13,-21.1874,55.635,2090,0,below-cloud,FMEP,1316,53,9.2,100,0,1021.8,100,100,100,22.2,40,0,4.5
2024-06-17,-21.1874,55.635,2090,1,above-cloud,FMEP,-940,85,7.8,80,3.2,1020.2,12,4,0,4.7,238,0,0
2024-06-22,-21.1874,55.635,2090,0,in-cloud,FMEP,36,69,6.3,100,0,1024.2,100,0,0,4.9,73,0,1.2
2024-06-27,-21.1874,55.635,2090,1,above-cloud,FMEP,-543,92,4.2,100,0,1026.1,100,0,0,4.1,142,0,0
2024-07-02,-21.1874,55.635,2090,0,in-cloud,FMEP,-147,79,7,100,0,1021.3,100,21,0,4.3,175,0,1
2024-07-11,-21.1874,55.635,2090,1,above-cloud,FMEP,-1214,93,3.5,100,0.1,1026.1,95,0,0,3.1,225,0,0
2024-08-02,-21.1874,55.635,2090,1,above-cloud,FMEP,-269,66,6,59,7.5,1023.5,10,0,0,3.9,202,0,0
2024-08-15,-21.1874,55.635,2090,0,in-cloud,FMEP,97,85,7.3,100,0,1023.7,99,1,0,4.8,42,0,0.1
2024-08-20,-21.1874,55.635,2090,1,above-cloud,FMEP,-452,78,3.7,100,0,1025.9,100,0,0,8,153,0,0
2024-08-25,-21.1874,55.635,2090,1,above-cloud,FMEP,-574,91,2.1,91,1.3,1025.4,37,0,52,4.1,218,0,0
2024-09-12,-21.1874,55.635,2090,1,above-cloud,FMEP,-787,86,6.5,84,2.4,1022,39,0,0,5.9,218,0,0
2024-09-22,-21.1874,55.635,2090,0,below-cloud,FMEP,767,85,8,100,0,1022.6,100,4,0,4.3,85,0,0
2024-10-03,-21.1874,55.635,2090,0,in-cloud,FMEP,36,97,4.2,99,0.1,1020.7,73,0,0,2.7,293,0,0
2024-10-06,-21.1874,55.635,2090,0,in-cloud,FMEP,-147,89,4.2,100,0,1021.3,100,0,0,3.2,177,0,0.1
2024-10-15,-21.1874,55.635,2090,0,below-cloud,FMEP,401,83,7.1,100,0,1019.9,100,0,0,0.4,153,0,1
2024-10-22,-21.1874,55.635,2090,0,in-cloud,FMEP,-147,84,8.9,100,0,1022.2,100,2,0,4,90,0,0.9
2024-11-05,-21.1874,55.635,2090,1,above-cloud,FMEP,-208,87,8,100,0,1018.1,100,0,0,3.2,267,0,0
2024-11-21,-21.1874,55.635,2090,1,above-cloud,FMEP,-1305,80,11.5,100,0,1015.1,100,14,0,4.2,175,0,1
2024-12-10,-21.1874,55.635,2090,1,above-cloud,FMEP,-330,95,7.9,100,0,1017.2,95,0,35,1.5,234,0,0
2025-02-09,-21.1874,55.635,2090,1,above-cloud,FMEP,-879,92,11,90,1.6,1013.8,28,2,0,1.8,294,0,0
2025-02-25,-21.1874,55.635,2090,0,below-cloud,FMEP,2230,82,12.4,100,0,1016,100,42,40,7.6,65,0,0.9
2025-03-18,-21.1874,55.635,2090,1,above-cloud,FMEP,-1732,71,12.7,100,0,1017.3,99,81,100,6.8,22,0,5
2025-04-03,-21.1874,55.635,2090,0,below-cloud,FMEP,279,85,10.8,100,0,1018.5,100,1,68,0.2,180,0,0
2025-04-30,-21.1874,55.635,2090,0,in-cloud,FMEP,-147,64,10.4,100,0,1019.2,100,65,100,7.4,83,0,7.1
2025-05-08,-21.1874,55.635,2090,1,above-cloud,FMEP,-574,71,11,100,0,1021,100,28,28,2.7,23,0,2.8
2025-05-15,-21.1874,55.635,2090,1,above-cloud,FMEP,-879,79,9.9,100,0,1021,100,8,0,6.1,185,0,0.3
2025-05-25,-21.1874,55.635,2090,1,above-cloud,FMEP,-513,85,5.6,100,0,1022.8,100,0,0,8.8,197,0,0
2025-06-11,-21.1874,55.635,2090,0,in-cloud,FMEP,36,89,7,100,0,1024.5,98,0,0,6.6,55,0,0.9
2025-06-15,-21.1874,55.635,2090,1,above-cloud,FMEP,-391,82,4.6,100,0,1025.5,100,0,85,6,209,0,0
2025-06-23,-21.1874,55.635,2090,1,above-cloud,FMEP,-452,89,4.6,100,0,1022.2,99,0,0,2.3,238,0,0
2025-07-03,-21.1874,55.635,2090,1,above-cloud,FMEP,-330,83,2.7,100,0,1024.8,100,0,0,2.8,207,0,0
2025-07-08,-21.1874,55.635,2090,0,in-cloud,FMEP,97,76,7.9,100,0,1025.9,100,88,0,10,38,0,3.2
2025-07-16,-21.1874,55.635,2090,0,below-cloud,FMEP,462,94,5.6,99,0.1,1022.7,100,0,0,1.5,256,0,0
2025-07-28,-21.1874,55.635,2090,0,below-cloud,FMEP,828,92,5.7,95,0.8,1024.9,34,3,0,0.5,225,0,0
2025-08-01,-21.1874,55.635,2090,0,below-cloud,FMEP,523,77,4.5,100,0,1025.5,100,16,0,6.9,45,0,2.1
2025-08-06,-21.1874,55.635,2090,1,above-cloud,FMEP,-452,81,3.3,100,0,1025.2,100,0,0,5.8,141,0,0.1
2025-08-19,-21.1874,55.635,2090,1,above-cloud,FMEP,-1031,64,4.5,100,0,1026.1,100,100,0,5,52,0,4.4
2025-09-01,-21.1874,55.635,2090,1,above-cloud,FMEP,-391,97,1.6,100,0,1024.8,93,0,0,1,239,0,0
2025-09-11,-21.1874,55.635,2090,1,above-cloud,FMEP,-208,73,6.1,100,0,1025.1,100,9,0,3.2,142,0,0.1
2025-09-19,-21.1874,55.635,2090,0,in-cloud,FMEP,97,88,7.6,100,0,1024.8,100,0,0,1.5,225,0,0
2025-10-05,-21.1874,55.635,2090,1,above-cloud,FMEP,-1001,93,8.1,99,0.1,1019.8,88,1,0,2.3,302,0,0
2025-10-13,-21.1874,55.635,2090,1,above-cloud,FMEP,-1062,88,3.7,89,1.6,1023.4,8,0,0,0.4,243,0,0
2025-11-09,-21.1874,55.635,2090,1,above-cloud,FMEP,-696,90,6.7,98,0.3,1020,3,4,100,2.2,279,0,0
2025-11-21,-21.1874,55.635,2090,1,above-cloud,FMEP,-1123,74,11.3,99,0.1,1015.3,100,17,100,2,260,0,0.5
2025-12-27,-21.1874,55.635,2090,0,below-cloud,FMEP,828,81,11.6,100,0,1013.4,99,100,100,6.2,33,0,0.8
2025-12-31,-21.1874,55.635,2090,1,above-cloud,FMEP,-1123,86,11.9,100,0,1015.1,100,100,19,3.2,218,0,0.2
2026-01-20,-21.1874,55.635,2090,1,above-cloud,FMEP,-1549,85,11.9,99,0.1,1011.2,100,30,8,2.4,216,0,0.1
2026-02-06,-21.1874,55.635,2090,1,above-cloud,FMEP,-1336,88,13.2,100,0,1013.6,100,100,0,1.9,61,0,5.8
2026-02-19,-21.1874,55.635,2090,0,below-cloud,FMEP,1011,76,10.9,100,0,1016.3,100,47,0,2.6,129,0,0
2026-03-18,-21.1874,55.635,2090,1,above-cloud,FMEP,-1031,95,12.1,100,0,1014.5,97,2,0,2.3,270,0,0
2026-04-05,-21.1874,55.635,2090,0,in-cloud,FMEP,97,85,9.1,100,0,1014.4,100,8,0,4.1,319,0,0.2
2026-05-02,-21.1874,55.635,2090,1,above-cloud,FMEP,-1245,85,9.6,100,0,1020.8,100,0,0,3.8,191,0,0
2026-05-18,-21.1874,55.635,2090,0,below-cloud,FMEP,706,82,9.5,100,0,1018.6,100,100,34,1.9,158,0,2.6
2026-06-03,-21.1874,55.635,2090,0,below-cloud,FMEP,584,89,7.1,100,0.1,1024.1,100,41,0,2.5,262,0,0.3
2026-06-22,-21.1874,55.635,2090,0,in-cloud,FMEP,-147,87,4.2,100,0.1,1024.5,100,0,0,4.3,255,0,0
2026-06-27,-21.1874,55.635,2090,0,in-cloud,FMEP,-147,83,5.4,99,0.1,1023.4,100,0,0,3.8,221,0,0.1
2026-07-06,-21.1874,55.635,2090,1,above-cloud,FMEP,-848,93,6.2,99,0.1,1025.4,100,0,0,2.3,238,0,0
2026-07-09,-21.1874,55.635,2090,0,below-cloud,FMEP,401,87,5.7,100,0,1024.7,100,2,0,2.8,40,0,0.6
2026-07-15,-21.1874,55.635,2090,0,below-cloud,FMEP,1925,78,8.5,100,0,1022.1,98,100,0,12.6,38,0,0.6
2026-07-28,-21.1874,55.635,2090,0,below-cloud,FMEP,340,90,4.8,100,0,1023.3,100,0,0,2.9,281,0,0
2024-01-02,-21.2055,55.6199,2080,0,below-cloud,FMEP,777,68,12.9,97,0.4,1013.2,62,100,100,8.3,5,0,1.8
2024-01-07,-21.2055,55.6199,2080,1,above-cloud,FMEP,-1326,82,13.9,100,0.1,1018.2,100,74,100,6.7,234,0,0.3
2024-01-16,-21.2055,55.6199,2080,1,above-cloud,FMEP,-1326,56,12.1,100,0.1,1007.6,100,25,100,23.2,216,0,3.7
2024-01-23,-21.2055,55.6199,2080,1,above-cloud,FMEP,-1722,78,14.9,99,0.2,1009.4,100,22,95,10.8,195,0,0.9
2024-01-26,-21.2055,55.6199,2080,1,above-cloud,FMEP,-1661,71,13,99,0.2,1010.2,100,100,2,3.3,264,0,4.9
2024-01-29,-21.2055,55.6199,2080,0,below-cloud,FMEP,3155,79,13.3,100,0,1012.8,100,100,20,6.3,246,0,20
2024-02-03,-21.2055,55.6199,2080,1,above-cloud,FMEP,-1113,84,10.2,100,0,1017.1,100,0,1,0.4,90,0,0
2024-02-20,-21.2055,55.6199,2080,0,below-cloud,FMEP,594,85,10.6,88,2,1015.5,47,1,36,1.8,323,0,0
2024-02-24,-21.2055,55.6199,2080,1,above-cloud,FMEP,-1143,93,12.4,97,0.5,1015.9,69,0,80,3,194,0,0
2024-03-04,-21.2055,55.6199,2080,0,below-cloud,FMEP,1021,82,13.8,98,0.3,1018.9,42,100,100,9.6,56,0,2.5
2024-03-22,-21.2055,55.6199,2080,0,below-cloud,FMEP,594,91,11.5,100,0,1016,100,2,14,2.3,39,0,0
2024-03-31,-21.2055,55.6199,2080,0,in-cloud,FMEP,-15,78,12.1,100,0,1018.3,100,100,52,1.1,360,0,1.7
2024-04-04,-21.2055,55.6199,2080,0,below-cloud,FMEP,1021,74,13.2,99,0.2,1018,90,100,100,8.3,5,0,1.8
2024-04-15,-21.2055,55.6199,2080,1,above-cloud,FMEP,-1814,81,12.5,100,0,1020.1,100,36,67,4.3,336,0,0.5
2024-04-18,-21.2055,55.6199,2080,1,above-cloud,FMEP,-960,92,7,100,0,1022.9,98,0,81,3.5,24,0,0
2024-05-04,-21.2055,55.6199,2080,1,above-cloud,FMEP,-1113,92,8.5,100,0,1020.7,95,0,0,4.6,135,0,0
2024-05-10,-21.2055,55.6199,2080,1,above-cloud,FMEP,-198,82,9.2,100,0,1019.7,100,0,0,4.2,20,0,0.6
2024-05-24,-21.2055,55.6199,2080,0,in-cloud,FMEP,-137,93,5.3,100,0,1021.3,96,13,0,1.5,76,0,0
2024-05-28,-21.2055,55.6199,2080,1,above-cloud,FMEP,-381,74,10.5,100,0,1020,100,12,10,5.8,187,0,0.3
2024-05-31,-21.2055,55.6199,2080,1,above-cloud,FMEP,-716,80,9.7,100,0,1022.5,100,0,0,5.4,4,0,0
2024-06-13,-21.2055,55.6199,2080,0,below-cloud,FMEP,1326,61,9.6,100,0,1020.2,100,94,100,21.6,30,0,2.1
2024-06-17,-21.2055,55.6199,2080,1,above-cloud,FMEP,-930,81,7.9,77,3.8,1020.3,12,4,0,5,180,0,0
2024-06-22,-21.2055,55.6199,2080,0,in-cloud,FMEP,46,87,6.3,100,0,1023.3,100,1,0,6.1,3,0,0.1
2024-06-27,-21.2055,55.6199,2080,1,above-cloud,FMEP,-533,85,5,100,0,1025.1,100,0,0,0.7,270,0,0
2024-07-02,-21.2055,55.6199,2080,0,in-cloud,FMEP,-137,79,7.2,100,0,1021.1,100,10,0,6.6,209,0,0.2
2024-07-11,-21.2055,55.6199,2080,1,above-cloud,FMEP,-1204,92,4.3,98,0.3,1025,67,0,0,4,27,0,0
2024-08-02,-21.2055,55.6199,2080,1,above-cloud,FMEP,-259,87,3.1,78,3.5,1023.8,22,0,0,7.3,191,0,0
2024-08-15,-21.2055,55.6199,2080,0,in-cloud,FMEP,107,83,6.7,100,0,1023.3,100,0,0,5.2,25,0,0
2024-08-20,-21.2055,55.6199,2080,1,above-cloud,FMEP,-442,94,4,100,0,1024.8,100,0,0,3.6,96,0,0
2024-08-25,-21.2055,55.6199,2080,1,above-cloud,FMEP,-564,92,2.2,91,1.3,1025.1,61,0,63,5.2,115,0,0
2024-09-12,-21.2055,55.6199,2080,1,above-cloud,FMEP,-777,85,8.8,73,4.6,1021.6,23,0,0,5.6,207,0,0
2024-09-22,-21.2055,55.6199,2080,0,below-cloud,FMEP,777,86,7.4,100,0,1022,100,0,0,5.2,56,0,0
2024-10-03,-21.2055,55.6199,2080,0,in-cloud,FMEP,46,94,4.3,98,0.3,1020.2,26,0,0,3,346,0,0
2024-10-06,-21.2055,55.6199,2080,0,in-cloud,FMEP,-137,92,4.7,100,0,1020.8,100,0,0,3.8,199,0,0
2024-10-15,-21.2055,55.6199,2080,0,below-cloud,FMEP,411,84,7.6,100,0,1019.2,100,0,0,2,45,0,0.2
2024-10-22,-21.2055,55.6199,2080,0,in-cloud,FMEP,-137,84,9.4,100,0,1021.5,100,0,0,2.8,18,0,0.1
2024-11-05,-21.2055,55.6199,2080,1,above-cloud,FMEP,-198,94,8.2,100,0.1,1017.6,97,0,0,0.6,342,0,0
2024-11-21,-21.2055,55.6199,2080,1,above-cloud,FMEP,-1295,83,11.9,100,0,1014.8,100,13,0,4.3,195,0,0.3
2024-12-10,-21.2055,55.6199,2080,1,above-cloud,FMEP,-320,96,8.1,100,0,1016.9,93,0,41,1.3,8,0,0
2025-02-09,-21.2055,55.6199,2080,1,above-cloud,FMEP,-869,84,10.9,89,1.7,1013.6,17,1,0,1,329,0,0
2025-02-25,-21.2055,55.6199,2080,0,below-cloud,FMEP,2240,82,12.4,99,0.1,1015.7,100,97,37,7,40,0,4.8
2025-03-18,-21.2055,55.6199,2080,1,above-cloud,FMEP,-1722,77,12.8,100,0,1016.8,100,100,100,9.5,2,0,5.7
2025-04-03,-21.2055,55.6199,2080,0,below-cloud,FMEP,289,89,11.1,100,0,1017.7,100,1,43,3.2,3,0,0
2025-04-30,-21.2055,55.6199,2080,0,in-cloud,FMEP,-137,68,11.5,99,0.2,1017.6,100,11,100,8.2,38,0,7.2
2025-05-08,-21.2055,55.6199,2080,1,above-cloud,FMEP,-564,86,12.1,100,0,1020.1,100,62,11,6.4,349,0,1.1
2025-05-15,-21.2055,55.6199,2080,1,above-cloud,FMEP,-869,83,10.1,100,0.1,1020.9,100,9,0,4.7,182,0,0.1
2025-05-25,-21.2055,55.6199,2080,1,above-cloud,FMEP,-503,92,5.7,99,0.1,1022.9,73,0,0,4.5,166,0,0
2025-06-11,-21.2055,55.6199,2080,0,in-cloud,FMEP,46,91,7.6,100,0,1023.7,100,4,0,6.3,15,0,0.6
2025-06-15,-21.2055,55.6199,2080,1,above-cloud,FMEP,-381,88,4.3,100,0,1025,100,0,78,3.5,141,0,0
2025-06-23,-21.2055,55.6199,2080,1,above-cloud,FMEP,-442,93,4.8,100,0,1022.2,95,0,0,2.2,156,0,0
2025-07-03,-21.2055,55.6199,2080,1,above-cloud,FMEP,-320,94,2.3,100,0,1024.1,95,0,0,0.3,315,0,0
2025-07-08,-21.2055,55.6199,2080,0,in-cloud,FMEP,107,78,8.1,100,0,1025.1,100,90,0,7.7,33,0,1.6
2025-07-16,-21.2055,55.6199,2080,0,below-cloud,FMEP,472,93,5,99,0.2,1022.3,42,0,0,1.3,8,0,0
2025-07-28,-21.2055,55.6199,2080,0,below-cloud,FMEP,838,91,5.6,89,1.6,1024.7,98,4,0,0.9,127,0,0
2025-08-01,-21.2055,55.6199,2080,0,below-cloud,FMEP,533,83,5.4,100,0,1024.3,100,30,0,9.9,15,0,0.6
2025-08-06,-21.2055,55.6199,2080,1,above-cloud,FMEP,-442,86,3.1,100,0,1024.1,100,0,0,1.4,67,0,0
2025-08-19,-21.2055,55.6199,2080,1,above-cloud,FMEP,-1021,83,5.6,100,0,1024.8,100,100,0,7.3,25,0,0.8
2025-09-01,-21.2055,55.6199,2080,1,above-cloud,FMEP,-381,97,2.2,100,0,1024,92,0,0,2.3,32,0,0
2025-09-11,-21.2055,55.6199,2080,1,above-cloud,FMEP,-198,93,6.2,96,0.6,1024.2,67,10,0,0.9,101,0,0
2025-09-19,-21.2055,55.6199,2080,0,in-cloud,FMEP,107,90,6.9,100,0,1024.4,100,0,0,1.5,60,0,0
2025-10-05,-21.2055,55.6199,2080,1,above-cloud,FMEP,-991,92,8,100,0,1019.8,95,1,0,2.6,214,0,0
2025-10-13,-21.2055,55.6199,2080,1,above-cloud,FMEP,-1052,88,4.2,82,2.9,1022.5,1,0,0,3.1,62,0,0
2025-11-09,-21.2055,55.6199,2080,1,above-cloud,FMEP,-686,84,7.2,90,1.5,1019.5,6,7,99,0.7,14,0,0
2025-11-21,-21.2055,55.6199,2080,1,above-cloud,FMEP,-1113,83,11.6,100,0,1015.1,100,24,99,2.8,281,0,0.5
2025-12-27,-21.2055,55.6199,2080,0,below-cloud,FMEP,838,79,12.1,100,0.1,1012.7,98,100,100,9.8,38,0,1.1
2025-12-31,-21.2055,55.6199,2080,1,above-cloud,FMEP,-1113,85,11.9,100,0,1015,100,66,17,8.4,222,0,0.1
2026-01-20,-21.2055,55.6199,2080,1,above-cloud,FMEP,-1539,79,12.2,100,0,1011.2,100,40,13,5.7,252,0,0.1
2026-02-06,-21.2055,55.6199,2080,1,above-cloud,FMEP,-1326,86,13.3,100,0,1013.4,100,100,0,6.4,209,0,7.1
2026-02-19,-21.2055,55.6199,2080,0,below-cloud,FMEP,1021,90,11.1,100,0,1015.8,100,14,0,3.7,349,0,0
2026-03-18,-21.2055,55.6199,2080,1,above-cloud,FMEP,-1021,94,12,100,0,1014.4,84,1,0,1,31,0,0
2026-04-05,-21.2055,55.6199,2080,0,in-cloud,FMEP,107,89,9.1,100,0,1014.2,100,4,0,4,328,0,0.4
2026-05-02,-21.2055,55.6199,2080,1,above-cloud,FMEP,-1235,85,10.4,100,0,1020.3,100,0,0,1.5,216,0,0
2026-05-18,-21.2055,55.6199,2080,0,below-cloud,FMEP,716,86,9.5,100,0,1018.1,100,100,40,3.6,252,0,2.5
2026-06-03,-21.2055,55.6199,2080,0,below-cloud,FMEP,594,91,6.7,99,0.1,1023.7,96,52,0,2.7,340,0,0.3
2026-06-22,-21.2055,55.6199,2080,0,in-cloud,FMEP,-137,90,4.3,100,0,1024.1,100,0,0,3.2,270,0,0
2026-06-27,-21.2055,55.6199,2080,0,in-cloud,FMEP,-137,88,5.4,100,0,1022.8,100,0,0,2.7,270,0,0
2026-07-06,-21.2055,55.6199,2080,1,above-cloud,FMEP,-838,87,6.3,100,0,1025.3,98,0,0,4.8,191,0,0
2026-07-09,-21.2055,55.6199,2080,0,below-cloud,FMEP,411,87,6,100,0,1024,100,6,0,2.8,342,0,0.1
2026-07-15,-21.2055,55.6199,2080,0,below-cloud,FMEP,1935,74,9,97,0.4,1021.3,100,100,0,14.3,31,0,0.2
2026-07-28,-21.2055,55.6199,2080,0,below-cloud,FMEP,350,94,4.8,100,0.1,1022.8,100,0,0,2.2,312,0,0
2024-01-06,28.213,-16.6769,2056,1,above-cloud,GCTS,-612,81,4.8,100,0,1023.3,100,0,100,8.4,353,0,0
2024-02-11,28.213,-16.6769,2056,1,above-cloud,GCTS,-1435,69,10.1,56,8.4,1019.8,0,0,0,4.7,351,0,0
2024-03-04,28.213,-16.6769,2056,1,above-cloud,GCTS,-765,77,1.8,98,0.2,1025,100,0,0,9.6,326,0,0
2024-03-12,28.213,-16.6769,2056,1,above-cloud,GCTS,-917,86,3.7,78,3.5,1020.1,4,0,0,8.4,290,0,0
2024-03-26,28.213,-16.6769,2056,1,above-cloud,GCTS,-460,79,1.7,99,0.1,1019.1,100,0,0,11.9,358,0,0
2024-04-01,28.213,-16.6769,2056,1,above-cloud,GCTS,-460,92,2.8,96,0.6,1020.3,66,0,0,5.4,42,0,0
2024-05-15,28.213,-16.6769,2056,1,above-cloud,GCTS,-765,78,5.3,90,1.6,1017.5,100,0,0,9.3,306,0,0
2024-05-17,28.213,-16.6769,2056,1,above-cloud,GCTS,-1100,92,4.3,98,0.3,1019.2,60,5,21,7.9,344,0,0
2024-05-19,28.213,-16.6769,2056,1,above-cloud,GCTS,-1374,88,5.2,99,0.2,1019.6,100,0,0,7.6,335,0,0
2024-05-24,28.213,-16.6769,2056,1,above-cloud,GCTS,-765,90,4.1,98,0.2,1020.2,36,0,0,7.7,332,0,0
2024-05-28,28.213,-16.6769,2056,1,above-cloud,GCTS,-917,76,7.6,78,3.6,1021.2,65,0,0,5.6,333,0,0
2024-06-01,28.213,-16.6769,2056,1,above-cloud,GCTS,-1283,48,11.4,52,9.6,1016.2,1,0,0,3.6,6,0,0
2024-06-04,28.213,-16.6769,2056,1,above-cloud,GCTS,-917,66,9.6,74,4.4,1019.3,15,0,0,8.6,2,0,0
2024-06-09,28.213,-16.6769,2056,1,above-cloud,GCTS,-765,83,6.9,98,0.2,1020.5,100,0,0,9.2,334,0,0
2024-06-11,28.213,-16.6769,2056,1,above-cloud,GCTS,-612,81,6.4,99,0.1,1022,100,0,0,9,331,0,0
2024-06-26,28.213,-16.6769,2056,1,above-cloud,GCTS,-917,48,10,67,5.8,1018.2,5,0,0,5.7,325,0,0
2024-06-30,28.213,-16.6769,2056,1,above-cloud,GCTS,-1252,59,11,70,5.3,1019.5,0,0,0,6.7,254,0,0
2024-07-07,28.213,-16.6769,2056,1,above-cloud,GCTS,-1374,54,14.8,25,19.7,1018.8,5,0,0,3.7,299,0,0
2024-07-29,28.213,-16.6769,2056,1,above-cloud,GCTS,-917,83,12.7,95,0.8,1018.7,32,0,0,6.6,351,0,0
2024-09-16,28.213,-16.6769,2056,1,above-cloud,GCTS,-1070,84,10.9,64,6.5,1017.7,27,0,4,2.9,330,0,0
2024-09-18,28.213,-16.6769,2056,1,above-cloud,GCTS,-308,84,7.7,89,1.6,1016.5,30,0,3,4.8,318,0,0
2024-09-29,28.213,-16.6769,2056,1,above-cloud,GCTS,-1009,83,9.3,80,3.3,1022,15,0,0,7.3,324,0,0
2024-10-07,28.213,-16.6769,2056,1,above-cloud,GCTS,-917,47,12.5,39,13.7,1017.4,0,0,3,11.1,340,0,0
2024-10-12,28.213,-16.6769,2056,1,above-cloud,GCTS,-1374,64,13.4,45,11.5,1019.8,2,0,46,14,271,0,0
2024-10-17,28.213,-16.6769,2056,1,above-cloud,GCTS,-612,86,10.4,100,0,1026.4,100,0,21,6.6,279,0,0
2024-10-30,28.213,-16.6769,2056,1,above-cloud,GCTS,-917,82,2.9,100,0,1022,100,0,0,8.3,354,0,0
2024-11-20,28.213,-16.6769,2056,0,below-cloud,GCTS,1064,78,6.9,88,1.9,1025.3,7,0,0,2.6,115,0,0.1
2024-12-13,28.213,-16.6769,2056,1,above-cloud,GCTS,-308,81,1.2,100,0,1023.1,100,0,0,6.9,345,0,0
2025-01-21,28.213,-16.6769,2056,1,above-cloud,GCTS,-1070,78,4.4,100,0,1017.8,100,0,0,10,278,0,0
2025-02-02,28.213,-16.6769,2056,1,above-cloud,GCTS,-765,77,2,100,0,1027.8,100,0,98,13,354,0,0
2025-03-02,28.213,-16.6769,2056,1,above-cloud,GCTS,-460,68,1.4,100,0,1014.3,100,6,0,7.7,270,0,0.2
2025-03-09,28.213,-16.6769,2056,1,above-cloud,GCTS,-765,75,0.4,98,0.2,1017,100,0,0,8.3,355,0,0
2025-03-15,28.213,-16.6769,2056,1,above-cloud,GCTS,-765,81,-0.2,98,0.2,1021.9,100,0,13,9.2,353,0,0
2025-03-26,28.213,-16.6769,2056,1,above-cloud,GCTS,-612,80,1.8,100,0.1,1023.2,100,0,0,8.5,332,0,0
2025-04-03,28.213,-16.6769,2056,1,above-cloud,GCTS,-490,78,1.2,99,0.1,1010.7,100,0,0,17.7,253,0,0
2025-04-15,28.213,-16.6769,2056,1,above-cloud,GCTS,-917,76,3.2,86,2.2,1020.7,8,0,0,10.1,349,0,0
2025-04-29,28.213,-16.6769,2056,1,above-cloud,GCTS,-856,61,4.9,77,3.7,1017,12,0,0,11.1,344,0,0
2025-05-04,28.213,-16.6769,2056,1,above-cloud,GCTS,-917,87,5.5,63,6.4,1019.8,0,0,0,4.7,332,0,0
2025-05-24,28.213,-16.6769,2056,1,above-cloud,GCTS,-1222,86,7.1,72,4.7,1020.3,0,0,0,3.6,327,0,0
2025-05-30,28.213,-16.6769,2056,1,above-cloud,GCTS,-1374,52,12.9,25,19.8,1019.7,0,0,0,0.2,360,0,0
2025-06-08,28.213,-16.6769,2056,1,above-cloud,GCTS,-1131,66,9.5,43,12,1019.8,0,0,0,1.3,315,0,0
2025-06-16,28.213,-16.6769,2056,1,above-cloud,GCTS,-917,69,8.4,76,4,1020.8,0,1,4,2.2,305,0,0
2025-07-10,28.213,-16.6769,2056,1,above-cloud,GCTS,-1374,49,17.3,35,15.7,1020.1,0,0,0,2.2,189,0,0
2025-08-03,28.213,-16.6769,2056,1,above-cloud,GCTS,-917,64,12.6,65,6.3,1019.7,20,0,0,1.1,360,0,0
2025-08-28,28.213,-16.6769,2056,1,above-cloud,GCTS,-1070,90,12.2,82,3,1021.3,19,0,0,6.8,312,0,0
2025-09-01,28.213,-16.6769,2056,1,above-cloud,GCTS,-1222,52,12.1,69,5.6,1022,4,0,0,5.3,327,0,0
2025-09-24,28.213,-16.6769,2056,1,above-cloud,GCTS,-460,82,5.8,99,0.1,1022.6,100,0,0,9.6,348,0,0
2025-10-11,28.213,-16.6769,2056,1,above-cloud,GCTS,-765,84,7.4,55,8.4,1020.5,4,0,0,4.1,322,0,0
2025-10-19,28.213,-16.6769,2056,1,above-cloud,GCTS,-1070,84,9.2,69,5.4,1021.5,100,0,0,5.5,343,0,0.1
2025-10-24,28.213,-16.6769,2056,1,above-cloud,GCTS,-917,92,10.1,71,5,1022.1,35,0,0,3,335,0,0
2025-11-11,28.213,-16.6769,2056,1,above-cloud,GCTS,-765,86,5.6,100,0,1019.6,100,0,0,3.1,339,0,0
2025-11-19,28.213,-16.6769,2056,1,above-cloud,GCTS,-612,77,3.1,98,0.3,1022.1,100,0,0,10.7,347,0,0
2025-11-27,28.213,-16.6769,2056,1,above-cloud,GCTS,-765,80,3,100,0.1,1021.7,100,0,0,11.2,338,0,0
2025-12-19,28.213,-16.6769,2056,1,above-cloud,GCTS,-917,83,2.9,86,2.1,1025.2,58,0,0,9.2,343,0,0
2026-01-01,28.213,-16.6769,2056,1,above-cloud,GCTS,-1222,71,3.9,53,8.7,1014,30,0,92,8.8,244,0,0
2026-01-15,28.213,-16.6769,2056,1,above-cloud,GCTS,-765,84,-0.1,81,3,1024.5,10,0,0,4.8,333,0,0
2026-01-22,28.213,-16.6769,2056,1,above-cloud,GCTS,-1222,78,3.4,76,3.7,1021.7,6,0,97,4.1,360,0,0
2026-01-29,28.213,-16.6769,2056,1,above-cloud,GCTS,-917,47,6,40,12.6,1025.3,0,0,0,6.7,355,0,0
2026-02-26,28.213,-16.6769,2056,0,in-cloud,GCTS,150,69,0.1,94,0.8,1022.2,100,0,0,11.5,346,0,0
2026-03-07,28.213,-16.6769,2056,1,above-cloud,GCTS,-765,84,-0.2,99,0.1,1022.1,80,0,0,10.1,335,0,0
2026-03-10,28.213,-16.6769,2056,1,above-cloud,GCTS,-917,76,1.7,100,0,1024.6,100,0,0,10.9,351,0,0
2026-03-21,28.213,-16.6769,2056,1,above-cloud,GCTS,-1070,46,1.3,100,0,1002.8,100,52,0,16.1,221,0,4.7
2026-03-24,28.213,-16.6769,2056,1,above-cloud,GCTS,-460,79,2.9,100,0,1010.8,100,30,87,4.1,360,0,0.2
2026-03-28,28.213,-16.6769,2056,1,above-cloud,GCTS,-1222,82,3,65,5.9,1019.8,1,0,0,4.5,358,0,0
2026-04-07,28.213,-16.6769,2056,1,above-cloud,GCTS,-765,82,4.1,78,3.5,1022.2,10,0,7,6.5,358,0,0
2026-04-22,28.213,-16.6769,2056,1,above-cloud,GCTS,-460,87,4.6,100,0,1014.8,100,0,0,5.2,180,0,0
2026-04-26,28.213,-16.6769,2056,1,above-cloud,GCTS,-460,82,4.1,100,0,1016.8,99,22,95,6.4,320,0,0
2026-04-29,28.213,-16.6769,2056,1,above-cloud,GCTS,-765,95,3.5,97,0.4,1015,69,13,0,1.5,324,0,0
2026-05-07,28.213,-16.6769,2056,1,above-cloud,GCTS,-765,83,4.6,99,0.1,1016.1,100,0,9,5.9,320,0,0
2026-05-16,28.213,-16.6769,2056,1,above-cloud,GCTS,-765,77,3.9,80,3.1,1020.9,97,0,0,7.7,332,0,0
2026-05-31,28.213,-16.6769,2056,1,above-cloud,GCTS,-1222,64,11.5,44,11.9,1021,3,0,0,4,321,0,0
2026-06-03,28.213,-16.6769,2056,1,above-cloud,GCTS,-1374,49,12.3,48,10.8,1023.2,2,0,0,6.3,342,0,0
2026-06-17,28.213,-16.6769,2056,1,above-cloud,GCTS,-978,45,11.5,49,10.4,1021.2,0,0,0,8.3,338,0,0
2026-06-19,28.213,-16.6769,2056,1,above-cloud,GCTS,-1374,71,11.4,59,7.7,1019.2,0,0,0,2.5,352,0,0
2026-06-23,28.213,-16.6769,2056,1,above-cloud,GCTS,-1252,68,12.7,71,5,1020.3,2,0,0,5.8,330,0,0
2026-07-03,28.213,-16.6769,2056,1,above-cloud,GCTS,-1070,64,14.9,46,11.5,1016.8,3,0,0,5.8,2,0,0
2024-01-21,27.962,-15.5721,1920,1,above-cloud,GCLP,-676,89,1.9,100,0,1027.7,99,0,0,7,12,0,0
2024-02-24,27.962,-15.5721,1920,1,above-cloud,GCLP,-676,71,2.8,99,0.2,1025.1,100,0,0,12.6,20,0,0
2024-02-28,27.962,-15.5721,1920,1,above-cloud,GCLP,-676,83,2,100,0,1023.5,88,0,0,10.3,29,0,0
2024-03-05,27.962,-15.5721,1920,1,above-cloud,GCLP,-676,88,2.2,100,0,1023.1,100,0,0,7.2,18,0,0
2024-04-08,27.962,-15.5721,1920,1,above-cloud,GCLP,-981,78,3.1,100,0,1021.5,97,0,0,11.5,14,0,0
2024-04-30,27.962,-15.5721,1920,1,above-cloud,GCLP,-523,90,1.8,98,0.3,1024.1,48,0,0,7.9,357,0,0
2024-05-13,27.962,-15.5721,1920,1,above-cloud,GCLP,-981,80,6.7,81,3.1,1018.4,65,0,0,8.4,10,0,0
2024-05-17,27.962,-15.5721,1920,1,above-cloud,GCLP,-828,86,4.4,100,0,1017.5,100,0,2,7.9,16,0,0
2024-05-21,27.962,-15.5721,1920,1,above-cloud,GCLP,-676,86,3.1,96,0.6,1022,22,0,0,6.8,18,0,0
2024-06-04,27.962,-15.5721,1920,1,above-cloud,GCLP,-828,83,6.2,99,0.1,1018.6,100,0,0,7.8,347,0,0
2024-06-13,27.962,-15.5721,1920,1,above-cloud,GCLP,-828,83,5.6,100,0,1021.6,100,3,94,7.5,35,0,0
2024-06-21,27.962,-15.5721,1920,1,above-cloud,GCLP,-828,89,5,100,0,1021.8,100,0,0,8,8,0,0
2024-06-30,27.962,-15.5721,1920,1,above-cloud,GCLP,-1285,60,9.8,60,7.3,1018.8,24,0,0,2.4,333,0,0
2024-07-06,27.962,-15.5721,1920,1,above-cloud,GCLP,-1346,48,10,55,8.7,1017.1,14,0,0,5,21,0,0
2024-07-22,27.962,-15.5721,1920,1,above-cloud,GCLP,-1224,60,13.8,60,7.7,1016.1,35,0,0,4.5,61,0,0
2024-08-09,27.962,-15.5721,1920,1,above-cloud,GCLP,-1255,49,12.6,44,12.1,1016.5,1,5,0,3.8,17,0,0
2024-08-31,27.962,-15.5721,1920,1,above-cloud,GCLP,-767,87,7.3,100,0,1016.9,100,0,0,6.1,28,0,0
2024-09-04,27.962,-15.5721,1920,1,above-cloud,GCLP,-828,82,8.7,100,0,1017.4,100,0,0,7,35,0,0
2024-09-24,27.962,-15.5721,1920,1,above-cloud,GCLP,-1285,82,5.7,96,0.6,1019.3,1,0,0,4.2,31,0,0
2024-10-06,27.962,-15.5721,1920,1,above-cloud,GCLP,-1407,50,13.8,49,10.6,1016.4,1,0,0,2.9,79,0,0
2024-10-17,27.962,-15.5721,1920,1,above-cloud,GCLP,-1224,80,9,100,0,1024.5,100,56,100,6.6,33,0,2.1
2024-10-29,27.962,-15.5721,1920,1,above-cloud,GCLP,-371,82,4.3,100,0,1019,100,18,0,6,16,0,0
2024-12-09,27.962,-15.5721,1920,1,above-cloud,GCLP,-523,80,4.7,100,0,1021.9,100,0,100,7.8,23,0,0
2024-12-14,27.962,-15.5721,1920,1,above-cloud,GCLP,-920,91,2.4,100,0,1020.8,50,0,100,5.6,73,0,0
2025-01-18,27.962,-15.5721,1920,1,above-cloud,GCLP,-523,90,0.2,100,0,1026,100,0,2,6.3,347,0,0
2025-01-30,27.962,-15.5721,1920,1,above-cloud,GCLP,-828,76,3.8,100,0,1029.1,98,0,0,12,16,0,0
2025-02-03,27.962,-15.5721,1920,1,above-cloud,GCLP,-981,74,2.9,100,0,1024.1,100,0,0,9.4,26,0,0.1
2025-02-21,27.962,-15.5721,1920,1,above-cloud,GCLP,-1285,71,3.8,61,6.8,1023.3,0,0,0,2.3,238,0,0
2025-03-02,27.962,-15.5721,1920,0,below-cloud,GCLP,543,94,0.3,100,0,1013.5,100,100,5,2.1,322,0,0
2025-03-22,27.962,-15.5721,1920,1,above-cloud,GCLP,-676,79,2.6,98,0.3,1023.3,100,0,1,9.2,21,0,0
2025-03-26,27.962,-15.5721,1920,1,above-cloud,GCLP,-523,77,1.8,99,0.1,1022.6,100,0,0,9.3,19,0,0
2025-04-15,27.962,-15.5721,1920,1,above-cloud,GCLP,-828,80,3.2,100,0,1020.2,100,0,0,8.9,6,0,0
2025-04-20,27.962,-15.5721,1920,1,above-cloud,GCLP,-828,77,3,96,0.6,1020.8,100,0,0,11.7,23,0,0
2025-04-25,27.962,-15.5721,1920,1,above-cloud,GCLP,-676,82,5,100,0,1019.5,100,0,0,7.6,22,0,0
2025-05-06,27.962,-15.5721,1920,1,above-cloud,GCLP,-981,68,3.8,83,2.6,1016.7,0,90,85,2.1,329,0,0
2025-05-22,27.962,-15.5721,1920,1,above-cloud,GCLP,-981,91,6.7,96,0.6,1021,71,0,50,7.3,25,0,0
2025-05-28,27.962,-15.5721,1920,1,above-cloud,GCLP,-1133,66,7.4,70,5.1,1020.9,24,0,0,6.3,35,0,0
2025-06-07,27.962,-15.5721,1920,1,above-cloud,GCLP,-1133,54,9.4,38,13.6,1018.7,0,0,0,1,292,0,0
2025-06-17,27.962,-15.5721,1920,1,above-cloud,GCLP,-1133,76,6.9,88,1.8,1020,0,9,52,0.2,360,0,0
2025-07-07,27.962,-15.5721,1920,1,above-cloud,GCLP,-1103,75,8.9,98,0.4,1018.4,100,0,0,10.8,30,0,0
2025-07-13,27.962,-15.5721,1920,1,above-cloud,GCLP,-828,75,8.3,99,0.2,1019,100,0,0,11.2,24,0,0
2025-08-03,27.962,-15.5721,1920,1,above-cloud,GCLP,-920,88,10.6,87,2,1018.8,61,0,0,1.9,29,0,0
2025-08-27,27.962,-15.5721,1920,1,above-cloud,GCLP,-828,92,9.9,96,0.6,1017.7,95,0,0,6.1,47,0,0
2025-09-09,27.962,-15.5721,1920,1,above-cloud,GCLP,-981,79,11.6,92,1.3,1021.4,100,0,74,5.4,14,0,0
2025-09-24,27.962,-15.5721,1920,1,above-cloud,GCLP,-371,87,6.8,95,0.8,1020.2,100,0,0,7.8,19,0,0.1
2025-10-06,27.962,-15.5721,1920,1,above-cloud,GCLP,-981,71,8,86,2.2,1020.8,38,0,0,11.2,12,0,0
2025-10-11,27.962,-15.5721,1920,1,above-cloud,GCLP,-615,92,7,99,0.1,1019.7,100,0,0,7.6,12,0,0
2025-10-23,27.962,-15.5721,1920,1,above-cloud,GCLP,-981,91,9.4,91,1.5,1020.1,45,0,0,5.8,16,0,0
2025-11-08,27.962,-15.5721,1920,1,above-cloud,GCLP,-981,83,6.6,100,0,1021.3,100,0,0,11.2,30,0,0
2025-11-26,27.962,-15.5721,1920,1,above-cloud,GCLP,-981,83,4.2,100,0,1022.3,100,5,100,6.9,355,0,0
2025-12-03,27.962,-15.5721,1920,1,above-cloud,GCLP,-828,88,2.9,100,0,1024.6,93,0,0,9,26,0,0
2025-12-14,27.962,-15.5721,1920,1,above-cloud,GCLP,-523,81,1.3,100,0,1015.8,100,9,1,6.1,34,0,0.1
2025-12-19,27.962,-15.5721,1920,1,above-cloud,GCLP,-676,82,4.1,100,0,1023.7,100,0,0,6.3,353,0,0
2025-12-23,27.962,-15.5721,1920,1,above-cloud,GCLP,-645,91,1.3,100,0,1022.7,100,0,0,6.9,25,0,0
2026-01-07,27.962,-15.5721,1920,1,above-cloud,GCLP,-219,75,0.3,100,0,1027.7,98,0,0,11.1,20,0,0
2026-01-14,27.962,-15.5721,1920,0,in-cloud,GCLP,-66,76,0.7,100,0,1023.4,100,0,0,9.1,15,0,0.1
2026-01-18,27.962,-15.5721,1920,1,above-cloud,GCLP,-219,58,3.2,100,0,1017.7,100,87,0,17.8,332,0,0.3
2026-01-24,27.962,-15.5721,1920,1,above-cloud,GCLP,-523,86,1.8,100,0,1026.3,100,0,9,9.8,30,0,0
2026-02-12,27.962,-15.5721,1920,1,above-cloud,GCLP,-1346,49,7.7,54,8.8,1024.1,0,0,0,1.4,337,0,0
2026-02-27,27.962,-15.5721,1920,1,above-cloud,GCLP,-981,73,4.4,100,0,1018.6,100,1,0,17.7,38,0,0
2026-03-07,27.962,-15.5721,1920,1,above-cloud,GCLP,-706,72,0.3,100,0,1022.3,100,0,0,10.2,23,0,0.1
2026-03-11,27.962,-15.5721,1920,1,above-cloud,GCLP,-523,72,1.1,100,0,1021.7,100,0,0,11.9,29,0,0.2
2026-03-24,27.962,-15.5721,1920,1,above-cloud,GCLP,-1285,83,3.4,100,0,1009.6,100,21,10,13.1,103,0,0.9
2026-04-12,27.962,-15.5721,1920,1,above-cloud,GCLP,-981,59,2.6,100,0,1021.8,100,0,0,14.4,23,0,0.2
2026-04-17,27.962,-15.5721,1920,1,above-cloud,GCLP,-1377,42,9.4,34,15.1,1014.6,0,0,100,1.7,58,0,0
2026-04-25,27.962,-15.5721,1920,1,above-cloud,GCLP,-828,81,4.5,100,0,1017,100,0,0,10.8,24,0,0
2026-05-06,27.962,-15.5721,1920,1,above-cloud,GCLP,-1072,81,5.9,79,3.3,1014.5,13,0,0,6.4,27,0,0
2026-05-16,27.962,-15.5721,1920,1,above-cloud,GCLP,-523,80,3.4,100,0,1020.2,100,0,0,10.4,34,0,0.2
2026-05-29,27.962,-15.5721,1920,1,above-cloud,GCLP,-1072,61,7.8,71,5,1022.6,43,0,0,9.9,15,0,0
2026-06-05,27.962,-15.5721,1920,1,above-cloud,GCLP,-1285,73,8.3,86,2.2,1020,59,0,0,13.5,16,0,0
2026-06-12,27.962,-15.5721,1920,1,above-cloud,GCLP,-1285,40,13.5,31,17,1017.6,0,0,0,0.9,307,0,0
2026-06-17,27.962,-15.5721,1920,1,above-cloud,GCLP,-981,80,7.7,90,1.5,1020.7,88,0,0,9.2,11,0,0
2024-01-01,42.7335,1.9932,2003,0,in-cloud,LFMK,78,68,-3.8,70,4.7,1020.4,14,100,100,3.1,249,0,0
2024-01-15,42.7335,1.9932,2003,1,above-cloud,LFMK,-1324,73,-1.6,83,2.5,1010.3,37,1,47,6.1,220,0,0
2024-01-30,42.7335,1.9932,2003,1,above-cloud,LFMK,-1599,58,3,41,12,1029.9,0,15,38,3.6,233,0,0
2024-02-10,42.7335,1.9932,2003,1,above-cloud,LFMK,-1081,79,-1.5,100,0.1,986.3,100,100,43,8.7,294,0,1.5
2024-02-22,42.7335,1.9932,2003,1,above-cloud,LFMK,-1538,76,-1.3,83,2.5,1010.1,0,35,97,9.8,197,0,0
2024-03-05,42.7335,1.9932,2003,1,above-cloud,LFMK,-349,79,-4.2,99,0.2,1021.9,100,12,0,6.5,270,0,0.1
2024-03-18,42.7335,1.9932,2003,0,in-cloud,LFMK,78,82,2.3,89,1.6,1020.8,100,10,0,6.5,289,0,0.1
2024-03-30,42.7335,1.9932,2003,1,above-cloud,LFMK,-928,57,-1.6,74,4.1,996.3,0,5,100,5.8,176,0,0
2024-04-15,42.7335,1.9932,2003,1,above-cloud,LFMK,-1172,74,4.7,86,2.2,1021,0,35,92,4.1,255,0,0.1
2024-04-29,42.7335,1.9932,2003,1,above-cloud,LFMK,-1507,71,0.2,99,0.2,1017.9,100,100,100,2.4,153,0,0.4
2024-05-08,42.7335,1.9932,2003,1,above-cloud,LFMK,-1111,73,-0.4,100,0,1025.7,100,57,0,12.1,293,0,0.1
2024-05-23,42.7335,1.9932,2003,1,above-cloud,LFMK,-1111,83,-1.3,100,0,1020.2,100,5,0,5.3,242,0,0
2024-06-06,42.7335,1.9932,2003,1,above-cloud,LFMK,-1568,65,7.1,85,2.3,1017.8,0,0,100,8.3,198,0,0
2024-06-17,42.7335,1.9932,2003,1,above-cloud,LFMK,-1416,64,5.5,88,1.7,1013.7,0,0,6,9.9,190,0,0
2024-06-28,42.7335,1.9932,2003,1,above-cloud,LFMK,-1020,72,10.1,86,2.3,1018.6,0,5,49,3.8,197,0,0
2024-07-12,42.7335,1.9932,2003,1,above-cloud,LFMK,-715,69,10.6,99,0.1,1018.4,100,2,0,8.4,320,0,0.2
2024-08-03,42.7335,1.9932,2003,1,above-cloud,LFMK,-776,92,9.6,98,0.3,1018.3,51,0,0,5.4,266,0,0
2024-08-21,42.7335,1.9932,2003,1,above-cloud,LFMK,-867,70,7.1,78,3.7,1021.9,14,0,0,6.2,249,0,0
2024-09-06,42.7335,1.9932,2003,0,below-cloud,LFMK,2394,56,8.5,79,3.5,1008.1,98,34,92,17.2,190,0,0
2024-09-17,42.7335,1.9932,2003,1,above-cloud,LFMK,-227,77,2.2,86,2.1,1018.3,22,2,100,8.4,260,0,0
2024-10-02,42.7335,1.9932,2003,1,above-cloud,LFMK,-1172,77,7.2,98,0.2,1012.8,100,41,97,7.1,276,0,0
2024-10-12,42.7335,1.9932,2003,1,above-cloud,LFMK,-1385,67,3.8,84,2.4,1010.3,0,28,84,9.7,202,0,0
2024-10-24,42.7335,1.9932,2003,1,above-cloud,LFMK,-1538,91,2,95,0.7,1023.5,34,0,0,6.2,197,0,0
2024-11-03,42.7335,1.9932,2003,1,above-cloud,LFMK,-1477,70,1,87,1.9,1024,0,0,2,9.8,197,0,0
2024-11-11,42.7335,1.9932,2003,1,above-cloud,LFMK,-1355,82,1.7,96,0.5,1028.4,100,0,0,7.3,280,0,0
2024-11-24,42.7335,1.9932,2003,1,above-cloud,LFMK,-1660,67,0,80,3.1,1022.4,1,0,45,16,192,0,0
2024-12-11,42.7335,1.9932,2003,1,above-cloud,LFMK,-562,82,-6.1,92,1.1,1020.5,95,86,0,8.4,165,0,0
2024-12-21,42.7335,1.9932,2003,1,above-cloud,LFMK,-166,76,-7.9,88,1.7,1030.8,23,100,0,8.2,238,0,0
2025-01-01,42.7335,1.9932,2003,1,above-cloud,LFMK,-1172,53,-7.2,55,7.5,1027.9,0,0,0,3.9,202,0,0
2025-01-12,42.7335,1.9932,2003,1,above-cloud,LFMK,-1385,73,-10.9,72,4.1,1033.5,10,0,0,10.8,288,0,0
2025-01-31,42.7335,1.9932,2003,1,above-cloud,LFMK,-1385,81,-4.5,99,0.2,1029.6,100,79,3,10.3,297,0,0.2
2025-02-14,42.7335,1.9932,2003,1,above-cloud,LFMK,-898,76,-0.3,96,0.5,1019.2,100,100,11,8.6,280,0,0.3
2025-02-25,42.7335,1.9932,2003,1,above-cloud,LFMK,-989,75,0.6,69,5,1018.3,100,71,0,10.8,300,0,0
2025-03-11,42.7335,1.9932,2003,1,above-cloud,LFMK,-1568,78,-2.8,80,2.9,1000.7,4,97,98,10,193,0,0.1
2025-03-20,42.7335,1.9932,2003,1,above-cloud,LFMK,-1599,66,1.2,83,2.6,1019.3,73,2,88,18.6,195,0,0
2025-03-28,42.7335,1.9932,2003,1,above-cloud,LFMK,-1324,74,-2.9,93,1,1017.6,100,0,0,7.3,277,0,0.3
2025-04-09,42.7335,1.9932,2003,1,above-cloud,LFMK,-1599,71,1.1,42,11.6,1019.2,0,20,100,2.2,215,0,0
2025-04-17,42.7335,1.9932,2003,1,above-cloud,LFMK,-593,77,-4.9,94,0.8,1015.5,92,15,0,12,279,0,0
2025-04-30,42.7335,1.9932,2003,1,above-cloud,LFMK,-1629,70,1.2,73,4.3,1018.7,7,0,89,14.7,191,0,0
2025-05-11,42.7335,1.9932,2003,1,above-cloud,LFMK,-715,79,1.5,95,0.7,1011.3,94,30,87,9.6,197,0,0
2025-05-24,42.7335,1.9932,2003,1,above-cloud,LFMK,-1111,80,1.4,99,0.1,1022.7,100,0,1,8.8,289,0,0.3
2025-06-12,42.7335,1.9932,2003,1,above-cloud,LFMK,-1233,54,9.5,75,4.1,1016.1,0,3,94,10.4,191,0,0
2025-07-03,42.7335,1.9932,2003,1,above-cloud,LFMK,-623,87,10.6,95,0.7,1024.7,99,0,0,3.4,252,0,0
2025-07-24,42.7335,1.9932,2003,1,above-cloud,LFMK,-471,68,5.9,100,0,1017.8,100,0,10,7.2,297,0,0
2025-08-09,42.7335,1.9932,2003,1,above-cloud,LFMK,-1599,55,13.8,54,9,1022.7,0,1,0,3.3,193,0,0
2025-08-28,42.7335,1.9932,2003,1,above-cloud,LFMK,-1324,69,9.9,99,0.1,1011.7,98,100,100,5,257,0,0.8
2025-09-12,42.7335,1.9932,2003,1,above-cloud,LFMK,-227,87,4.1,94,0.9,1022.4,2,0,21,3,213,0,0
2025-09-24,42.7335,1.9932,2003,1,above-cloud,LFMK,-593,82,-2,93,1,1022.4,100,0,0,11,252,0,0
2025-10-14,42.7335,1.9932,2003,1,above-cloud,LFMK,-1081,90,4.9,95,0.7,1020.1,83,2,5,2.4,222,0,0.2
2025-10-23,42.7335,1.9932,2003,1,above-cloud,LFMK,-410,73,6.1,100,0,1006.4,100,100,44,9.4,306,0,2.5
2025-11-02,42.7335,1.9932,2003,1,above-cloud,LFMK,-654,79,2.6,100,0,1020.1,100,5,2,7.7,303,0,0.1
2025-11-12,42.7335,1.9932,2003,1,above-cloud,LFMK,-1507,44,2.8,42,11.6,1014.4,0,0,86,13,197,0,0
2025-11-25,42.7335,1.9932,2003,1,above-cloud,LFMK,-1111,58,-4.4,99,0.1,1011,100,1,0,14.9,289,0,0.1
2025-12-07,42.7335,1.9932,2003,0,below-cloud,LFMK,748,85,0,89,1.5,1019.4,1,4,98,5.9,207,0,0
2025-12-16,42.7335,1.9932,2003,1,above-cloud,LFMK,-1660,82,-1.7,95,0.7,1010.2,100,34,11,10.2,193,0,0
2025-12-24,42.7335,1.9932,2003,1,above-cloud,LFMK,-1629,82,-2.4,89,1.6,1010.5,97,100,44,4.4,263,0,0.2
2026-01-01,42.7335,1.9932,2003,1,above-cloud,LFMK,-1202,46,-9.3,29,14.9,1013.7,0,0,42,1.4,203,0,0
2026-01-14,42.7335,1.9932,2003,1,above-cloud,LFMK,-1599,60,-4.7,74,4,1016.2,0,0,100,10.4,197,0,0
2026-01-22,42.7335,1.9932,2003,1,above-cloud,LFMK,-1020,65,-4,98,0.2,999.8,100,100,86,9.7,298,0,1.9
2026-01-31,42.7335,1.9932,2003,1,above-cloud,LFMK,-1141,69,-5.8,97,0.3,1004.3,100,100,100,18.8,295,0,0.6
2026-02-14,42.7335,1.9932,2003,1,above-cloud,LFMK,-1477,49,-4.6,98,0.2,998.4,100,100,100,20.7,304,0,3.2
2026-02-27,42.7335,1.9932,2003,1,above-cloud,LFMK,-1538,59,-2.8,59,6.8,1022.6,0,0,0,5.7,198,0,0
2026-03-07,42.7335,1.9932,2003,1,above-cloud,LFMK,-1690,78,-0.4,97,0.5,1018.4,100,5,50,8.5,145,0,0
2026-03-23,42.7335,1.9932,2003,1,above-cloud,LFMK,-776,87,-3.1,99,0.2,1017.3,100,2,0,8.6,309,0,0.1
2026-04-25,42.7335,1.9932,2003,1,above-cloud,LFMK,-1172,96,1.8,97,0.4,1019.8,100,3,0,3.7,227,0,0
2026-05-05,42.7335,1.9932,2003,1,above-cloud,LFMK,-776,86,0.3,99,0.1,1013.2,100,1,0,4.4,218,0,0
2026-05-16,42.7335,1.9932,2003,1,above-cloud,LFMK,-623,82,-6.6,93,1,1016.3,48,0,0,8.8,224,0,0
2026-06-09,42.7335,1.9932,2003,0,in-cloud,LFMK,-44,82,6,100,0,1022.1,100,9,0,6.9,323,0,0.1
2026-07-15,42.7335,1.9932,2003,1,above-cloud,LFMK,-1568,70,14.3,62,7.2,1019.1,0,0,39,8.4,195,0,0
2026-08-01,42.7335,1.9932,2003,1,above-cloud,LFMK,-623,88,12.2,82,3,1019.4,9,0,0,2.2,215,0,0
2024-01-01,45.1239,5.9017,2210,0,below-cloud,LFLS,310,82,-11.8,73,3.9,1017.5,34,100,100,5.4,94,0,0
2024-01-08,45.1239,5.9017,2210,1,above-cloud,LFLS,-1458,81,-11.1,94,0.7,1014.6,100,100,61,2.4,333,0,0.2
2024-01-14,45.1239,5.9017,2210,1,above-cloud,LFLS,-1733,52,-9,12,24.4,1012.5,0,24,13,1.1,108,0,0
2024-01-23,45.1239,5.9017,2210,1,above-cloud,LFLS,-300,83,-9,90,1.4,1036,88,10,36,7.3,70,0,0
2024-02-02,45.1239,5.9017,2210,1,above-cloud,LFLS,-1489,85,-8,71,4.3,1032.4,55,0,95,7.6,71,0,0
2024-02-10,45.1239,5.9017,2210,0,below-cloud,LFLS,310,60,-2.7,84,2.3,986.2,78,99,100,4,90,0,0.4
2024-02-24,45.1239,5.9017,2210,0,below-cloud,LFLS,919,65,-10.7,78,3.1,1005.4,2,88,96,6.2,126,0,0
2024-03-02,45.1239,5.9017,2210,0,below-cloud,LFLS,858,84,-8.8,68,4.9,1007.2,14,0,96,4.2,121,0,0
2024-03-12,45.1239,5.9017,2210,1,above-cloud,LFLS,-940,79,-5.7,98,0.2,1020,90,30,59,4.4,351,0,0
2024-03-24,45.1239,5.9017,2210,1,above-cloud,LFLS,-178,82,-7.8,98,0.3,1018.6,100,44,0,4.3,294,0,0.2
2024-03-31,45.1239,5.9017,2210,0,below-cloud,LFLS,371,69,-2.2,83,2.5,998.3,78,100,100,4.9,126,0,1.1
2024-04-16,45.1239,5.9017,2210,1,above-cloud,LFLS,-849,83,-3.6,99,0.1,1016.5,100,5,0,5.6,310,0,0.2
2024-04-24,45.1239,5.9017,2210,0,in-cloud,LFLS,127,70,-8.5,94,0.8,1015.1,100,0,0,5.6,345,0,0
2024-05-03,45.1239,5.9017,2210,1,above-cloud,LFLS,-635,82,-4,99,0.2,1017,100,55,3,4.5,14,0,0.1
2024-05-15,45.1239,5.9017,2210,1,above-cloud,LFLS,-1214,90,1.2,99,0.2,1005.9,100,100,5,2.7,113,0,0
2024-05-30,45.1239,5.9017,2210,1,above-cloud,LFLS,-452,85,2.9,100,0,1012.7,100,100,95,2.3,72,0,0.2
2024-06-09,45.1239,5.9017,2210,1,above-cloud,LFLS,-1397,82,5.2,80,3.2,1009.3,0,51,97,2.7,113,0,0
2024-06-21,45.1239,5.9017,2210,0,below-cloud,LFLS,492,87,6.8,94,0.9,1018.3,5,99,100,7,111,0,1.1
2024-07-03,45.1239,5.9017,2210,0,in-cloud,LFLS,-117,87,3.3,94,0.9,1014,45,0,32,5.4,356,0,0
2024-07-21,45.1239,5.9017,2210,0,below-cloud,LFLS,371,87,11.7,64,6.6,1010.6,0,1,17,3.7,79,0,0.1
2024-08-18,45.1239,5.9017,2210,1,above-cloud,LFLS,-879,92,5.1,100,0.1,1013.4,100,91,70,0.7,90,0,0
2024-09-08,45.1239,5.9017,2210,0,below-cloud,LFLS,188,75,6.9,97,0.4,1016.1,92,100,100,3.2,153,0,0.9
2024-09-17,45.1239,5.9017,2210,1,above-cloud,LFLS,-788,78,1,75,3.9,1015.5,0,12,28,2.9,97,0,0
2024-09-28,45.1239,5.9017,2210,1,above-cloud,LFLS,-1336,82,-1.3,99,0.2,1018.2,100,42,0,4.4,341,0,0
2024-10-05,45.1239,5.9017,2210,1,above-cloud,LFLS,-879,73,-6.9,84,2.3,1014.4,5,0,0,2.5,98,0,0
2024-10-16,45.1239,5.9017,2210,0,below-cloud,LFLS,492,75,4.5,95,0.8,1015.9,74,100,50,7.5,98,0,1.9
2024-10-24,45.1239,5.9017,2210,0,below-cloud,LFLS,736,91,0.7,89,1.5,1025.8,100,81,0,2.3,108,0,0
2024-11-14,45.1239,5.9017,2210,1,above-cloud,LFLS,-1611,84,-4.7,70,4.7,1020.9,0,0,73,1.3,34,0,0
2024-11-25,45.1239,5.9017,2210,0,in-cloud,LFLS,5,64,-1.5,76,3.7,1022.2,15,0,6,9,137,0,0
2024-12-09,45.1239,5.9017,2210,1,above-cloud,LFLS,-1550,82,-11.9,89,1.5,1010.4,3,59,67,2,95,0,0
2024-12-19,45.1239,5.9017,2210,0,below-cloud,LFLS,310,65,1.8,72,4.6,1014.5,100,100,100,3.3,186,0,0.4
2025-01-01,45.1239,5.9017,2210,1,above-cloud,LFLS,-1489,49,-9.1,40,11.2,1028.1,0,0,0,2.5,111,0,0
2025-01-09,45.1239,5.9017,2210,0,in-cloud,LFLS,-117,81,-3.4,93,1,1011.1,100,99,55,2.9,137,0,0.4
2025-01-16,45.1239,5.9017,2210,1,above-cloud,LFLS,-1580,66,-12,72,4,1027.3,10,29,0,4.2,97,0,0.1
2025-02-01,45.1239,5.9017,2210,1,above-cloud,LFLS,-1611,82,-7.9,79,3,1022.8,13,92,94,3.1,83,0,0
2025-02-09,45.1239,5.9017,2210,1,above-cloud,LFLS,-1336,71,-11.4,73,3.8,1024.3,81,96,0,2.2,104,0,0
2025-02-19,45.1239,5.9017,2210,1,above-cloud,LFLS,-513,66,-8.8,63,5.8,1020.2,6,7,3,3.5,118,0,0
2025-02-26,45.1239,5.9017,2210,1,above-cloud,LFLS,-788,69,-8,95,0.6,1023.4,100,20,0,6.5,347,0,0.1
2025-03-15,45.1239,5.9017,2210,1,above-cloud,LFLS,-1763,77,-5.8,93,1,1003.5,100,100,68,1.3,124,0,1.2
2025-03-27,45.1239,5.9017,2210,1,above-cloud,LFLS,-1580,97,-7.7,94,0.8,1015,0,0,1,2.1,105,0,0
2025-04-15,45.1239,5.9017,2210,1,above-cloud,LFLS,-1123,80,-1.2,93,1.1,1003.1,97,100,100,3.7,119,0,2.1
2025-04-24,45.1239,5.9017,2210,0,below-cloud,LFLS,371,93,-3.5,99,0.1,1019.1,49,8,0,4.2,353,0,0
2025-05-07,45.1239,5.9017,2210,1,above-cloud,LFLS,-1550,82,-2.4,99,0.2,1012.6,100,16,6,2.5,266,0,0
2025-06-03,45.1239,5.9017,2210,0,below-cloud,LFLS,1834,92,1,100,0,1017.9,100,72,100,5.2,110,0,0
2025-07-08,45.1239,5.9017,2210,1,above-cloud,LFLS,-1184,78,2.7,100,0,1014.5,100,24,0,6.5,316,0,0.5
2025-08-02,45.1239,5.9017,2210,1,above-cloud,LFLS,-635,84,5.3,100,0,1015.3,98,21,0,5.1,297,0,0.2
2025-08-30,45.1239,5.9017,2210,1,above-cloud,LFLS,-239,91,0.8,100,0,1012.4,99,13,0,1.7,103,0,0
2025-09-14,45.1239,5.9017,2210,0,below-cloud,LFLS,1529,83,3.6,88,1.8,1020.9,11,12,78,0.8,117,0,0
2025-09-25,45.1239,5.9017,2210,1,above-cloud,LFLS,-300,97,-2.3,99,0.1,1019.3,66,0,0,2.8,18,0,0
2025-10-10,45.1239,5.9017,2210,1,above-cloud,LFLS,-1611,87,-0.6,83,2.5,1025.8,0,0,0,1.1,108,0,0
2025-10-20,45.1239,5.9017,2210,1,above-cloud,LFLS,-239,75,1.8,94,0.9,1009.4,100,100,100,6,141,0,0.3
2025-10-26,45.1239,5.9017,2210,0,in-cloud,LFLS,-117,70,-4,95,0.6,1014.8,100,15,18,4.5,355,0,0.1
2025-11-02,45.1239,5.9017,2210,1,above-cloud,LFLS,-1367,77,1.1,98,0.4,1016.5,98,100,100,3.7,125,0,3.3
2025-11-18,45.1239,5.9017,2210,1,above-cloud,LFLS,-1550,80,-7.3,86,1.9,1017.3,8,0,0,2,5,0,0
2025-11-26,45.1239,5.9017,2210,1,above-cloud,LFLS,-1397,78,-9.2,95,0.6,1015.2,100,42,0,4.7,360,0,0.6
2025-12-05,45.1239,5.9017,2210,1,above-cloud,LFLS,-1397,80,-6.4,97,0.4,1010.1,94,0,0,2.2,35,0,0
2025-12-22,45.1239,5.9017,2210,0,below-cloud,LFLS,492,48,-3,70,4.7,1007.9,11,77,92,7,87,0,0.2
2026-01-03,45.1239,5.9017,2210,1,above-cloud,LFLS,-1397,83,-15.8,81,2.5,1009,16,0,0,5,103,0,0
2026-01-12,45.1239,5.9017,2210,0,in-cloud,LFLS,-56,64,-6.2,58,6.8,1020.6,77,10,95,3.2,117,0,0
2026-01-28,45.1239,5.9017,2210,1,above-cloud,LFLS,-1428,65,-6.2,97,0.5,992.1,100,100,100,3.7,337,0,1.3
2026-02-03,45.1239,5.9017,2210,0,in-cloud,LFLS,-56,58,-3.4,72,4.3,998.2,100,100,0,7.6,184,0,0.4
2026-02-15,45.1239,5.9017,2210,1,above-cloud,LFLS,-1489,87,-9.6,93,1,1018.1,75,1,30,7,26,0,0
2026-02-21,45.1239,5.9017,2210,1,above-cloud,LFLS,-818,80,-7.2,85,2.1,1029.2,99,29,71,5.9,79,0,0
2026-03-15,45.1239,5.9017,2210,1,above-cloud,LFLS,-1397,76,-9.9,87,1.8,1008,90,88,59,7.6,15,0,0.7
2026-04-04,45.1239,5.9017,2210,1,above-cloud,LFLS,-1214,58,-7.4,68,4.9,1023,2,0,0,3.2,87,0,0
2026-05-10,45.1239,5.9017,2210,0,in-cloud,LFLS,-56,75,2.6,88,1.8,1012.4,70,100,88,0.7,104,0,0.2
2026-05-16,45.1239,5.9017,2210,1,above-cloud,LFLS,-1001,88,-5.6,90,1.4,1010.8,38,22,7,4.8,329,0,0
2026-07-27,45.1239,5.9017,2210,1,above-cloud,LFLS,-361,92,7.8,98,0.3,1019.1,13,0,0,2.9,330,0,0
2024-01-06,28.3125,-16.6295,1811,1,above-cloud,GCTS,-367,87,7,100,0,1023.1,83,0,100,10.8,4,0,0
2024-02-11,28.3125,-16.6295,1811,1,above-cloud,GCTS,-1190,87,11.4,67,6,1020,0,0,0,4.2,20,0,0
2024-03-04,28.3125,-16.6295,1811,1,above-cloud,GCTS,-520,90,4.7,100,0,1025.9,100,0,0,7.3,9,0,0
2024-03-12,28.3125,-16.6295,1811,1,above-cloud,GCTS,-672,83,5.8,68,5.6,1019.8,1,0,0,7.2,264,0,0
2024-03-26,28.3125,-16.6295,1811,1,above-cloud,GCTS,-215,80,3.6,100,0,1020.3,90,0,0,11.7,351,0,0
2024-04-01,28.3125,-16.6295,1811,1,above-cloud,GCTS,-215,91,4.8,98,0.3,1020,5,0,0,8.6,358,0,0
2024-05-15,28.3125,-16.6295,1811,1,above-cloud,GCTS,-520,86,6.8,100,0.1,1018.3,98,0,0,6.9,354,0,0
2024-05-17,28.3125,-16.6295,1811,1,above-cloud,GCTS,-855,90,6.7,100,0,1019.7,99,1,14,7.6,5,0,0
2024-05-19,28.3125,-16.6295,1811,1,above-cloud,GCTS,-1129,82,7.4,100,0,1019.2,85,0,0,10.5,352,0,0
2024-05-24,28.3125,-16.6295,1811,1,above-cloud,GCTS,-520,92,6.7,100,0,1020.8,96,0,0,6.9,354,0,0
2024-05-28,28.3125,-16.6295,1811,1,above-cloud,GCTS,-672,86,9.1,100,0,1022,100,0,0,5.5,349,0,0
2024-06-01,28.3125,-16.6295,1811,1,above-cloud,GCTS,-1038,56,11.6,78,3.7,1017.2,3,0,0,3.9,56,0,0
2024-06-04,28.3125,-16.6295,1811,1,above-cloud,GCTS,-672,82,10.5,87,2.1,1020.1,47,0,0,6.9,6,0,0
2024-06-09,28.3125,-16.6295,1811,1,above-cloud,GCTS,-520,84,9.1,100,0,1020.6,100,0,0,9.8,343,0,0
2024-06-11,28.3125,-16.6295,1811,1,above-cloud,GCTS,-367,81,8.8,100,0,1022.5,100,0,0,7.6,352,0,0
2024-06-26,28.3125,-16.6295,1811,1,above-cloud,GCTS,-672,90,11.1,96,0.7,1019.1,57,0,0,6.6,351,0,0
2024-06-30,28.3125,-16.6295,1811,1,above-cloud,GCTS,-1007,68,14.1,49,10.7,1020.3,0,0,0,2.6,214,0,0
2024-07-07,28.3125,-16.6295,1811,1,above-cloud,GCTS,-1129,50,15.6,50,10.4,1019.4,1,0,0,3,346,0,0
2024-07-29,28.3125,-16.6295,1811,1,above-cloud,GCTS,-672,82,14.3,98,0.2,1018.9,98,0,0,8.3,355,0,0
2024-09-16,28.3125,-16.6295,1811,1,above-cloud,GCTS,-825,95,12.5,98,0.4,1017.9,91,0,4,4.6,342,0,0
2024-09-18,28.3125,-16.6295,1811,0,in-cloud,GCTS,-63,82,9.5,100,0.1,1016.5,100,0,3,8.3,342,0,0
2024-09-29,28.3125,-16.6295,1811,1,above-cloud,GCTS,-764,93,10.8,100,0,1022.6,86,0,0,7,342,0,0
2024-10-07,28.3125,-16.6295,1811,1,above-cloud,GCTS,-672,51,14.5,45,11.7,1017.6,3,0,10,10.6,337,0,0
2024-10-12,28.3125,-16.6295,1811,1,above-cloud,GCTS,-1129,74,15.3,41,13.2,1019.7,2,0,68,9.1,243,0,0
2024-10-17,28.3125,-16.6295,1811,1,above-cloud,GCTS,-367,84,12.1,100,0,1026.3,100,7,4,1.8,323,0,0
2024-10-30,28.3125,-16.6295,1811,1,above-cloud,GCTS,-672,83,5.5,100,0,1021.9,88,0,0,9.2,356,0,0
2024-11-20,28.3125,-16.6295,1811,0,below-cloud,GCTS,1309,74,8.9,82,2.9,1023.8,15,1,0,3.9,133,0,0.2
2024-12-13,28.3125,-16.6295,1811,0,in-cloud,GCTS,-63,88,3.5,100,0,1022.9,91,0,0,7.5,8,0,0
2025-01-21,28.3125,-16.6295,1811,1,above-cloud,GCTS,-825,83,6.6,99,0.2,1017.1,100,1,0,4.3,246,0,0
2025-02-02,28.3125,-16.6295,1811,1,above-cloud,GCTS,-520,82,4.5,100,0,1028.7,89,0,97,14.2,7,0,0
2025-03-02,28.3125,-16.6295,1811,1,above-cloud,GCTS,-215,66,3.3,99,0.1,1014,100,29,0,7.3,337,0,0.4
2025-03-09,28.3125,-16.6295,1811,1,above-cloud,GCTS,-520,87,2.7,100,0,1017.7,93,0,0,8.7,333,0,0
2025-03-15,28.3125,-16.6295,1811,1,above-cloud,GCTS,-520,92,1.9,100,0,1022,85,0,25,8.2,352,0,0
2025-03-26,28.3125,-16.6295,1811,1,above-cloud,GCTS,-367,83,3.9,100,0,1024.2,100,0,0,8.3,358,0,0
2025-04-03,28.3125,-16.6295,1811,1,above-cloud,GCTS,-245,81,3.4,100,0,1009.6,99,0,0,11.2,238,0,0
2025-04-15,28.3125,-16.6295,1811,1,above-cloud,GCTS,-672,86,4.8,98,0.2,1021.6,47,0,0,8.8,359,0,0
2025-04-29,28.3125,-16.6295,1811,1,above-cloud,GCTS,-611,75,6.4,83,2.7,1017.7,25,0,0,7.8,347,0,0
2025-05-04,28.3125,-16.6295,1811,1,above-cloud,GCTS,-672,86,7.1,82,2.9,1019.9,1,0,0,4.6,339,0,0
2025-05-24,28.3125,-16.6295,1811,1,above-cloud,GCTS,-977,79,8.4,91,1.5,1021.1,1,0,0,4.8,11,0,0
2025-05-30,28.3125,-16.6295,1811,1,above-cloud,GCTS,-1129,66,13.8,38,14.1,1020,0,0,0,0.4,117,0,0
2025-06-08,28.3125,-16.6295,1811,1,above-cloud,GCTS,-886,85,10.8,44,11.8,1019.9,0,0,0,0.9,79,0,0
2025-06-16,28.3125,-16.6295,1811,1,above-cloud,GCTS,-672,82,9.9,62,7,1020.6,0,0,8,0.9,360,0,0
2025-07-10,28.3125,-16.6295,1811,1,above-cloud,GCTS,-1129,47,18.6,33,16.4,1019.5,0,0,0,2,175,0,0
2025-08-03,28.3125,-16.6295,1811,1,above-cloud,GCTS,-672,72,14,70,5.5,1019.9,59,0,0,2,360,0,0
2025-08-28,28.3125,-16.6295,1811,1,above-cloud,GCTS,-825,91,13.3,98,0.2,1021.4,100,0,0,4.9,358,0,0
2025-09-01,28.3125,-16.6295,1811,1,above-cloud,GCTS,-977,92,13.3,91,1.4,1023.2,19,0,0,5.2,6,0,0
2025-09-24,28.3125,-16.6295,1811,1,above-cloud,GCTS,-215,77,8.1,99,0.2,1022.6,100,0,0,12.6,358,0,0
2025-10-11,28.3125,-16.6295,1811,1,above-cloud,GCTS,-520,82,8.8,95,0.8,1021.3,26,0,0,5.8,351,0,0
2025-10-19,28.3125,-16.6295,1811,1,above-cloud,GCTS,-825,85,10.9,76,4.1,1020.9,15,0,0,6.3,357,0,0
2025-10-24,28.3125,-16.6295,1811,1,above-cloud,GCTS,-672,95,11.6,100,0,1022.3,91,0,0,3.5,339,0,0
2025-11-11,28.3125,-16.6295,1811,1,above-cloud,GCTS,-520,92,7.9,100,0,1019.1,98,0,0,5.5,349,0,0
2025-11-19,28.3125,-16.6295,1811,1,above-cloud,GCTS,-367,85,5.5,100,0,1022.2,84,0,0,13.9,354,0,0
2025-11-27,28.3125,-16.6295,1811,1,above-cloud,GCTS,-520,83,5,100,0,1022.3,89,0,0,9.9,355,0,0
2025-12-19,28.3125,-16.6295,1811,1,above-cloud,GCTS,-672,86,4.9,100,0,1025.7,95,0,0,9.4,348,0,0
2026-01-01,28.3125,-16.6295,1811,1,above-cloud,GCTS,-977,74,6,50,9.7,1012.4,19,0,98,6,201,0,0
2026-01-15,28.3125,-16.6295,1811,1,above-cloud,GCTS,-520,93,2,100,0,1025.1,25,0,0,6.9,6,0,0
2026-01-22,28.3125,-16.6295,1811,1,above-cloud,GCTS,-977,88,5.4,83,2.7,1022.5,19,0,91,4.2,353,0,0
2026-01-29,28.3125,-16.6295,1811,1,above-cloud,GCTS,-672,48,7.2,46,10.8,1025.5,0,0,0,7.3,351,0,0
2026-02-26,28.3125,-16.6295,1811,0,below-cloud,GCTS,395,78,2.3,100,0,1023.2,99,4,0,16.1,356,0,0.1
2026-03-07,28.3125,-16.6295,1811,1,above-cloud,GCTS,-520,89,2,100,0,1023.5,95,0,0,8.3,5,0,0
2026-03-10,28.3125,-16.6295,1811,1,above-cloud,GCTS,-672,89,3.7,100,0.1,1025.9,100,0,0,9.2,12,0,0
2026-03-21,28.3125,-16.6295,1811,1,above-cloud,GCTS,-825,66,3.9,96,0.6,1001.9,100,34,0,8.1,283,0,4.8
2026-03-24,28.3125,-16.6295,1811,1,above-cloud,GCTS,-215,71,4.8,99,0.1,1010.4,100,14,72,4.7,2,0,0
2026-03-28,28.3125,-16.6295,1811,1,above-cloud,GCTS,-977,85,4.4,76,3.8,1020.2,1,0,0,4.8,25,0,0
2026-04-07,28.3125,-16.6295,1811,1,above-cloud,GCTS,-520,88,6,91,1.3,1022.7,29,0,13,4.3,292,0,0
2026-04-22,28.3125,-16.6295,1811,1,above-cloud,GCTS,-215,84,6.6,100,0,1014.5,100,0,0,4,190,0,0
2026-04-26,28.3125,-16.6295,1811,1,above-cloud,GCTS,-215,82,6,99,0.1,1017.2,100,16,98,6.3,345,0,0.1
2026-04-29,28.3125,-16.6295,1811,1,above-cloud,GCTS,-520,93,5.5,96,0.7,1014.9,50,13,0,1.9,202,0,0
2026-05-07,28.3125,-16.6295,1811,1,above-cloud,GCTS,-520,96,6.6,97,0.4,1016,84,0,0,4.3,332,0,0
2026-05-16,28.3125,-16.6295,1811,1,above-cloud,GCTS,-520,87,5.5,96,0.6,1022,97,0,0,6.3,13,0,0
2026-05-31,28.3125,-16.6295,1811,1,above-cloud,GCTS,-977,49,12.7,60,7.5,1022,19,0,0,2.2,14,0,0
2026-06-03,28.3125,-16.6295,1811,1,above-cloud,GCTS,-1129,47,13.7,47,11,1024.6,4,0,0,4.8,56,0,0
2026-06-17,28.3125,-16.6295,1811,1,above-cloud,GCTS,-733,91,12.8,52,9.7,1021.9,3,0,0,7,360,0,0
2026-06-19,28.3125,-16.6295,1811,1,above-cloud,GCTS,-1129,88,12.9,61,7.4,1019.4,0,0,0,3.9,56,0,0
2026-06-23,28.3125,-16.6295,1811,1,above-cloud,GCTS,-1007,87,13.7,92,1.3,1020.8,20,0,0,6.5,5,0,0
2026-07-03,28.3125,-16.6295,1811,1,above-cloud,GCTS,-825,66,16.3,44,12.4,1017.4,4,0,0,3.4,43,0,0
2024-01-09,36.6833,-5,1743,1,above-cloud,LEMG,-303,82,2.7,93,0.9,1018.6,100,62,37,3.7,299,0,0.1
2024-01-21,36.6833,-5,1743,1,above-cloud,LEMG,-212,81,-0.3,100,0.1,1033.2,100,0,0,5,111,0,0
2024-01-30,36.6833,-5,1743,1,above-cloud,LEMG,-517,82,1.6,100,0,1031.3,100,0,0,7,125,0,0
2024-02-01,36.6833,-5,1743,1,above-cloud,LEMG,-639,82,1.8,100,0,1034.1,100,0,0,7.8,112,0,0
2024-02-09,36.6833,-5,1743,1,above-cloud,LEMG,-669,59,2.3,100,0,1002.8,100,100,100,23.2,213,0,4.1
2024-02-26,36.6833,-5,1743,1,above-cloud,LEMG,-212,56,3.8,99,0.2,1011.4,100,61,85,29.2,273,0,0.9
2024-03-10,36.6833,-5,1743,1,above-cloud,LEMG,-212,69,0,99,0.2,1007.2,100,43,1,20.5,285,0,0.2
2024-03-26,36.6833,-5,1743,0,in-cloud,LEMG,62,67,-2.2,99,0.1,999.7,100,100,82,15.1,298,0,2.3
2024-03-28,36.6833,-5,1743,1,above-cloud,LEMG,-364,50,3.2,99,0.2,1007.2,100,60,46,23.7,234,0,1.7
2024-03-30,36.6833,-5,1743,1,above-cloud,LEMG,-212,56,-1.2,100,0,1001.3,100,59,100,10.2,222,0,0.3
2024-04-19,36.6833,-5,1743,0,in-cloud,LEMG,93,80,4.2,100,0.1,1019,100,0,1,14.7,112,0,0
2024-04-21,36.6833,-5,1743,1,above-cloud,LEMG,-883,90,2.2,94,0.9,1015.7,10,32,65,3.7,119,0,0
2024-04-27,36.6833,-5,1743,1,above-cloud,LEMG,-1492,69,2.7,100,0,1005,100,41,33,13.5,224,0,0.3
2024-05-08,36.6833,-5,1743,1,above-cloud,LEMG,-974,64,4.3,87,2,1018.5,0,1,77,7.3,101,0,0
2024-06-01,36.6833,-5,1743,1,above-cloud,LEMG,-822,81,6.9,98,0.3,1014.3,51,0,0,9.3,126,0,0
2024-06-27,36.6833,-5,1743,0,below-cloud,LEMG,855,80,9.6,96,0.6,1011.7,100,68,98,2.9,7,0,2.5
2024-07-22,36.6833,-5,1743,1,above-cloud,LEMG,-1279,77,13,76,4,1017.2,1,0,0,7.4,61,0,0
2024-08-10,36.6833,-5,1743,1,above-cloud,LEMG,-822,68,13.7,90,1.6,1017.8,2,0,0,6.3,114,0,0
2024-08-16,36.6833,-5,1743,1,above-cloud,LEMG,-669,83,12.2,100,0,1018.5,100,0,0,7.5,107,0,0
2024-08-27,36.6833,-5,1743,1,above-cloud,LEMG,-364,84,13.8,100,0,1017.5,100,0,98,5.2,106,0,0
2024-09-14,36.6833,-5,1743,1,above-cloud,LEMG,-944,70,10.3,100,0,1020.9,100,0,0,19.2,128,0,0.1
2024-09-19,36.6833,-5,1743,1,above-cloud,LEMG,-547,75,9.1,100,0,1014.1,100,15,36,14.3,141,0,0
2024-10-12,36.6833,-5,1743,1,above-cloud,LEMG,-364,72,8.8,99,0.2,1013.6,100,1,100,12.5,150,0,0.2
2024-10-14,36.6833,-5,1743,1,above-cloud,LEMG,-822,81,10,98,0.4,1014.9,100,59,44,9.2,140,0,1.3
2024-10-23,36.6833,-5,1743,1,above-cloud,LEMG,-761,78,7,100,0,1024.4,96,0,9,15.4,119,0,0
2024-10-29,36.6833,-5,1743,1,above-cloud,LEMG,-364,82,5.3,90,1.5,1010.6,92,54,100,12.7,69,0,3.1
2024-11-01,36.6833,-5,1743,1,above-cloud,LEMG,-669,84,5.1,95,0.8,1019.4,16,1,100,6.5,122,0,0
2024-11-03,36.6833,-5,1743,1,above-cloud,LEMG,-883,77,5.6,97,0.5,1019,8,0,0,10.9,107,0,0
2024-11-07,36.6833,-5,1743,1,above-cloud,LEMG,-212,80,6.5,100,0,1022.5,100,0,0,14.5,129,0,0
2024-11-13,36.6833,-5,1743,0,below-cloud,LEMG,398,73,2.7,98,0.3,1010.3,38,100,100,4.9,170,0,0
2024-11-15,36.6833,-5,1743,1,above-cloud,LEMG,-1035,77,5.8,93,1.1,1015.8,19,7,66,15.3,126,0,0
2024-11-27,36.6833,-5,1743,1,above-cloud,LEMG,-1126,77,3.5,93,1.1,1022.8,0,0,0,1.3,106,0,0
2024-11-29,36.6833,-5,1743,1,above-cloud,LEMG,-1706,59,7.5,54,8.8,1026.6,3,1,100,0.5,360,0,0
2024-12-13,36.6833,-5,1743,0,in-cloud,LEMG,93,87,0.3,100,0,1021.6,100,8,0,4.3,213,0,0
2024-12-17,36.6833,-5,1743,1,above-cloud,LEMG,-669,89,-0.8,100,0,1034.2,96,99,100,5.6,111,0,0
2025-01-17,36.6833,-5,1743,0,in-cloud,LEMG,93,88,-3.2,100,0,1024.7,100,0,0,3.1,36,0,0
2025-01-27,36.6833,-5,1743,0,in-cloud,LEMG,93,56,6.3,100,0,1019.5,100,20,100,20.5,242,0,0.7
2025-02-03,36.6833,-5,1743,1,above-cloud,LEMG,-517,88,-0.6,100,0,1018.4,76,100,0,3.8,360,0,0.1
2025-02-21,36.6833,-5,1743,1,above-cloud,LEMG,-1004,88,2,100,0,1025,100,1,38,10,131,0,0
2025-02-28,36.6833,-5,1743,1,above-cloud,LEMG,-669,60,2.2,99,0.1,1014.1,100,76,100,11.7,134,0,0.5
2025-03-02,36.6833,-5,1743,1,above-cloud,LEMG,-669,77,0.6,100,0,1014.3,100,29,8,6.6,131,0,2
2025-03-05,36.6833,-5,1743,1,above-cloud,LEMG,-517,69,3,97,0.4,1011.2,100,88,27,14.9,105,0,0.3
2025-03-07,36.6833,-5,1743,1,above-cloud,LEMG,-974,89,0.9,100,0,1013.8,95,5,100,1,301,0,0
2025-03-10,36.6833,-5,1743,0,below-cloud,LEMG,550,76,-0.1,100,0,1003.3,100,100,100,11.6,210,0,0.8
2025-03-13,36.6833,-5,1743,1,above-cloud,LEMG,-822,66,1.6,99,0.1,999.4,100,69,50,11.7,162,0,4.4
2025-03-16,36.6833,-5,1743,0,below-cloud,LEMG,398,81,-0.6,100,0,1019.2,100,40,0,8,275,0,0.2
2025-03-18,36.6833,-5,1743,1,above-cloud,LEMG,-578,82,2.6,100,0,1010,100,0,0,15.8,246,0,0.5
2025-03-22,36.6833,-5,1743,0,below-cloud,LEMG,398,75,-1.3,87,1.9,1016,4,0,0,21.5,305,0,0
2025-04-03,36.6833,-5,1743,1,above-cloud,LEMG,-517,82,3.1,98,0.2,1010,100,92,96,6.3,219,0,1.1
2025-04-12,36.6833,-5,1743,1,above-cloud,LEMG,-1279,82,5.1,100,0,1012.6,100,96,100,9.8,136,0,1.3
2025-05-01,36.6833,-5,1743,1,above-cloud,LEMG,-1187,93,3.1,96,0.6,1013.8,44,0,0,4.8,77,0,0
2025-05-07,36.6833,-5,1743,1,above-cloud,LEMG,-1431,67,5.2,85,2.4,1012,0,100,0,3.5,141,0,0
2025-05-09,36.6833,-5,1743,0,below-cloud,LEMG,245,84,2.3,92,1.1,1012.3,16,0,0,1.8,6,0,0
2025-06-09,36.6833,-5,1743,1,above-cloud,LEMG,-1279,47,13.7,49,10.6,1018.8,0,59,39,6.7,114,0,0
2025-07-30,36.6833,-5,1743,1,above-cloud,LEMG,-822,61,11.4,88,1.9,1018.9,0,0,0,9.5,115,0,0
2025-08-24,36.6833,-5,1743,1,above-cloud,LEMG,-944,52,12.7,60,7.6,1015.1,0,0,17,3.7,101,0,0
2025-09-20,36.6833,-5,1743,1,above-cloud,LEMG,-1309,56,11.4,78,3.7,1021.6,10,0,38,8.3,124,0,0
2025-10-06,36.6833,-5,1743,1,above-cloud,LEMG,-1126,70,10.3,99,0.2,1022.7,100,0,46,16,124,0,0
2025-10-15,36.6833,-5,1743,1,above-cloud,LEMG,-730,82,6.7,94,0.8,1019.1,0,0,100,4.8,79,0,0
2025-10-17,36.6833,-5,1743,1,above-cloud,LEMG,-669,81,7.7,99,0.2,1016.8,100,0,0,9.6,123,0,0
2025-10-27,36.6833,-5,1743,1,above-cloud,LEMG,-1431,92,7.7,98,0.3,1021.5,18,23,55,5.1,54,0,0
2025-10-29,36.6833,-5,1743,1,above-cloud,LEMG,-212,58,7.2,100,0,1012.1,100,18,99,10.6,150,0,0.3
2025-11-14,36.6833,-5,1743,1,above-cloud,LEMG,-791,53,4.1,100,0,1011.2,100,100,79,17.5,208,0,1.5
2025-11-22,36.6833,-5,1743,1,above-cloud,LEMG,-334,87,-0.6,100,0,1028.6,100,0,0,6.3,85,0,0
2025-12-11,36.6833,-5,1743,1,above-cloud,LEMG,-212,82,-0.3,97,0.3,1023.1,23,3,0,2.7,110,0,0
2025-12-13,36.6833,-5,1743,0,below-cloud,LEMG,702,59,4.1,83,2.5,1017,76,98,45,18.2,101,0,0.1
2025-12-26,36.6833,-5,1743,0,below-cloud,LEMG,702,90,-3,96,0.6,1013.1,9,3,0,3.2,333,0,0
2025-12-28,36.6833,-5,1743,0,in-cloud,LEMG,93,80,-1.5,100,0.1,1012.6,98,26,100,7.5,140,0,0.1
2026-01-04,36.6833,-5,1743,1,above-cloud,LEMG,-456,46,2.7,99,0.1,998.1,100,100,99,14.2,156,0,2.6
2026-01-14,36.6833,-5,1743,0,below-cloud,LEMG,398,83,0.8,100,0,1019.2,100,79,44,6.1,238,0,0.1
2026-01-23,36.6833,-5,1743,0,in-cloud,LEMG,93,75,0,92,1.1,1006.2,30,84,11,15.7,321,0,0.2
2026-01-27,36.6833,-5,1743,0,in-cloud,LEMG,93,57,2.6,100,0,1008.9,100,95,37,24.8,225,0,1.4
2026-01-29,36.6833,-5,1743,0,in-cloud,LEMG,-60,64,6,99,0.1,1012.4,100,3,86,19.6,272,0,1.2
2026-02-03,36.6833,-5,1743,0,below-cloud,LEMG,398,75,-2.2,100,0.1,1007.4,100,12,4,10,247,0,0.3
2026-02-06,36.6833,-5,1743,0,below-cloud,LEMG,398,66,1.3,98,0.3,1008.7,99,70,0,14.9,247,0,0.8
2026-02-13,36.6833,-5,1743,0,below-cloud,LEMG,398,61,2.7,100,0,1006.5,100,100,0,21.7,241,0,6.9
2026-02-26,36.6833,-5,1743,1,above-cloud,LEMG,-1645,47,1.2,62,6.4,1023.2,0,0,0,6.3,108,0,0
2026-02-28,36.6833,-5,1743,1,above-cloud,LEMG,-1187,77,2.2,87,1.9,1020.4,0,83,97,4.7,353,0,0
2026-03-02,36.6833,-5,1743,1,above-cloud,LEMG,-822,81,0.3,100,0,1016.9,96,0,0,11,125,0,0
2026-03-15,36.6833,-5,1743,1,above-cloud,LEMG,-212,71,2.3,100,0.1,1014.1,100,0,0,15.9,337,0,0.1
2026-03-21,36.6833,-5,1743,1,above-cloud,LEMG,-517,68,1.5,100,0,1011.6,100,7,0,10.9,128,0,0.1
2026-03-24,36.6833,-5,1743,1,above-cloud,LEMG,-364,74,1.4,100,0,1021.5,100,0,0,15.4,122,0,0
2026-04-25,36.6833,-5,1743,1,above-cloud,LEMG,-578,90,4.4,99,0.2,1017.3,100,21,0,3.6,6,0,0
2026-04-28,36.6833,-5,1743,1,above-cloud,LEMG,-364,68,4.6,96,0.6,1011.9,4,84,100,7,138,0,0
2026-05-02,36.6833,-5,1743,1,above-cloud,LEMG,-974,71,6.2,100,0,1019.1,100,34,100,15.5,135,0,0
2026-05-07,36.6833,-5,1743,0,below-cloud,LEMG,702,92,2.8,98,0.2,1011,59,2,0,3.3,131,0,0
2026-05-09,36.6833,-5,1743,0,in-cloud,LEMG,-60,74,4.2,100,0,1010.3,100,22,25,12.3,148,0,0.2
2026-06-07,36.6833,-5,1743,1,above-cloud,LEMG,-822,82,9.5,94,0.9,1020.4,2,0,0,8.7,122,0,0
2026-06-11,36.6833,-5,1743,1,above-cloud,LEMG,-974,82,9.8,100,0.1,1020.4,100,0,0,13.2,124,0,0.1
2024-01-02,43.3937,142.6366,1874,0,in-cloud,RJEC,-139,76,-15.5,76,3.3,1019.6,25,98,100,6.6,139,0,0
2024-01-11,43.3937,142.6366,1874,0,in-cloud,RJEC,-139,72,-19,64,5.1,1017.3,86,0,0,0.5,135,0,0
2024-01-22,43.3937,142.6366,1874,1,above-cloud,RJEC,-444,58,-16.7,79,2.8,1025.1,59,100,0,14.2,117,0,0.2
2024-02-01,43.3937,142.6366,1874,1,above-cloud,RJEC,-779,69,-16.8,88,1.6,1009.2,60,1,0,25.9,272,0,0.1
2024-02-11,43.3937,142.6366,1874,1,above-cloud,RJEC,-779,84,-17.2,94,0.7,1015.3,100,5,0,6.6,351,0,0.1
2024-02-26,43.3937,142.6366,1874,1,above-cloud,RJEC,-657,71,-17.5,80,2.6,1023.7,66,100,100,4.8,132,0,0.3
2024-03-16,43.3937,142.6366,1874,0,in-cloud,RJEC,-139,71,-17.6,74,3.5,1016.4,3,0,0,8.3,5,0,0
2024-04-01,43.3937,142.6366,1874,0,below-cloud,RJEC,166,76,-11.4,80,2.7,1008.2,52,9,0,6,343,0,0.1
2024-04-21,43.3937,142.6366,1874,1,above-cloud,RJEC,-1450,69,-7,100,0,1014.7,100,0,100,14.8,337,0,0
2024-05-06,43.3937,142.6366,1874,0,below-cloud,RJEC,471,57,3.1,72,4.5,1015.9,7,100,100,6.3,246,0,0.5
2024-05-24,43.3937,142.6366,1874,1,above-cloud,RJEC,-444,67,3.1,91,1.4,1004.9,100,100,100,7,325,0,0
2024-06-05,43.3937,142.6366,1874,1,above-cloud,RJEC,-1267,87,1.1,96,0.5,1017.5,98,54,100,2.2,279,0,0
2024-06-23,43.3937,142.6366,1874,1,above-cloud,RJEC,-1511,85,6.8,99,0.2,1005.4,54,99,100,4.6,141,0,0
2024-07-08,43.3937,142.6366,1874,1,above-cloud,RJEC,-962,76,10.1,97,0.5,999.8,100,100,41,6.8,177,0,0.1
2024-07-24,43.3937,142.6366,1874,1,above-cloud,RJEC,-962,71,11.4,95,0.7,998.2,86,100,52,10.1,184,0,2.4
2024-08-03,43.3937,142.6366,1874,1,above-cloud,RJEC,-413,90,11.7,98,0.3,1009,65,0,89,5.1,135,0,0
2024-08-14,43.3937,142.6366,1874,0,below-cloud,RJEC,775,62,13.7,91,1.5,1010.1,98,28,99,9.2,121,0,0
2024-08-25,43.3937,142.6366,1874,1,above-cloud,RJEC,-444,77,9.2,96,0.6,1014.4,99,0,26,7.4,133,0,0
2024-09-15,43.3937,142.6366,1874,1,above-cloud,RJEC,-1602,78,5.8,93,1.1,1005.4,36,67,99,5.8,4,0,0.8
2024-09-29,43.3937,142.6366,1874,1,above-cloud,RJEC,-1389,87,1.4,96,0.5,1022.8,100,0,0,3.3,112,0,0
2024-10-19,43.3937,142.6366,1874,1,above-cloud,RJEC,-840,56,6.2,90,1.5,1005.8,91,100,100,13.6,132,0,4
2024-10-31,43.3937,142.6366,1874,1,above-cloud,RJEC,-535,84,-4.6,99,0.2,1020.5,67,0,0,11.4,345,0,0
2024-11-11,43.3937,142.6366,1874,1,above-cloud,RJEC,-871,76,-1.4,100,0,1014.5,100,100,0,14.5,282,0,2.5
2024-11-21,43.3937,142.6366,1874,1,above-cloud,RJEC,-1053,73,-6.4,100,0,1016.1,100,0,0,2.1,142,0,0
2024-12-01,43.3937,142.6366,1874,0,in-cloud,RJEC,-139,64,-13.4,96,0.4,1003.9,95,50,0,12.9,282,0,0.2
2024-12-10,43.3937,142.6366,1874,1,above-cloud,RJEC,-688,74,-15.7,93,0.9,1013.4,100,0,0,15.6,338,0,0.1
2024-12-20,43.3937,142.6366,1874,1,above-cloud,RJEC,-962,65,-17.9,93,0.9,1014,97,79,0,16.7,269,0,0
2024-12-30,43.3937,142.6366,1874,1,above-cloud,RJEC,-718,68,-19.7,89,1.3,1017.4,100,3,0,12,336,0,0.2
2025-01-08,43.3937,142.6366,1874,1,above-cloud,RJEC,-1053,51,-17.7,89,1.3,1001.3,99,9,0,10.9,320,0,0.2
2025-01-18,43.3937,142.6366,1874,1,above-cloud,RJEC,-810,85,-20.4,88,1.5,1021.2,86,0,0,4.4,30,0,0
2025-01-31,43.3937,142.6366,1874,0,in-cloud,RJEC,-139,56,-14.5,94,0.7,1009.4,100,85,2,13.9,331,0,0.1
2025-02-09,43.3937,142.6366,1874,1,above-cloud,RJEC,-779,61,-18.2,91,1.2,1006.3,100,61,98,18.6,337,0,0.1
2025-02-19,43.3937,142.6366,1874,1,above-cloud,RJEC,-413,68,-17.8,91,1,1006,100,68,0,10.7,347,0,0.1
2025-03-02,43.3937,142.6366,1874,0,below-cloud,RJEC,166,67,-13.7,68,4.6,1012.7,69,100,0,3.2,3,0,0.1
2025-03-15,43.3937,142.6366,1874,1,above-cloud,RJEC,-444,77,-15.2,94,0.7,1020.7,100,2,0,20.7,329,0,0.1
2025-03-25,43.3937,142.6366,1874,1,above-cloud,RJEC,-688,75,-4.9,91,1.2,998.7,99,99,46,7.6,175,0,0.3
2025-04-07,43.3937,142.6366,1874,0,below-cloud,RJEC,166,85,-5.4,96,0.6,1012.4,91,98,100,6.1,114,0,0
2025-04-23,43.3937,142.6366,1874,0,in-cloud,RJEC,-139,74,-5.9,87,1.8,1008.8,99,100,100,5.4,111,0,0.6
2025-05-11,43.3937,142.6366,1874,1,above-cloud,RJEC,-1145,74,0.8,100,0,990.4,58,88,96,1.5,306,0,0.3
2025-06-05,43.3937,142.6366,1874,1,above-cloud,RJEC,-871,75,-1.8,100,0,998.3,100,98,2,13.6,276,0,0.4
2025-07-01,43.3937,142.6366,1874,1,above-cloud,RJEC,-657,90,10.4,96,0.6,1011.3,64,8,8,2,153,0,0
2025-07-18,43.3937,142.6366,1874,0,in-cloud,RJEC,-139,83,12.8,92,1.2,1015.3,16,0,83,3.9,158,0,0
2025-07-31,43.3937,142.6366,1874,1,above-cloud,RJEC,-1084,87,10.5,99,0.1,1009.6,74,0,80,5.7,125,0,0
2025-08-13,43.3937,142.6366,1874,1,above-cloud,RJEC,-1297,90,9.3,93,1,1017,34,0,0,0.4,117,0,0
2025-08-28,43.3937,142.6366,1874,1,above-cloud,RJEC,-627,75,5.5,100,0,1012,100,10,0,18.8,332,0,0.6
2025-09-12,43.3937,142.6366,1874,1,above-cloud,RJEC,-1633,89,2.6,86,2.1,1021.1,13,0,0,1.8,101,0,0
2025-10-08,43.3937,142.6366,1874,1,above-cloud,RJEC,-169,82,1.3,98,0.3,1013,100,100,0,12.1,137,0,0.3
2025-10-23,43.3937,142.6366,1874,1,above-cloud,RJEC,-1206,95,-10.3,98,0.3,1030.7,48,4,0,1.1,81,0,0
2025-11-03,43.3937,142.6366,1874,1,above-cloud,RJEC,-1206,83,-9.6,99,0.1,1016.7,100,69,63,3.3,36,0,0
2025-11-12,43.3937,142.6366,1874,1,above-cloud,RJEC,-200,64,-12.3,96,0.4,1020,100,0,0,12.6,334,0,0.1
2025-11-22,43.3937,142.6366,1874,1,above-cloud,RJEC,-1053,77,-14.5,95,0.7,1016.7,98,45,0,15.9,302,0,0.2
2025-12-03,43.3937,142.6366,1874,0,in-cloud,RJEC,-139,82,-16.2,94,0.8,1010.5,100,41,0,2.9,22,0,0
2025-12-12,43.3937,142.6366,1874,1,above-cloud,RJEC,-962,72,-21.8,88,1.4,1014.9,100,58,0,4.2,350,0,0.1
2025-12-21,43.3937,142.6366,1874,1,above-cloud,RJEC,-1358,61,-2.5,100,0,1009,100,100,100,12,164,0,1
2025-12-30,43.3937,142.6366,1874,1,above-cloud,RJEC,-1572,83,-9.7,98,0.2,1010.2,100,2,0,0.2,90,0,0
2026-01-09,43.3937,142.6366,1874,1,above-cloud,RJEC,-322,74,-19.3,89,1.4,1011.8,98,0,0,9,345,0,0.1
2026-01-18,43.3937,142.6366,1874,1,above-cloud,RJEC,-1053,78,-19.9,79,2.7,1016,50,0,0,6.6,49,0,0
2026-01-31,43.3937,142.6366,1874,0,in-cloud,RJEC,-139,68,-16.6,94,0.7,1011,100,28,12,14,325,0,0.5
2026-02-10,43.3937,142.6366,1874,1,above-cloud,RJEC,-413,84,-17.7,91,1.1,1019.6,95,1,11,6.3,353,0,0
2026-02-19,43.3937,142.6366,1874,1,above-cloud,RJEC,-230,77,-16.2,89,1.3,1004.4,97,1,0,3,57,0,0
2026-03-03,43.3937,142.6366,1874,1,above-cloud,RJEC,-992,76,-15.9,92,1,1028,99,0,0,14.3,354,0,0
2026-03-13,43.3937,142.6366,1874,1,above-cloud,RJEC,-1023,76,-14.1,95,0.7,1023.1,91,98,45,10.2,350,0,0
2026-03-27,43.3937,142.6366,1874,0,below-cloud,RJEC,166,81,-12.1,69,4.5,1016.8,55,0,24,4.9,96,0,0
2026-04-11,43.3937,142.6366,1874,1,above-cloud,RJEC,-688,67,-1.4,99,0.2,990.2,100,0,0,19.3,179,0,0.1
2026-04-30,43.3937,142.6366,1874,1,above-cloud,RJEC,-200,81,-8.6,81,2.8,1017.3,5,98,13,3.2,133,0,0
2026-05-18,43.3937,142.6366,1874,0,below-cloud,RJEC,1385,87,-0.7,95,0.8,1017.6,100,84,99,3,104,0,0
2026-06-08,43.3937,142.6366,1874,0,in-cloud,RJEC,-139,66,0.8,92,1.1,1016.2,57,100,71,8.8,118,0,0.3
2026-06-23,43.3937,142.6366,1874,1,above-cloud,RJEC,-1419,84,2.2,98,0.4,1011.9,100,58,0,4.6,141,0,0.4
2026-07-08,43.3937,142.6366,1874,0,below-cloud,RJEC,1080,90,8,100,0.1,1016.3,79,89,95,4.7,189,0,0
2026-07-19,43.3937,142.6366,1874,0,below-cloud,RJEC,166,63,10.2,96,0.6,1007,99,99,100,24.2,129,0,5.4
2026-07-29,43.3937,142.6366,1874,0,in-cloud,RJEC,-139,87,7.1,97,0.5,1009.6,59,0,77,5.9,121,0,0
2024-01-21,28.016,-15.603,1629,1,above-cloud,GCLP,-385,79,4.9,99,0.1,1027.7,88,0,0,13.8,51,0,0
2024-02-24,28.016,-15.603,1629,1,above-cloud,GCLP,-385,70,5,99,0.2,1025.7,100,0,0,18.4,39,0,0.1
2024-02-28,28.016,-15.603,1629,1,above-cloud,GCLP,-385,80,4.6,98,0.3,1023.9,53,0,0,17.8,48,0,0
2024-03-05,28.016,-15.603,1629,1,above-cloud,GCLP,-385,74,4.9,100,0,1023.2,100,0,0,11.1,61,0,0
2024-04-08,28.016,-15.603,1629,1,above-cloud,GCLP,-690,79,5.6,98,0.3,1022.1,86,0,0,13.3,19,0,0
2024-04-30,28.016,-15.603,1629,1,above-cloud,GCLP,-232,76,4.7,91,1.4,1024.2,55,0,0,13.9,37,0,0
2024-05-13,28.016,-15.603,1629,1,above-cloud,GCLP,-690,76,7.7,100,0,1019.3,100,0,0,12.8,52,0,0
2024-05-17,28.016,-15.603,1629,1,above-cloud,GCLP,-537,77,6.8,100,0,1017.7,100,0,5,8.7,52,0,0
2024-05-21,28.016,-15.603,1629,1,above-cloud,GCLP,-385,79,5.9,91,1.4,1022,61,0,0,10.4,34,0,0
2024-06-04,28.016,-15.603,1629,1,above-cloud,GCLP,-537,79,8,99,0.2,1019,100,0,0,9.5,11,0,0
2024-06-13,28.016,-15.603,1629,1,above-cloud,GCLP,-537,71,7.7,99,0.1,1021.8,100,1,89,12.2,45,0,0
2024-06-21,28.016,-15.603,1629,1,above-cloud,GCLP,-537,77,7.3,100,0.1,1022.2,98,0,0,12,46,0,0
2024-06-30,28.016,-15.603,1629,1,above-cloud,GCLP,-994,70,10,90,1.5,1019.3,100,0,0,8.6,68,0,0
2024-07-06,28.016,-15.603,1629,1,above-cloud,GCLP,-1055,66,11.5,78,3.7,1018,45,0,0,10.5,68,0,0
2024-07-22,28.016,-15.603,1629,1,above-cloud,GCLP,-933,72,13.4,95,0.7,1016.8,100,0,0,11.8,63,0,0
2024-08-09,28.016,-15.603,1629,1,above-cloud,GCLP,-964,57,13.6,67,6,1017.6,15,2,0,8.5,78,0,0
2024-08-31,28.016,-15.603,1629,1,above-cloud,GCLP,-476,80,9.4,100,0,1017,100,0,0,10.2,42,0,0
2024-09-04,28.016,-15.603,1629,1,above-cloud,GCLP,-537,70,10.7,100,0,1017.5,100,0,0,13.2,43,0,0.2
2024-09-24,28.016,-15.603,1629,1,above-cloud,GCLP,-994,77,8.3,98,0.2,1019.3,4,0,0,8.3,88,0,0
2024-10-06,28.016,-15.603,1629,1,above-cloud,GCLP,-1116,48,12.9,53,9.3,1016.4,0,0,0,4.3,107,0,0
2024-10-17,28.016,-15.603,1629,1,above-cloud,GCLP,-933,82,11,100,0,1024.4,100,26,100,12.2,64,0,1.4
2024-10-29,28.016,-15.603,1629,0,in-cloud,GCLP,-80,85,7.2,100,0,1019.1,98,12,0,7.2,39,0,0.2
2024-12-09,28.016,-15.603,1629,1,above-cloud,GCLP,-232,72,7.1,100,0,1022,100,0,100,11.8,40,0,0.1
2024-12-14,28.016,-15.603,1629,1,above-cloud,GCLP,-629,87,4.5,93,1,1020.3,39,0,100,4.6,141,0,0
2025-01-18,28.016,-15.603,1629,1,above-cloud,GCLP,-232,90,3.2,100,0,1026.1,99,0,7,6.5,42,0,0
2025-01-30,28.016,-15.603,1629,1,above-cloud,GCLP,-537,81,6.2,100,0,1029.5,66,0,0,18.7,41,0,0
2025-02-03,28.016,-15.603,1629,1,above-cloud,GCLP,-690,75,5.7,99,0.1,1024.2,99,0,0,15,37,0,0.4
2025-02-21,28.016,-15.603,1629,1,above-cloud,GCLP,-994,69,5.1,60,7.1,1023.3,0,0,0,2.6,141,0,0
2025-03-02,28.016,-15.603,1629,0,below-cloud,GCLP,834,87,3,100,0,1013.2,100,100,0,5.1,184,0,0
2025-03-22,28.016,-15.603,1629,1,above-cloud,GCLP,-385,78,4.8,100,0,1023.5,100,0,2,14.4,31,0,0.1
2025-03-26,28.016,-15.603,1629,1,above-cloud,GCLP,-232,81,3.7,100,0,1023,98,0,0,12.7,32,0,0.1
2025-04-15,28.016,-15.603,1629,1,above-cloud,GCLP,-537,82,5.7,100,0,1020.7,94,0,0,9.7,24,0,0
2025-04-20,28.016,-15.603,1629,1,above-cloud,GCLP,-537,77,4.8,99,0.1,1021.3,99,0,0,17.1,40,0,0.1
2025-04-25,28.016,-15.603,1629,1,above-cloud,GCLP,-385,71,7.1,100,0,1019.7,100,0,0,12.9,35,0,0.1
2025-05-06,28.016,-15.603,1629,1,above-cloud,GCLP,-690,76,6.5,75,4.2,1016.3,0,87,59,3.6,120,0,0
2025-05-22,28.016,-15.603,1629,1,above-cloud,GCLP,-690,73,8.5,100,0,1021.5,100,0,29,11.6,51,0,0
2025-05-28,28.016,-15.603,1629,1,above-cloud,GCLP,-842,83,8.1,100,0,1021.8,99,0,0,9.8,50,0,0
2025-06-07,28.016,-15.603,1629,1,above-cloud,GCLP,-842,87,9.5,85,2.4,1019.2,46,0,0,4.4,69,0,0
2025-06-17,28.016,-15.603,1629,1,above-cloud,GCLP,-842,70,8,63,6.6,1020,0,10,24,3.6,108,0,0
2025-07-07,28.016,-15.603,1629,1,above-cloud,GCLP,-812,74,10,100,0,1019.1,100,0,0,15.2,40,0,0
2025-07-13,28.016,-15.603,1629,1,above-cloud,GCLP,-537,78,9.9,100,0,1019.4,100,0,0,16.1,35,0,0
2025-08-03,28.016,-15.603,1629,1,above-cloud,GCLP,-629,82,11.9,100,0.1,1018.8,100,0,0,7.3,46,0,0
2025-08-27,28.016,-15.603,1629,1,above-cloud,GCLP,-537,72,11.4,100,0,1017.7,100,0,0,12.5,46,0,0
2025-09-09,28.016,-15.603,1629,1,above-cloud,GCLP,-690,71,12.4,99,0.2,1021.8,100,0,81,13.2,61,0,0
2025-09-24,28.016,-15.603,1629,0,in-cloud,GCLP,-80,82,8.8,99,0.2,1020.1,86,0,0,10.9,22,0,0.1
2025-10-06,28.016,-15.603,1629,1,above-cloud,GCLP,-690,80,9.7,92,1.2,1021.3,57,0,0,9.5,54,0,0
2025-10-11,28.016,-15.603,1629,1,above-cloud,GCLP,-324,77,9,100,0.1,1019.7,99,0,0,10.4,32,0,0
2025-10-23,28.016,-15.603,1629,1,above-cloud,GCLP,-690,92,11.4,99,0.1,1020.4,100,0,0,6.2,78,0,0
2025-11-08,28.016,-15.603,1629,1,above-cloud,GCLP,-690,82,8.9,97,0.4,1021.5,92,0,0,14.6,39,0,0
2025-11-26,28.016,-15.603,1629,1,above-cloud,GCLP,-690,88,6.7,100,0,1022.4,98,0,98,8.6,41,0,0
2025-12-03,28.016,-15.603,1629,1,above-cloud,GCLP,-537,81,5.9,99,0.1,1024.5,49,0,0,11.4,61,0,0
2025-12-14,28.016,-15.603,1629,1,above-cloud,GCLP,-232,71,4.4,100,0,1015.8,100,16,3,6.6,41,0,0.1
2025-12-19,28.016,-15.603,1629,1,above-cloud,GCLP,-385,81,6.5,99,0.2,1023.9,100,0,0,10.4,9,0,0.3
2025-12-23,28.016,-15.603,1629,1,above-cloud,GCLP,-354,82,4.3,100,0,1022.5,97,0,0,9.6,57,0,0
2026-01-07,28.016,-15.603,1629,0,in-cloud,GCLP,72,80,2.9,99,0.1,1028,80,0,0,18.2,35,0,0.1
2026-01-14,28.016,-15.603,1629,0,below-cloud,GCLP,225,79,3.8,100,0.1,1023.4,91,0,0,14.7,25,0,0.1
2026-01-18,28.016,-15.603,1629,0,in-cloud,GCLP,72,63,5.7,99,0.1,1017.8,100,100,0,15,333,0,0.3
2026-01-24,28.016,-15.603,1629,1,above-cloud,GCLP,-232,81,4.4,100,0,1026.4,95,0,2,13,27,0,0.1
2026-02-12,28.016,-15.603,1629,1,above-cloud,GCLP,-1055,75,8.9,62,6.8,1024.1,0,0,0,3.4,137,0,0
2026-02-27,28.016,-15.603,1629,1,above-cloud,GCLP,-690,71,6.4,100,0,1019.2,100,0,0,20,49,0,0.1
2026-03-07,28.016,-15.603,1629,1,above-cloud,GCLP,-415,78,2.7,99,0.2,1022.5,95,0,0,17.9,41,0,0.1
2026-03-11,28.016,-15.603,1629,1,above-cloud,GCLP,-232,60,3.8,99,0.1,1022.1,100,0,0,20.1,38,0,0.4
2026-03-24,28.016,-15.603,1629,1,above-cloud,GCLP,-994,79,5.8,99,0.2,1009.1,100,2,11,5.9,135,0,0.2
2026-04-12,28.016,-15.603,1629,1,above-cloud,GCLP,-690,60,5.2,96,0.6,1022.3,100,0,0,17,31,0,0.5
2026-04-17,28.016,-15.603,1629,1,above-cloud,GCLP,-1086,28,10,40,13.1,1014.6,1,0,99,5.8,120,0,0
2026-04-25,28.016,-15.603,1629,1,above-cloud,GCLP,-537,73,6.8,98,0.3,1017.3,100,0,0,12.5,41,0,0
2026-05-06,28.016,-15.603,1629,1,above-cloud,GCLP,-781,71,7.5,87,1.9,1014.6,21,0,0,6,73,0,0
2026-05-16,28.016,-15.603,1629,1,above-cloud,GCLP,-232,74,5.5,100,0.1,1020.7,100,0,0,15.9,35,0,0.4
2026-05-29,28.016,-15.603,1629,1,above-cloud,GCLP,-781,82,8.4,92,1.3,1023.4,68,0,0,12.6,43,0,0
2026-06-05,28.016,-15.603,1629,1,above-cloud,GCLP,-994,71,8.9,99,0.2,1021,100,0,0,14.3,41,0,0
2026-06-12,28.016,-15.603,1629,1,above-cloud,GCLP,-994,49,12.9,54,9.2,1018,0,0,0,2.1,70,0,0
2026-06-17,28.016,-15.603,1629,1,above-cloud,GCLP,-690,81,8.9,97,0.5,1021.2,100,0,0,11.4,31,0,0
2024-01-21,27.9982,-15.5954,1589,1,above-cloud,GCLP,-345,89,4,100,0,1027.7,99,0,0,7,12,0,0
2024-02-24,27.9982,-15.5954,1589,1,above-cloud,GCLP,-345,71,4.9,99,0.2,1025.1,100,0,0,12.6,20,0,0
2024-02-28,27.9982,-15.5954,1589,1,above-cloud,GCLP,-345,84,4.2,100,0,1023.5,88,0,0,10.3,29,0,0
2024-03-05,27.9982,-15.5954,1589,1,above-cloud,GCLP,-345,88,4.3,100,0,1023.1,100,0,0,7.2,18,0,0
2024-04-08,27.9982,-15.5954,1589,1,above-cloud,GCLP,-650,78,5.2,100,0,1021.5,97,0,0,11.5,14,0,0
2024-04-30,27.9982,-15.5954,1589,1,above-cloud,GCLP,-192,90,3.9,98,0.2,1024.1,48,0,0,7.9,357,0,0
2024-05-13,27.9982,-15.5954,1589,1,above-cloud,GCLP,-650,80,8.9,81,3.1,1018.4,65,0,0,8.4,10,0,0
2024-05-17,27.9982,-15.5954,1589,1,above-cloud,GCLP,-497,86,6.5,100,0,1017.5,100,0,2,7.9,16,0,0
2024-05-21,27.9982,-15.5954,1589,1,above-cloud,GCLP,-345,86,5.3,96,0.6,1022,22,0,0,6.8,18,0,0
2024-06-04,27.9982,-15.5954,1589,1,above-cloud,GCLP,-497,83,8.4,99,0.2,1018.6,100,0,0,7.8,347,0,0
2024-06-13,27.9982,-15.5954,1589,1,above-cloud,GCLP,-497,83,7.8,100,0,1021.6,100,3,94,7.5,35,0,0
2024-06-21,27.9982,-15.5954,1589,1,above-cloud,GCLP,-497,88,7.2,100,0,1021.8,100,0,0,8,8,0,0
2024-06-30,27.9982,-15.5954,1589,1,above-cloud,GCLP,-954,60,11.9,61,7.3,1018.8,24,0,0,2.4,333,0,0
2024-07-06,27.9982,-15.5954,1589,1,above-cloud,GCLP,-1015,47,12.2,55,8.8,1017.1,14,0,0,5,21,0,0
2024-07-22,27.9982,-15.5954,1589,1,above-cloud,GCLP,-893,60,15.9,60,7.6,1016.1,35,0,0,4.5,61,0,0
2024-08-09,27.9982,-15.5954,1589,1,above-cloud,GCLP,-924,40,14.7,44,12,1016.5,1,5,0,3.8,17,0,0
2024-08-31,27.9982,-15.5954,1589,1,above-cloud,GCLP,-436,87,9.4,100,0,1016.9,100,0,0,6.1,28,0,0
2024-09-04,27.9982,-15.5954,1589,1,above-cloud,GCLP,-497,82,10.9,100,0,1017.4,100,0,0,7,35,0,0
2024-09-24,27.9982,-15.5954,1589,1,above-cloud,GCLP,-954,82,7.8,96,0.5,1019.3,1,0,0,4.2,31,0,0
2024-10-06,27.9982,-15.5954,1589,1,above-cloud,GCLP,-1076,50,15.9,49,10.6,1016.4,1,0,0,2.9,79,0,0
2024-10-17,27.9982,-15.5954,1589,1,above-cloud,GCLP,-893,79,11.2,100,0,1024.5,100,56,100,6.6,33,0,2.1
2024-10-29,27.9982,-15.5954,1589,0,in-cloud,GCLP,-40,83,6.4,100,0,1019,100,18,0,6,16,0,0
2024-12-09,27.9982,-15.5954,1589,1,above-cloud,GCLP,-192,80,6.9,100,0,1021.9,100,0,100,7.8,23,0,0
2024-12-14,27.9982,-15.5954,1589,1,above-cloud,GCLP,-589,91,4.6,100,0,1020.8,50,0,100,5.6,73,0,0
2025-01-18,27.9982,-15.5954,1589,1,above-cloud,GCLP,-192,91,2.4,100,0,1026,100,0,2,6.3,347,0,0
2025-01-30,27.9982,-15.5954,1589,1,above-cloud,GCLP,-497,76,5.9,100,0,1029.1,98,0,0,12,16,0,0
2025-02-03,27.9982,-15.5954,1589,1,above-cloud,GCLP,-650,74,5.1,100,0.1,1024.1,100,0,0,9.4,26,0,0.1
2025-02-21,27.9982,-15.5954,1589,1,above-cloud,GCLP,-954,71,6,61,6.9,1023.3,0,0,0,2.3,238,0,0
2025-03-02,27.9982,-15.5954,1589,0,below-cloud,GCLP,874,94,2.4,100,0,1013.5,100,100,5,2.1,322,0,0
2025-03-22,27.9982,-15.5954,1589,1,above-cloud,GCLP,-345,79,4.8,98,0.4,1023.3,100,0,1,9.2,21,0,0
2025-03-26,27.9982,-15.5954,1589,1,above-cloud,GCLP,-192,77,4,99,0.2,1022.6,100,0,0,9.3,19,0,0
2025-04-15,27.9982,-15.5954,1589,1,above-cloud,GCLP,-497,80,5.4,100,0,1020.2,100,0,0,8.9,6,0,0
2025-04-20,27.9982,-15.5954,1589,1,above-cloud,GCLP,-497,77,5.1,96,0.5,1020.8,100,0,0,11.7,23,0,0
2025-04-25,27.9982,-15.5954,1589,1,above-cloud,GCLP,-345,82,7.2,100,0,1019.5,100,0,0,7.6,22,0,0
2025-05-06,27.9982,-15.5954,1589,1,above-cloud,GCLP,-650,68,6,83,2.6,1016.7,0,90,85,2.1,329,0,0
2025-05-22,27.9982,-15.5954,1589,1,above-cloud,GCLP,-650,91,8.9,96,0.7,1021,71,0,50,7.3,25,0,0
2025-05-28,27.9982,-15.5954,1589,1,above-cloud,GCLP,-802,65,9.6,71,5.1,1020.9,24,0,0,6.3,35,0,0
2025-06-07,27.9982,-15.5954,1589,1,above-cloud,GCLP,-802,54,11.6,39,13.7,1018.7,0,0,0,1,292,0,0
2025-06-17,27.9982,-15.5954,1589,1,above-cloud,GCLP,-802,76,9,88,1.8,1020,0,9,52,0.2,360,0,0
2025-07-07,27.9982,-15.5954,1589,1,above-cloud,GCLP,-772,75,11,98,0.3,1018.4,100,0,0,10.8,30,0,0
2025-07-13,27.9982,-15.5954,1589,1,above-cloud,GCLP,-497,75,10.4,99,0.1,1019,100,0,0,11.2,24,0,0
2025-08-03,27.9982,-15.5954,1589,1,above-cloud,GCLP,-589,87,12.7,88,2,1018.8,61,0,0,1.9,29,0,0
2025-08-27,27.9982,-15.5954,1589,1,above-cloud,GCLP,-497,92,12,96,0.6,1017.7,95,0,0,6.1,47,0,0
2025-09-09,27.9982,-15.5954,1589,1,above-cloud,GCLP,-650,79,13.8,92,1.3,1021.4,100,0,74,5.4,14,0,0
2025-09-24,27.9982,-15.5954,1589,0,in-cloud,GCLP,-40,87,8.9,95,0.8,1020.2,100,0,0,7.8,19,0,0.1
2025-10-06,27.9982,-15.5954,1589,1,above-cloud,GCLP,-650,71,10.2,86,2.2,1020.8,38,0,0,11.2,12,0,0
2025-10-11,27.9982,-15.5954,1589,1,above-cloud,GCLP,-284,92,9.2,99,0.2,1019.7,100,0,0,7.6,12,0,0
2025-10-23,27.9982,-15.5954,1589,1,above-cloud,GCLP,-650,91,11.5,91,1.4,1020.1,45,0,0,5.8,16,0,0
2025-11-08,27.9982,-15.5954,1589,1,above-cloud,GCLP,-650,82,8.7,100,0,1021.3,100,0,0,11.2,30,0,0
2025-11-26,27.9982,-15.5954,1589,1,above-cloud,GCLP,-650,83,6.3,100,0,1022.3,100,5,100,6.9,355,0,0
2025-12-03,27.9982,-15.5954,1589,1,above-cloud,GCLP,-497,88,5,100,-0.1,1024.6,93,0,0,9,26,0,0
2025-12-14,27.9982,-15.5954,1589,1,above-cloud,GCLP,-192,81,3.4,100,0,1015.8,100,9,1,6.1,34,0,0.1
2025-12-19,27.9982,-15.5954,1589,1,above-cloud,GCLP,-345,82,6.3,100,0,1023.7,100,0,0,6.3,353,0,0
2025-12-23,27.9982,-15.5954,1589,1,above-cloud,GCLP,-314,91,3.5,100,0,1022.7,100,0,0,6.9,25,0,0
2026-01-07,27.9982,-15.5954,1589,0,in-cloud,GCLP,112,75,2.4,100,0,1027.7,98,0,0,11.1,20,0,0
2026-01-14,27.9982,-15.5954,1589,0,below-cloud,GCLP,265,76,2.9,100,0.1,1023.4,100,0,0,9.1,15,0,0.1
2026-01-18,27.9982,-15.5954,1589,0,in-cloud,GCLP,112,58,5.4,100,0,1017.7,100,87,0,17.8,332,0,0.3
2026-01-24,27.9982,-15.5954,1589,1,above-cloud,GCLP,-192,86,4,100,0,1026.3,100,0,9,9.8,30,0,0
2026-02-12,27.9982,-15.5954,1589,1,above-cloud,GCLP,-1015,51,9.9,54,8.9,1024.1,0,0,0,1.4,337,0,0
2026-02-27,27.9982,-15.5954,1589,1,above-cloud,GCLP,-650,72,6.6,100,0,1018.6,100,1,0,17.7,38,0,0
2026-03-07,27.9982,-15.5954,1589,1,above-cloud,GCLP,-375,71,2.5,100,0,1022.3,100,0,0,10.2,23,0,0.1
2026-03-11,27.9982,-15.5954,1589,1,above-cloud,GCLP,-192,72,3.3,100,0,1021.7,100,0,0,11.9,29,0,0.2
2026-03-24,27.9982,-15.5954,1589,1,above-cloud,GCLP,-954,83,5.6,100,0,1009.6,100,21,10,13.1,103,0,0.9
2026-04-12,27.9982,-15.5954,1589,1,above-cloud,GCLP,-650,59,4.8,100,0,1021.8,100,0,0,14.4,23,0,0.2
2026-04-17,27.9982,-15.5954,1589,1,above-cloud,GCLP,-1046,25,11.5,35,15,1014.6,0,0,100,1.7,58,0,0
2026-04-25,27.9982,-15.5954,1589,1,above-cloud,GCLP,-497,82,6.6,100,0,1017,100,0,0,10.8,24,0,0
2026-05-06,27.9982,-15.5954,1589,1,above-cloud,GCLP,-741,80,8,80,3.3,1014.5,13,0,0,6.4,27,0,0
2026-05-16,27.9982,-15.5954,1589,1,above-cloud,GCLP,-192,80,5.6,100,0,1020.2,100,0,0,10.4,34,0,0.2
2026-05-29,27.9982,-15.5954,1589,1,above-cloud,GCLP,-741,61,9.9,71,5,1022.6,43,0,0,9.9,15,0,0
2026-06-05,27.9982,-15.5954,1589,1,above-cloud,GCLP,-954,73,10.4,87,2.1,1020,59,0,0,13.5,16,0,0
2026-06-12,27.9982,-15.5954,1589,1,above-cloud,GCLP,-954,36,15.6,31,17,1017.6,0,0,0,0.9,307,0,0
2026-06-17,27.9982,-15.5954,1589,1,above-cloud,GCLP,-650,82,9.9,90,1.5,1020.7,88,0,0,9.2,11,0,0
2024-01-01,45.0162,5.5845,1949,0,below-cloud,LFLS,571,83,-6,77,3.3,1017.5,3,99,100,4.3,312,0,0
2024-01-08,45.0162,5.5845,1949,1,above-cloud,LFLS,-1197,64,-10.4,96,0.6,1015.6,100,79,35,8.9,333,0,0.2
2024-01-14,45.0162,5.5845,1949,1,above-cloud,LFLS,-1472,53,-9.2,42,10.7,1014.7,0,35,7,5.6,255,0,0
2024-01-23,45.0162,5.5845,1949,0,in-cloud,LFLS,-39,82,-7.2,96,0.5,1035.6,2,3,7,9.1,351,0,0
2024-02-02,45.0162,5.5845,1949,1,above-cloud,LFLS,-1228,81,-2.3,100,0.1,1033.6,100,0,98,7,348,0,0
2024-02-10,45.0162,5.5845,1949,0,below-cloud,LFLS,571,73,-1.4,99,0.1,986.4,41,91,100,10.5,153,0,1.2
2024-02-24,45.0162,5.5845,1949,0,below-cloud,LFLS,1180,71,-7.5,88,1.6,1005.4,25,65,99,7.4,209,0,0
2024-03-02,45.0162,5.5845,1949,0,below-cloud,LFLS,1119,67,-5.1,91,1.3,1007.8,4,8,98,7.5,197,0,0
2024-03-12,45.0162,5.5845,1949,1,above-cloud,LFLS,-679,68,-4.7,100,0,1020.1,100,100,9,9.3,347,0,0.3
2024-03-24,45.0162,5.5845,1949,0,in-cloud,LFLS,83,87,-6.6,92,1.1,1018.2,92,14,0,4.3,270,0,0
2024-03-31,45.0162,5.5845,1949,0,below-cloud,LFLS,632,69,-2.6,100,0,999.8,86,100,100,19.6,160,0,2.2
2024-04-16,45.0162,5.5845,1949,1,above-cloud,LFLS,-588,70,-1,83,2.5,1015.7,100,51,0,8.1,347,0,0
2024-04-24,45.0162,5.5845,1949,0,below-cloud,LFLS,388,78,-8.5,95,0.7,1015.4,33,2,0,9.2,329,0,0
2024-05-03,45.0162,5.5845,1949,1,above-cloud,LFLS,-374,85,-3.6,99,0.2,1017,100,87,6,5.3,332,0,0
2024-05-15,45.0162,5.5845,1949,1,above-cloud,LFLS,-953,88,2.3,100,0,1005.8,51,37,0,4.5,166,0,0.1
2024-05-30,45.0162,5.5845,1949,1,above-cloud,LFLS,-191,82,4.5,100,0,1012.3,100,100,52,2.2,270,0,1.1
2024-06-09,45.0162,5.5845,1949,1,above-cloud,LFLS,-1136,73,6.1,92,1.1,1008.7,0,59,95,1.8,233,0,0
2024-06-21,45.0162,5.5845,1949,0,below-cloud,LFLS,753,82,7.2,99,0.2,1015.8,0,98,100,7.4,157,0,0.5
2024-07-03,45.0162,5.5845,1949,0,in-cloud,LFLS,144,82,3.6,97,0.5,1014.3,26,0,96,9.2,339,0,0
2024-07-21,45.0162,5.5845,1949,0,below-cloud,LFLS,632,77,9.3,92,1.2,1010.3,0,51,85,5.2,304,0,2.2
2024-08-18,45.0162,5.5845,1949,1,above-cloud,LFLS,-618,88,8.5,95,0.7,1012.4,37,75,12,3.2,243,0,0
2024-09-08,45.0162,5.5845,1949,0,below-cloud,LFLS,449,79,6.9,100,0,1015.6,47,79,100,2.9,353,0,9.9
2024-09-17,45.0162,5.5845,1949,1,above-cloud,LFLS,-527,92,-0.9,100,0.1,1018.6,100,0,11,2.6,16,0,0
2024-09-28,45.0162,5.5845,1949,1,above-cloud,LFLS,-1075,81,0,100,0,1018.3,100,100,0,6.6,338,0,0.3
2024-10-05,45.0162,5.5845,1949,1,above-cloud,LFLS,-618,94,-1.8,98,0.3,1016.6,100,0,0,1.1,351,0,0
2024-10-16,45.0162,5.5845,1949,0,below-cloud,LFLS,753,60,7.2,92,1.1,1014.7,3,100,100,10.2,171,0,0.5
2024-10-24,45.0162,5.5845,1949,0,below-cloud,LFLS,997,84,2.8,95,0.7,1025.6,13,86,0,4,210,0,0
2024-11-14,45.0162,5.5845,1949,1,above-cloud,LFLS,-1350,83,-5.7,99,0.1,1024.3,100,0,92,6.2,348,0,0
2024-11-25,45.0162,5.5845,1949,0,below-cloud,LFLS,266,60,1.7,79,3.3,1022.4,78,0,90,22.7,166,0,0
2024-12-09,45.0162,5.5845,1949,1,above-cloud,LFLS,-1289,68,-6.9,100,0,1011,100,47,84,6,335,0,0
2024-12-19,45.0162,5.5845,1949,0,below-cloud,LFLS,571,62,-1.7,78,3.3,1014.8,61,100,100,7.8,212,0,0.2
2025-01-01,45.0162,5.5845,1949,1,above-cloud,LFLS,-1228,46,-9.2,59,6.5,1029.8,0,0,0,7.1,214,0,0
2025-01-09,45.0162,5.5845,1949,0,in-cloud,LFLS,144,80,-3.3,95,0.6,1011.2,27,77,99,9.5,202,0,0.1
2025-01-16,45.0162,5.5845,1949,1,above-cloud,LFLS,-1319,87,-9,61,6.1,1029.2,25,100,0,4.6,206,0,0
2025-02-01,45.0162,5.5845,1949,1,above-cloud,LFLS,-1350,85,-6.8,98,0.2,1025.6,100,16,39,4,30,0,0
2025-02-09,45.0162,5.5845,1949,1,above-cloud,LFLS,-1075,87,-6.2,99,0.1,1026.1,100,100,0,6,187,0,0
2025-02-19,45.0162,5.5845,1949,1,above-cloud,LFLS,-252,84,-4,92,1.1,1021,61,29,45,8,211,0,0
2025-02-26,45.0162,5.5845,1949,1,above-cloud,LFLS,-527,74,-6.9,99,0.1,1023.4,100,57,0,13,341,0,0.1
2025-03-15,45.0162,5.5845,1949,1,above-cloud,LFLS,-1502,79,-6.8,98,0.3,1006.2,100,93,71,2.9,47,0,0.3
2025-03-27,45.0162,5.5845,1949,1,above-cloud,LFLS,-1319,86,-1.8,95,0.6,1016,98,2,0,5.4,8,0,0
2025-04-15,45.0162,5.5845,1949,1,above-cloud,LFLS,-862,76,2.6,92,1.2,1001.8,85,73,100,8.8,157,0,0.4
2025-04-24,45.0162,5.5845,1949,0,below-cloud,LFLS,632,81,-2.3,99,0.1,1018.9,100,26,0,6.8,328,0,0
2025-05-07,45.0162,5.5845,1949,1,above-cloud,LFLS,-1289,87,-1.6,94,0.8,1013.5,100,61,0,1.8,307,0,0.2
2025-06-03,45.0162,5.5845,1949,0,below-cloud,LFLS,2095,68,5.7,88,1.9,1016.9,1,12,100,6,205,0,0
2025-07-08,45.0162,5.5845,1949,1,above-cloud,LFLS,-923,70,3.8,98,0.3,1014.9,100,0,0,10.6,336,0,0.2
2025-08-02,45.0162,5.5845,1949,1,above-cloud,LFLS,-374,79,6.4,94,0.8,1014.8,100,12,0,5.9,322,0,0.2
2025-08-30,45.0162,5.5845,1949,0,in-cloud,LFLS,22,91,1.9,99,0.1,1011.8,96,14,0,3.8,253,0,0
2025-09-14,45.0162,5.5845,1949,0,below-cloud,LFLS,1790,82,3.6,99,0.2,1020.5,14,19,98,2.2,228,0,0
2025-09-25,45.0162,5.5845,1949,0,in-cloud,LFLS,-39,89,-1.2,100,0.1,1019.4,100,0,0,3.2,341,0,0
2025-10-10,45.0162,5.5845,1949,1,above-cloud,LFLS,-1350,82,3.3,99,0.1,1027.2,100,0,0,2.6,65,0,0
2025-10-20,45.0162,5.5845,1949,0,in-cloud,LFLS,22,64,3.2,96,0.6,1008.9,100,100,100,14.2,171,0,1.8
2025-10-26,45.0162,5.5845,1949,0,in-cloud,LFLS,144,69,-2.7,100,0,1014.5,100,16,23,7.3,320,0,0.2
2025-11-02,45.0162,5.5845,1949,1,above-cloud,LFLS,-1106,80,3.8,97,0.5,1015.3,85,100,100,4.1,214,0,4.2
2025-11-18,45.0162,5.5845,1949,1,above-cloud,LFLS,-1289,67,-7.2,96,0.5,1019.2,100,0,0,10,342,0,0
2025-11-26,45.0162,5.5845,1949,1,above-cloud,LFLS,-1136,59,-8.2,98,0.2,1015.5,100,80,0,11.1,318,0,0.3
2025-12-05,45.0162,5.5845,1949,1,above-cloud,LFLS,-1136,70,-6.7,99,0.1,1011.3,100,4,0,7.3,324,0,0
2025-12-22,45.0162,5.5845,1949,0,below-cloud,LFLS,753,83,-3.4,95,0.8,1007,22,93,100,3.6,217,0,0.1
2026-01-03,45.0162,5.5845,1949,1,above-cloud,LFLS,-1136,71,-10.1,95,0.7,1010.5,100,0,2,4.9,343,0,0
2026-01-12,45.0162,5.5845,1949,0,below-cloud,LFLS,205,55,-6.8,60,6.4,1022.3,2,0,95,8.1,208,0,0
2026-01-28,45.0162,5.5845,1949,1,above-cloud,LFLS,-1167,58,-6.3,98,0.2,993.4,100,100,100,8.2,322,0,1.3
2026-02-03,45.0162,5.5845,1949,0,below-cloud,LFLS,205,70,-4.3,98,0.3,999.4,75,95,0,12.7,188,0,1.4
2026-02-15,45.0162,5.5845,1949,1,above-cloud,LFLS,-1228,73,-10,97,0.5,1019.3,100,0,69,11.4,335,0,0.1
2026-02-21,45.0162,5.5845,1949,1,above-cloud,LFLS,-557,82,-3.7,86,2,1030.1,100,1,78,8,337,0,0
2026-03-15,45.0162,5.5845,1949,1,above-cloud,LFLS,-1136,74,-8.6,98,0.2,1008,100,98,6,14.3,339,0,0.3
2026-04-04,45.0162,5.5845,1949,1,above-cloud,LFLS,-953,92,-4.6,100,0,1025.1,99,0,16,4.5,337,0,0
2026-05-10,45.0162,5.5845,1949,0,below-cloud,LFLS,205,88,2.7,99,0.2,1012.9,37,100,100,1,292,0,0.3
2026-05-16,45.0162,5.5845,1949,1,above-cloud,LFLS,-740,89,-4.6,100,0,1010.8,100,16,0,7.6,345,0,0
2026-07-27,45.0162,5.5845,1949,0,in-cloud,LFLS,-100,66,8.2,83,2.7,1018.1,2,0,0,6.8,343,0,0
2024-01-06,28.3299,-16.4897,2181,1,above-cloud,GCXO,-330,89,4.7,98,0.3,1022.2,36,0,100,7.5,325,0,0
2024-02-15,28.3299,-16.4897,2181,1,above-cloud,GCXO,-1427,82,5,94,0.9,1023.2,4,0,42,6.2,291,0,0
2024-02-29,28.3299,-16.4897,2181,1,above-cloud,GCXO,-970,78,3.8,86,2.2,1024.4,67,0,0,6.3,283,0,0
2024-03-06,28.3299,-16.4897,2181,1,above-cloud,GCXO,-939,55,0.8,52,8.7,1021.9,0,0,100,4.8,243,0,0
2024-03-17,28.3299,-16.4897,2181,1,above-cloud,GCXO,-1519,41,10.8,26,18.7,1018.8,0,0,100,6.5,180,0,0
2024-03-26,28.3299,-16.4897,2181,1,above-cloud,GCXO,-939,80,1.5,98,0.3,1018.6,94,0,0,11.8,329,0,0
2024-04-08,28.3299,-16.4897,2181,1,above-cloud,GCXO,-1153,56,3,82,2.7,1022.1,8,0,30,12.8,280,0,0
2024-04-30,28.3299,-16.4897,2181,1,above-cloud,GCXO,-817,82,1.3,99,0.2,1025,100,0,0,7.6,278,0,0
2024-05-14,28.3299,-16.4897,2181,1,above-cloud,GCXO,-1183,66,6.3,71,4.8,1018.1,26,0,92,10.7,258,0,0
2024-05-20,28.3299,-16.4897,2181,1,above-cloud,GCXO,-269,84,1.3,96,0.5,1021.3,73,0,28,9.1,288,0,0
2024-05-27,28.3299,-16.4897,2181,1,above-cloud,GCXO,-1275,70,6.2,77,3.7,1022.6,0,0,0,7.2,252,0,0
2024-06-03,28.3299,-16.4897,2181,1,above-cloud,GCXO,-1305,41,9.9,53,9.1,1018.3,0,0,0,9.5,307,0,0
2024-06-12,28.3299,-16.4897,2181,1,above-cloud,GCXO,-939,82,4.5,88,1.9,1023,49,1,100,7.7,259,0,0
2024-06-21,28.3299,-16.4897,2181,1,above-cloud,GCXO,-817,43,5.7,58,7.6,1022.5,2,0,0,8.8,258,0,0
2024-06-27,28.3299,-16.4897,2181,1,above-cloud,GCXO,-1183,60,6,76,3.9,1019.2,25,0,0,10.1,264,0,0
2024-07-04,28.3299,-16.4897,2181,1,above-cloud,GCXO,-1305,40,11.8,38,14,1017.3,0,0,0,13.9,280,0,0
2024-07-12,28.3299,-16.4897,2181,1,above-cloud,GCXO,-1519,30,17.8,25,20.2,1019.1,0,0,0,3.3,257,0,0
2024-07-29,28.3299,-16.4897,2181,1,above-cloud,GCXO,-1488,83,11.6,91,1.5,1018.1,33,0,0,5.4,323,0,0
2024-08-07,28.3299,-16.4897,2181,1,above-cloud,GCXO,-1092,52,12.3,32,16.4,1015.7,0,0,0,7.2,243,0,0
2024-08-28,28.3299,-16.4897,2181,1,above-cloud,GCXO,-1244,56,12.8,81,3.2,1018.3,0,39,5,11.9,245,0,0.2
2024-09-07,28.3299,-16.4897,2181,1,above-cloud,GCXO,-726,83,7.4,85,2.4,1013.1,28,0,0,6.5,289,0,0
2024-09-17,28.3299,-16.4897,2181,1,above-cloud,GCXO,-939,82,8.7,88,1.9,1017,74,0,81,9.2,291,0,0
2024-10-22,28.3299,-16.4897,2181,1,above-cloud,GCXO,-848,92,6,97,0.4,1023.9,68,1,0,5.8,275,0,0
2024-12-07,28.3299,-16.4897,2181,1,above-cloud,GCXO,-1092,83,5.5,58,7.6,1028.1,0,64,100,4.9,234,0,0
2024-12-16,28.3299,-16.4897,2181,0,below-cloud,GCXO,2109,48,7,58,7.8,1027,1,20,0,5.5,136,0,0
2025-01-15,28.3299,-16.4897,2181,1,above-cloud,GCXO,-1000,82,2.1,13,25.8,1019.7,4,0,4,2.3,238,0,0
2025-02-01,28.3299,-16.4897,2181,1,above-cloud,GCXO,-1092,88,2,93,0.9,1029.1,64,0,0,5.2,276,0,0
2025-02-17,28.3299,-16.4897,2181,1,above-cloud,GCXO,-939,86,1.5,57,7.7,1016.9,0,0,0,3.5,249,0,0
2025-03-02,28.3299,-16.4897,2181,0,below-cloud,GCXO,1194,70,1.1,98,0.3,1013.2,100,47,0,4,355,0,0.2
2025-03-14,28.3299,-16.4897,2181,1,above-cloud,GCXO,-878,81,-0.7,99,0.2,1015.2,95,2,0,12.2,322,0,0
2025-03-23,28.3299,-16.4897,2181,1,above-cloud,GCXO,-726,82,0.5,100,0,1024.2,98,0,0,11.7,295,0,0
2025-03-31,28.3299,-16.4897,2181,1,above-cloud,GCXO,-787,84,3.3,97,0.5,1013.1,100,2,0,3.4,288,0,0
2025-04-13,28.3299,-16.4897,2181,1,above-cloud,GCXO,-1397,82,2.6,100,0,1018.3,91,0,0,10.8,327,0,0
2025-04-20,28.3299,-16.4897,2181,1,above-cloud,GCXO,-1031,85,1.4,100,0,1021.7,98,0,0,8.1,283,0,0
2025-04-28,28.3299,-16.4897,2181,1,above-cloud,GCXO,-1275,67,5.6,44,11.3,1015,0,0,98,5,240,0,0
2025-05-09,28.3299,-16.4897,2181,1,above-cloud,GCXO,-482,82,3.9,96,0.6,1014.1,100,0,91,3.3,306,0,0
2025-05-19,28.3299,-16.4897,2181,1,above-cloud,GCXO,-787,86,2.2,94,0.9,1021.6,57,0,37,8.3,265,0,0
2025-05-27,28.3299,-16.4897,2181,1,above-cloud,GCXO,-1366,73,6.3,48,10.2,1022.4,0,0,0,5,255,0,0
2025-06-04,28.3299,-16.4897,2181,1,above-cloud,GCXO,-1183,45,7.7,65,6.3,1021.7,2,3,2,12,251,0,0
2025-06-13,28.3299,-16.4897,2181,1,above-cloud,GCXO,-1214,57,7,58,7.6,1020.4,0,0,100,6.7,261,0,0
2025-06-21,28.3299,-16.4897,2181,1,above-cloud,GCXO,-1336,73,9.6,41,12.5,1022.3,0,0,0,7.6,258,0,0
2025-06-29,28.3299,-16.4897,2181,1,above-cloud,GCXO,-1519,28,20.2,15,27.8,1019,0,0,0,3.3,234,0,0
2025-07-07,28.3299,-16.4897,2181,1,above-cloud,GCXO,-1305,42,10.3,52,9.5,1019.2,5,0,0,9.6,258,0,0
2025-07-13,28.3299,-16.4897,2181,1,above-cloud,GCXO,-1244,42,8.4,70,5.1,1020.1,4,0,0,11.9,275,0,0
2025-07-24,28.3299,-16.4897,2181,1,above-cloud,GCXO,-1488,57,10.4,77,3.9,1018.8,32,0,0,11.9,311,0,0
2025-08-04,28.3299,-16.4897,2181,1,above-cloud,GCXO,-1244,48,10.8,34,15.2,1020.5,0,0,0,7.7,233,0,0
2025-08-27,28.3299,-16.4897,2181,1,above-cloud,GCXO,-1092,76,10,56,8.4,1018.6,8,0,0,7.6,270,0,0
2025-09-10,28.3299,-16.4897,2181,1,above-cloud,GCXO,-787,48,6.8,65,6.1,1024,19,0,0,6.5,267,0,0
2025-09-29,28.3299,-16.4897,2181,1,above-cloud,GCXO,-1000,74,6.6,72,4.6,1022,17,0,0,7.6,270,0,0
2025-10-20,28.3299,-16.4897,2181,1,above-cloud,GCXO,-1397,77,7.7,85,2.3,1021.2,1,0,0,4.9,274,0,0
2025-11-17,28.3299,-16.4897,2181,1,above-cloud,GCXO,-817,84,2.9,88,1.9,1024.7,29,0,4,7.6,262,0,0
2025-11-28,28.3299,-16.4897,2181,1,above-cloud,GCXO,-787,97,0.8,100,0,1021.8,92,0,0,3.7,241,0,0
2025-12-10,28.3299,-16.4897,2181,1,above-cloud,GCXO,-635,86,4.1,41,12.1,1025,2,2,90,5.7,314,0,0
2025-12-18,28.3299,-16.4897,2181,1,above-cloud,GCXO,-1092,88,2.1,95,0.7,1025.1,37,0,44,7.3,287,0,0
2026-01-03,28.3299,-16.4897,2181,1,above-cloud,GCXO,-1092,80,1.9,99,0.1,1008.1,96,2,0,9.9,328,0,0
2026-01-10,28.3299,-16.4897,2181,1,above-cloud,GCXO,-787,92,-1.1,96,0.6,1029.4,38,0,0,2.1,250,0,0
2026-01-17,28.3299,-16.4897,2181,1,above-cloud,GCXO,-1153,83,0.2,100,-0.1,1025.1,94,0,0,12.6,317,0,0
2026-01-28,28.3299,-16.4897,2181,1,above-cloud,GCXO,-1458,50,5.3,70,5.1,1022.8,0,0,1,5.6,272,0,0
2026-02-14,28.3299,-16.4897,2181,1,above-cloud,GCXO,-817,81,1,73,4.3,1027.5,26,0,0,6.7,272,0,0
2026-03-03,28.3299,-16.4897,2181,1,above-cloud,GCXO,-726,82,-2.9,100,0.1,1022.1,98,0,0,14.7,324,0,0
2026-03-10,28.3299,-16.4897,2181,1,above-cloud,GCXO,-1183,89,1.1,99,0.1,1025.9,100,0,0,6.7,314,0,0
2026-03-18,28.3299,-16.4897,2181,1,above-cloud,GCXO,-1183,88,1.5,96,0.6,1008.2,100,8,0,2.4,279,0,0
2026-03-28,28.3299,-16.4897,2181,1,above-cloud,GCXO,-1183,74,1.6,66,5.6,1019.7,2,0,0,2.9,266,0,0
2026-04-09,28.3299,-16.4897,2181,1,above-cloud,GCXO,-1153,80,0.4,94,0.9,1019.2,39,10,0,15.9,307,0,0
2026-04-15,28.3299,-16.4897,2181,1,above-cloud,GCXO,-1122,81,2.5,84,2.4,1021.2,64,35,53,5.2,272,0,0
2026-04-28,28.3299,-16.4897,2181,1,above-cloud,GCXO,-1061,85,2.4,91,1.4,1016.8,6,0,0,7.2,271,0,0
2026-05-16,28.3299,-16.4897,2181,1,above-cloud,GCXO,-696,81,2.3,96,0.5,1021.3,99,0,0,8.5,287,0,0
2026-05-29,28.3299,-16.4897,2181,1,above-cloud,GCXO,-1275,45,8.6,52,9.2,1023.3,5,0,0,6.3,268,0,0
2026-06-05,28.3299,-16.4897,2181,1,above-cloud,GCXO,-1488,45,10,50,9.8,1021.1,2,0,0,6.7,289,0,0
2026-06-14,28.3299,-16.4897,2181,1,above-cloud,GCXO,-1275,45,10.4,59,7.7,1020.6,3,0,0,7.8,277,0,0
2026-06-27,28.3299,-16.4897,2181,1,above-cloud,GCXO,-1336,88,8.4,93,1,1022.7,27,0,0,7,280,0,0
2026-07-05,28.3299,-16.4897,2181,1,above-cloud,GCXO,-1488,40,15.9,21,22.6,1019.3,0,0,0,1.8,233,0,0
2026-07-25,28.3299,-16.4897,2181,1,above-cloud,GCXO,-1214,50,12.6,60,7.6,1021.4,9,0,0,7.5,300,0,0
2024-01-21,27.9889,-15.5933,1546,1,above-cloud,GCLP,-302,89,4.3,100,0,1027.7,99,0,0,7,12,0,0
2024-02-24,27.9889,-15.5933,1546,1,above-cloud,GCLP,-302,71,5.2,99,0.2,1025.1,100,0,0,12.6,20,0,0
2024-02-28,27.9889,-15.5933,1546,1,above-cloud,GCLP,-302,84,4.5,100,0,1023.5,88,0,0,10.3,29,0,0
2024-03-05,27.9889,-15.5933,1546,1,above-cloud,GCLP,-302,88,4.6,100,0,1023.1,100,0,0,7.2,18,0,0
2024-04-08,27.9889,-15.5933,1546,1,above-cloud,GCLP,-607,78,5.5,100,0,1021.5,97,0,0,11.5,14,0,0
2024-04-30,27.9889,-15.5933,1546,0,in-cloud,GCLP,-149,90,4.2,98,0.2,1024.1,48,0,0,7.9,357,0,0
2024-05-13,27.9889,-15.5933,1546,1,above-cloud,GCLP,-607,80,9.2,81,3.1,1018.4,65,0,0,8.4,10,0,0
2024-05-17,27.9889,-15.5933,1546,1,above-cloud,GCLP,-454,86,6.8,100,0,1017.5,100,0,2,7.9,16,0,0
2024-05-21,27.9889,-15.5933,1546,1,above-cloud,GCLP,-302,86,5.6,96,0.6,1022,22,0,0,6.8,18,0,0
2024-06-04,27.9889,-15.5933,1546,1,above-cloud,GCLP,-454,83,8.7,99,0.2,1018.6,100,0,0,7.8,347,0,0
2024-06-13,27.9889,-15.5933,1546,1,above-cloud,GCLP,-454,83,8.1,100,0,1021.6,100,3,94,7.5,35,0,0
2024-06-21,27.9889,-15.5933,1546,1,above-cloud,GCLP,-454,88,7.5,100,0,1021.8,100,0,0,8,8,0,0
2024-06-30,27.9889,-15.5933,1546,1,above-cloud,GCLP,-911,60,12.2,61,7.3,1018.8,24,0,0,2.4,333,0,0
2024-07-06,27.9889,-15.5933,1546,1,above-cloud,GCLP,-972,47,12.5,55,8.8,1017.1,14,0,0,5,21,0,0
2024-07-22,27.9889,-15.5933,1546,1,above-cloud,GCLP,-850,60,16.2,61,7.6,1016.1,35,0,0,4.5,61,0,0
2024-08-09,27.9889,-15.5933,1546,1,above-cloud,GCLP,-881,40,15,44,12,1016.5,1,5,0,3.8,17,0,0
2024-08-31,27.9889,-15.5933,1546,1,above-cloud,GCLP,-393,87,9.7,100,0,1016.9,100,0,0,6.1,28,0,0
2024-09-04,27.9889,-15.5933,1546,1,above-cloud,GCLP,-454,82,11.2,100,0,1017.4,100,0,0,7,35,0,0
2024-09-24,27.9889,-15.5933,1546,1,above-cloud,GCLP,-911,82,8.1,96,0.5,1019.3,1,0,0,4.2,31,0,0
2024-10-06,27.9889,-15.5933,1546,1,above-cloud,GCLP,-1033,50,16.2,49,10.6,1016.4,1,0,0,2.9,79,0,0
2024-10-17,27.9889,-15.5933,1546,1,above-cloud,GCLP,-850,79,11.5,100,0,1024.5,100,56,100,6.6,33,0,2.1
2024-10-29,27.9889,-15.5933,1546,0,in-cloud,GCLP,3,83,6.7,100,0,1019,100,18,0,6,16,0,0
2024-12-09,27.9889,-15.5933,1546,0,in-cloud,GCLP,-149,80,7.2,100,0,1021.9,100,0,100,7.8,23,0,0
2024-12-14,27.9889,-15.5933,1546,1,above-cloud,GCLP,-546,91,4.9,100,0,1020.8,50,0,100,5.6,73,0,0
2025-01-18,27.9889,-15.5933,1546,0,in-cloud,GCLP,-149,91,2.7,100,0,1026,100,0,2,6.3,347,0,0
2025-01-30,27.9889,-15.5933,1546,1,above-cloud,GCLP,-454,76,6.2,100,0,1029.1,98,0,0,12,16,0,0
2025-02-03,27.9889,-15.5933,1546,1,above-cloud,GCLP,-607,74,5.4,100,0.1,1024.1,100,0,0,9.4,26,0,0.1
2025-02-21,27.9889,-15.5933,1546,1,above-cloud,GCLP,-911,71,6.3,62,6.9,1023.3,0,0,0,2.3,238,0,0
2025-03-02,27.9889,-15.5933,1546,0,below-cloud,GCLP,917,94,2.7,100,0,1013.5,100,100,5,2.1,322,0,0
2025-03-22,27.9889,-15.5933,1546,1,above-cloud,GCLP,-302,79,5.1,98,0.4,1023.3,100,0,1,9.2,21,0,0
2025-03-26,27.9889,-15.5933,1546,0,in-cloud,GCLP,-149,77,4.3,99,0.2,1022.6,100,0,0,9.3,19,0,0
2025-04-15,27.9889,-15.5933,1546,1,above-cloud,GCLP,-454,80,5.7,100,0,1020.2,100,0,0,8.9,6,0,0
2025-04-20,27.9889,-15.5933,1546,1,above-cloud,GCLP,-454,77,5.4,96,0.5,1020.8,100,0,0,11.7,23,0,0
2025-04-25,27.9889,-15.5933,1546,1,above-cloud,GCLP,-302,82,7.5,100,0,1019.5,100,0,0,7.6,22,0,0
2025-05-06,27.9889,-15.5933,1546,1,above-cloud,GCLP,-607,68,6.3,83,2.6,1016.7,0,90,85,2.1,329,0,0
2025-05-22,27.9889,-15.5933,1546,1,above-cloud,GCLP,-607,91,9.2,96,0.7,1021,71,0,50,7.3,25,0,0
2025-05-28,27.9889,-15.5933,1546,1,above-cloud,GCLP,-759,65,9.9,71,5.1,1020.9,24,0,0,6.3,35,0,0
2025-06-07,27.9889,-15.5933,1546,1,above-cloud,GCLP,-759,54,11.9,39,13.7,1018.7,0,0,0,1,292,0,0
2025-06-17,27.9889,-15.5933,1546,1,above-cloud,GCLP,-759,76,9.3,89,1.8,1020,0,9,52,0.2,360,0,0
2025-07-07,27.9889,-15.5933,1546,1,above-cloud,GCLP,-729,75,11.3,98,0.3,1018.4,100,0,0,10.8,30,0,0
2025-07-13,27.9889,-15.5933,1546,1,above-cloud,GCLP,-454,75,10.7,99,0.1,1019,100,0,0,11.2,24,0,0
2025-08-03,27.9889,-15.5933,1546,1,above-cloud,GCLP,-546,87,13,88,2,1018.8,61,0,0,1.9,29,0,0
2025-08-27,27.9889,-15.5933,1546,1,above-cloud,GCLP,-454,92,12.3,96,0.6,1017.7,95,0,0,6.1,47,0,0
2025-09-09,27.9889,-15.5933,1546,1,above-cloud,GCLP,-607,79,14.1,92,1.3,1021.4,100,0,74,5.4,14,0,0
2025-09-24,27.9889,-15.5933,1546,0,in-cloud,GCLP,3,87,9.2,95,0.8,1020.2,100,0,0,7.8,19,0,0.1
2025-10-06,27.9889,-15.5933,1546,1,above-cloud,GCLP,-607,71,10.5,86,2.2,1020.8,38,0,0,11.2,12,0,0
2025-10-11,27.9889,-15.5933,1546,1,above-cloud,GCLP,-241,92,9.5,99,0.2,1019.7,100,0,0,7.6,12,0,0
2025-10-23,27.9889,-15.5933,1546,1,above-cloud,GCLP,-607,91,11.8,91,1.4,1020.1,45,0,0,5.8,16,0,0
2025-11-08,27.9889,-15.5933,1546,1,above-cloud,GCLP,-607,82,9,100,0,1021.3,100,0,0,11.2,30,0,0
2025-11-26,27.9889,-15.5933,1546,1,above-cloud,GCLP,-607,83,6.6,100,0,1022.3,100,5,100,6.9,355,0,0
2025-12-03,27.9889,-15.5933,1546,1,above-cloud,GCLP,-454,88,5.3,100,-0.1,1024.6,93,0,0,9,26,0,0
2025-12-14,27.9889,-15.5933,1546,0,in-cloud,GCLP,-149,81,3.7,100,0,1015.8,100,9,1,6.1,34,0,0.1
2025-12-19,27.9889,-15.5933,1546,1,above-cloud,GCLP,-302,82,6.6,100,0,1023.7,100,0,0,6.3,353,0,0
2025-12-23,27.9889,-15.5933,1546,1,above-cloud,GCLP,-271,91,3.8,100,0,1022.7,100,0,0,6.9,25,0,0
2026-01-07,27.9889,-15.5933,1546,0,below-cloud,GCLP,155,75,2.7,100,0,1027.7,98,0,0,11.1,20,0,0
2026-01-14,27.9889,-15.5933,1546,0,below-cloud,GCLP,308,76,3.2,100,0.1,1023.4,100,0,0,9.1,15,0,0.1
2026-01-18,27.9889,-15.5933,1546,0,below-cloud,GCLP,155,58,5.7,100,0,1017.7,100,87,0,17.8,332,0,0.3
2026-01-24,27.9889,-15.5933,1546,0,in-cloud,GCLP,-149,86,4.3,100,0,1026.3,100,0,9,9.8,30,0,0
2026-02-12,27.9889,-15.5933,1546,1,above-cloud,GCLP,-972,51,10.2,54,8.9,1024.1,0,0,0,1.4,337,0,0
2026-02-27,27.9889,-15.5933,1546,1,above-cloud,GCLP,-607,72,6.9,100,0,1018.6,100,1,0,17.7,38,0,0
2026-03-07,27.9889,-15.5933,1546,1,above-cloud,GCLP,-332,71,2.8,100,0,1022.3,100,0,0,10.2,23,0,0.1
2026-03-11,27.9889,-15.5933,1546,0,in-cloud,GCLP,-149,72,3.6,100,0,1021.7,100,0,0,11.9,29,0,0.2
2026-03-24,27.9889,-15.5933,1546,1,above-cloud,GCLP,-911,83,5.9,100,0,1009.6,100,21,10,13.1,103,0,0.9
2026-04-12,27.9889,-15.5933,1546,1,above-cloud,GCLP,-607,59,5.1,100,0,1021.8,100,0,0,14.4,23,0,0.2
2026-04-17,27.9889,-15.5933,1546,1,above-cloud,GCLP,-1003,25,11.8,35,15,1014.6,0,0,100,1.7,58,0,0
2026-04-25,27.9889,-15.5933,1546,1,above-cloud,GCLP,-454,82,6.9,100,0,1017,100,0,0,10.8,24,0,0
2026-05-06,27.9889,-15.5933,1546,1,above-cloud,GCLP,-698,80,8.3,80,3.3,1014.5,13,0,0,6.4,27,0,0
2026-05-16,27.9889,-15.5933,1546,0,in-cloud,GCLP,-149,80,5.9,100,0,1020.2,100,0,0,10.4,34,0,0.2
2026-05-29,27.9889,-15.5933,1546,1,above-cloud,GCLP,-698,61,10.2,71,5,1022.6,43,0,0,9.9,15,0,0
2026-06-05,27.9889,-15.5933,1546,1,above-cloud,GCLP,-911,73,10.7,87,2.1,1020,59,0,0,13.5,16,0,0
2026-06-12,27.9889,-15.5933,1546,1,above-cloud,GCLP,-911,34,15.9,31,17,1017.6,0,0,0,0.9,307,0,0
2026-06-17,27.9889,-15.5933,1546,1,above-cloud,GCLP,-607,82,10.2,90,1.5,1020.7,88,0,0,9.2,11,0,0
2024-01-21,28.0391,-15.6187,1524,1,above-cloud,GCLP,-280,79,5.6,99,0.1,1027.7,88,0,0,13.8,51,0,0
2024-02-24,28.0391,-15.6187,1524,1,above-cloud,GCLP,-280,71,5.6,99,0.2,1025.7,100,0,0,18.4,39,0,0.1
2024-02-28,28.0391,-15.6187,1524,1,above-cloud,GCLP,-280,80,5.2,98,0.3,1023.9,53,0,0,17.8,48,0,0
2024-03-05,28.0391,-15.6187,1524,1,above-cloud,GCLP,-280,74,5.6,100,0,1023.2,100,0,0,11.1,61,0,0
2024-04-08,28.0391,-15.6187,1524,1,above-cloud,GCLP,-585,80,6.3,98,0.3,1022.1,86,0,0,13.3,19,0,0
2024-04-30,28.0391,-15.6187,1524,0,in-cloud,GCLP,-127,76,5.3,91,1.4,1024.2,55,0,0,13.9,37,0,0
2024-05-13,28.0391,-15.6187,1524,1,above-cloud,GCLP,-585,76,8.4,100,0,1019.3,100,0,0,12.8,52,0,0
2024-05-17,28.0391,-15.6187,1524,1,above-cloud,GCLP,-432,77,7.4,100,0,1017.7,100,0,5,8.7,52,0,0
2024-05-21,28.0391,-15.6187,1524,1,above-cloud,GCLP,-280,79,6.5,91,1.3,1022,61,0,0,10.4,34,0,0
2024-06-04,28.0391,-15.6187,1524,1,above-cloud,GCLP,-432,79,8.6,99,0.1,1019,100,0,0,9.5,11,0,0
2024-06-13,28.0391,-15.6187,1524,1,above-cloud,GCLP,-432,71,8.4,99,0.1,1021.8,100,1,89,12.2,45,0,0
2024-06-21,28.0391,-15.6187,1524,1,above-cloud,GCLP,-432,77,7.9,100,0,1022.2,98,0,0,12,46,0,0
2024-06-30,28.0391,-15.6187,1524,1,above-cloud,GCLP,-889,70,10.7,90,1.6,1019.3,100,0,0,8.6,68,0,0
2024-07-06,28.0391,-15.6187,1524,1,above-cloud,GCLP,-950,66,12.2,78,3.8,1018,45,0,0,10.5,68,0,0
2024-07-22,28.0391,-15.6187,1524,1,above-cloud,GCLP,-828,71,14.1,95,0.8,1016.8,100,0,0,11.8,63,0,0
2024-08-09,28.0391,-15.6187,1524,1,above-cloud,GCLP,-859,57,14.3,67,6,1017.6,15,2,0,8.5,78,0,0
2024-08-31,28.0391,-15.6187,1524,1,above-cloud,GCLP,-371,80,10.1,100,0,1017,100,0,0,10.2,42,0,0
2024-09-04,28.0391,-15.6187,1524,1,above-cloud,GCLP,-432,71,11.3,100,0,1017.5,100,0,0,13.2,43,0,0.2
2024-09-24,28.0391,-15.6187,1524,1,above-cloud,GCLP,-889,76,9,98,0.3,1019.3,4,0,0,8.3,88,0,0
2024-10-06,28.0391,-15.6187,1524,1,above-cloud,GCLP,-1011,48,13.6,53,9.4,1016.4,0,0,0,4.3,107,0,0
2024-10-17,28.0391,-15.6187,1524,1,above-cloud,GCLP,-828,82,11.7,100,0,1024.4,100,26,100,12.2,64,0,1.4
2024-10-29,28.0391,-15.6187,1524,0,in-cloud,GCLP,25,85,7.8,100,0,1019.1,98,12,0,7.2,39,0,0.2
2024-12-09,28.0391,-15.6187,1524,0,in-cloud,GCLP,-127,72,7.7,100,0,1022,100,0,100,11.8,40,0,0.1
2024-12-14,28.0391,-15.6187,1524,1,above-cloud,GCLP,-524,87,5.1,93,1,1020.3,39,0,100,4.6,141,0,0
2025-01-18,28.0391,-15.6187,1524,0,in-cloud,GCLP,-127,90,3.8,100,0,1026.1,99,0,7,6.5,42,0,0
2025-01-30,28.0391,-15.6187,1524,1,above-cloud,GCLP,-432,81,6.9,100,0.1,1029.5,66,0,0,18.7,41,0,0
2025-02-03,28.0391,-15.6187,1524,1,above-cloud,GCLP,-585,74,6.3,99,0.1,1024.2,99,0,0,15,37,0,0.4
2025-02-21,28.0391,-15.6187,1524,1,above-cloud,GCLP,-889,69,5.8,60,7.2,1023.3,0,0,0,2.6,141,0,0
2025-03-02,28.0391,-15.6187,1524,0,below-cloud,GCLP,939,87,3.7,100,0.1,1013.2,100,100,0,5.1,184,0,0
2025-03-22,28.0391,-15.6187,1524,1,above-cloud,GCLP,-280,78,5.4,100,0,1023.5,100,0,2,14.4,31,0,0.1
2025-03-26,28.0391,-15.6187,1524,0,in-cloud,GCLP,-127,80,4.3,100,0,1023,98,0,0,12.7,32,0,0.1
2025-04-15,28.0391,-15.6187,1524,1,above-cloud,GCLP,-432,82,6.3,100,0,1020.7,94,0,0,9.7,24,0,0
2025-04-20,28.0391,-15.6187,1524,1,above-cloud,GCLP,-432,77,5.5,99,0.2,1021.3,99,0,0,17.1,40,0,0.1
2025-04-25,28.0391,-15.6187,1524,1,above-cloud,GCLP,-280,71,7.8,100,0.1,1019.7,100,0,0,12.9,35,0,0.1
2025-05-06,28.0391,-15.6187,1524,1,above-cloud,GCLP,-585,76,7.2,75,4.2,1016.3,0,87,59,3.6,120,0,0
2025-05-22,28.0391,-15.6187,1524,1,above-cloud,GCLP,-585,72,9.1,100,0,1021.5,100,0,29,11.6,51,0,0
2025-05-28,28.0391,-15.6187,1524,1,above-cloud,GCLP,-737,83,8.7,100,0,1021.8,99,0,0,9.8,50,0,0
2025-06-07,28.0391,-15.6187,1524,1,above-cloud,GCLP,-737,87,10.2,85,2.5,1019.2,46,0,0,4.4,69,0,0
2025-06-17,28.0391,-15.6187,1524,1,above-cloud,GCLP,-737,70,8.6,63,6.5,1020,0,10,24,3.6,108,0,0
2025-07-07,28.0391,-15.6187,1524,1,above-cloud,GCLP,-707,73,10.6,100,0,1019.1,100,0,0,15.2,40,0,0
2025-07-13,28.0391,-15.6187,1524,1,above-cloud,GCLP,-432,78,10.6,100,0.1,1019.4,100,0,0,16.1,35,0,0
2025-08-03,28.0391,-15.6187,1524,1,above-cloud,GCLP,-524,82,12.5,100,0,1018.8,100,0,0,7.3,46,0,0
2025-08-27,28.0391,-15.6187,1524,1,above-cloud,GCLP,-432,72,12.1,100,0,1017.7,100,0,0,12.5,46,0,0
2025-09-09,28.0391,-15.6187,1524,1,above-cloud,GCLP,-585,71,13.1,99,0.2,1021.8,100,0,81,13.2,61,0,0
2025-09-24,28.0391,-15.6187,1524,0,in-cloud,GCLP,25,82,9.5,99,0.2,1020.1,86,0,0,10.9,22,0,0.1
2025-10-06,28.0391,-15.6187,1524,1,above-cloud,GCLP,-585,80,10.4,92,1.2,1021.3,57,0,0,9.5,54,0,0
2025-10-11,28.0391,-15.6187,1524,1,above-cloud,GCLP,-219,77,9.6,100,0,1019.7,99,0,0,10.4,32,0,0
2025-10-23,28.0391,-15.6187,1524,1,above-cloud,GCLP,-585,92,12,99,0.1,1020.4,100,0,0,6.2,78,0,0
2025-11-08,28.0391,-15.6187,1524,1,above-cloud,GCLP,-585,82,9.6,97,0.4,1021.5,92,0,0,14.6,39,0,0
2025-11-26,28.0391,-15.6187,1524,1,above-cloud,GCLP,-585,88,7.3,100,-0.1,1022.4,98,0,98,8.6,41,0,0
2025-12-03,28.0391,-15.6187,1524,1,above-cloud,GCLP,-432,81,6.6,99,0.2,1024.5,49,0,0,11.4,61,0,0
2025-12-14,28.0391,-15.6187,1524,0,in-cloud,GCLP,-127,81,5.1,100,0,1015.8,100,16,3,6.6,41,0,0.1
2025-12-19,28.0391,-15.6187,1524,1,above-cloud,GCLP,-280,81,7.1,99,0.2,1023.9,100,0,0,10.4,9,0,0.3
2025-12-23,28.0391,-15.6187,1524,1,above-cloud,GCLP,-249,82,5,100,0,1022.5,97,0,0,9.6,57,0,0
2026-01-07,28.0391,-15.6187,1524,0,below-cloud,GCLP,177,79,3.6,99,0.1,1028,80,0,0,18.2,35,0,0.1
2026-01-14,28.0391,-15.6187,1524,0,below-cloud,GCLP,330,79,4.4,100,0,1023.4,91,0,0,14.7,25,0,0.1
2026-01-18,28.0391,-15.6187,1524,0,below-cloud,GCLP,177,63,6.3,99,0.1,1017.8,100,100,0,15,333,0,0.3
2026-01-24,28.0391,-15.6187,1524,0,in-cloud,GCLP,-127,80,5,100,0,1026.4,95,0,2,13,27,0,0.1
2026-02-12,28.0391,-15.6187,1524,1,above-cloud,GCLP,-950,75,9.5,63,6.8,1024.1,0,0,0,3.4,137,0,0
2026-02-27,28.0391,-15.6187,1524,1,above-cloud,GCLP,-585,71,7.1,100,0,1019.2,100,0,0,20,49,0,0.1
2026-03-07,28.0391,-15.6187,1524,1,above-cloud,GCLP,-310,78,3.3,99,0.1,1022.5,95,0,0,17.9,41,0,0.1
2026-03-11,28.0391,-15.6187,1524,0,in-cloud,GCLP,-127,60,4.5,99,0.1,1022.1,100,0,0,20.1,38,0,0.4
2026-03-24,28.0391,-15.6187,1524,1,above-cloud,GCLP,-889,79,6.5,99,0.2,1009.1,100,2,11,5.9,135,0,0.2
2026-04-12,28.0391,-15.6187,1524,1,above-cloud,GCLP,-585,60,5.9,96,0.6,1022.3,100,0,0,17,31,0,0.5
2026-04-17,28.0391,-15.6187,1524,1,above-cloud,GCLP,-981,27,10.6,40,13,1014.6,1,0,99,5.8,120,0,0
2026-04-25,28.0391,-15.6187,1524,1,above-cloud,GCLP,-432,72,7.4,98,0.3,1017.3,100,0,0,12.5,41,0,0
2026-05-06,28.0391,-15.6187,1524,1,above-cloud,GCLP,-676,71,8.2,88,2,1014.6,21,0,0,6,73,0,0
2026-05-16,28.0391,-15.6187,1524,0,in-cloud,GCLP,-127,74,6.1,100,0,1020.7,100,0,0,15.9,35,0,0.4
2026-05-29,28.0391,-15.6187,1524,1,above-cloud,GCLP,-676,82,9.1,92,1.3,1023.4,68,0,0,12.6,43,0,0
2026-06-05,28.0391,-15.6187,1524,1,above-cloud,GCLP,-889,71,9.5,99,0.2,1021,100,0,0,14.3,41,0,0
2026-06-12,28.0391,-15.6187,1524,1,above-cloud,GCLP,-889,49,13.6,54,9.2,1018,0,0,0,2.1,70,0,0
2026-06-17,28.0391,-15.6187,1524,1,above-cloud,GCLP,-585,82,9.5,97,0.4,1021.2,100,0,0,11.4,31,0,0
2024-01-03,45.1899,5.9355,1730,0,below-cloud,LFLB,1069,72,-1.4,73,4.2,1014.2,62,0,92,4.1,128,0,0
2024-01-10,45.1899,5.9355,1730,1,above-cloud,LFLB,-851,76,-6,81,2.8,1021.7,8,100,100,4.1,105,0,0.1
2024-01-17,45.1899,5.9355,1730,0,below-cloud,LFLB,886,67,2.9,84,2.4,999.1,91,57,100,6.4,133,0,1.7
2024-02-01,45.1899,5.9355,1730,1,above-cloud,LFLB,-272,73,-2.2,78,3.4,1033.6,3,1,100,6.8,58,0,0
2024-02-10,45.1899,5.9355,1730,1,above-cloud,LFLB,-790,78,0.4,89,1.7,986.2,13,99,100,5.4,98,0,0.2
2024-02-20,45.1899,5.9355,1730,1,above-cloud,LFLB,-211,76,-1.2,85,2.2,1030.8,100,83,11,7,21,0,0.2
2024-03-01,45.1899,5.9355,1730,0,in-cloud,LFLB,-58,70,-0.7,99,0.1,1009.9,100,58,100,6.7,306,0,0.6
2024-03-11,45.1899,5.9355,1730,0,below-cloud,LFLB,155,85,-9.1,89,1.5,1004.1,64,29,68,2.3,108,0,0
2024-03-23,45.1899,5.9355,1730,0,below-cloud,LFLB,643,79,3.6,78,3.4,1016.2,94,93,26,6.4,243,0,0
2024-04-09,45.1899,5.9355,1730,1,above-cloud,LFLB,-394,81,2.7,100,0.1,1015.9,100,100,100,2.9,97,0,2.7
2024-04-23,45.1899,5.9355,1730,1,above-cloud,LFLB,-424,70,-6.2,96,0.5,1014.7,100,98,0,4.7,351,0,0
2024-05-02,45.1899,5.9355,1730,1,above-cloud,LFLB,-607,76,3.2,90,1.5,1002.8,100,100,87,1.8,169,0,0.3
2024-05-15,45.1899,5.9355,1730,0,below-cloud,LFLB,886,88,4.1,97,0.5,1005.8,100,99,6,3.2,117,0,0.4
2024-05-25,45.1899,5.9355,1730,1,above-cloud,LFLB,-942,89,-0.6,93,1,1018.7,97,0,0,3.8,107,0,0
2024-06-03,45.1899,5.9355,1730,1,above-cloud,LFLB,-241,87,4.6,92,1.1,1017.2,100,1,2,3.7,101,0,0
2024-06-22,45.1899,5.9355,1730,0,below-cloud,LFLB,460,89,8,88,1.9,1019.4,21,0,15,3.5,66,0,0
2024-07-07,45.1899,5.9355,1730,1,above-cloud,LFLB,-912,81,9.7,100,0,1014.4,100,100,47,2.4,297,0,0.5
2024-08-15,45.1899,5.9355,1730,1,above-cloud,LFLB,-973,71,11.2,84,2.6,1019,3,20,72,2.3,108,0,0
2024-09-04,45.1899,5.9355,1730,0,below-cloud,LFLB,1862,77,10,89,1.7,1017.7,5,100,2,2.6,106,0,0
2024-09-13,45.1899,5.9355,1730,0,below-cloud,LFLB,216,75,-1.5,99,0.1,1019.5,100,25,0,5.9,346,0,0.1
2024-09-26,45.1899,5.9355,1730,0,below-cloud,LFLB,1069,83,6.2,96,0.6,1006.8,70,100,57,6,134,0,1.5
2024-10-04,45.1899,5.9355,1730,1,above-cloud,LFLB,-394,74,1.1,98,0.3,1011.7,100,3,34,5.8,355,0,0
2024-10-13,45.1899,5.9355,1730,1,above-cloud,LFLB,-211,82,7.5,84,2.4,1019.8,98,28,5,3.6,153,0,0.1
2024-10-23,45.1899,5.9355,1730,1,above-cloud,LFLB,-333,93,3.1,96,0.6,1029,28,0,0,1.1,108,0,0
2024-11-01,45.1899,5.9355,1730,1,above-cloud,LFLB,-1278,86,2.3,82,2.8,1025.5,0,0,0,3.6,93,0,0
2024-11-10,45.1899,5.9355,1730,1,above-cloud,LFLB,-1064,63,1.2,72,4.4,1023,0,33,0,5.1,80,0,0
2024-11-18,45.1899,5.9355,1730,0,below-cloud,LFLB,216,77,-1.8,85,2.2,1019.2,32,0,26,3.1,40,0,0
2024-11-29,45.1899,5.9355,1730,1,above-cloud,LFLB,-455,88,-2.2,78,3.3,1022.3,20,0,0,4,111,0,0
2024-12-09,45.1899,5.9355,1730,1,above-cloud,LFLB,-668,73,-7.5,81,2.7,1010.5,11,51,85,2.3,113,0,0
2024-12-16,45.1899,5.9355,1730,1,above-cloud,LFLB,-1339,51,-2.6,45,10.4,1035.3,0,0,0,1,112,0,0
2024-12-25,45.1899,5.9355,1730,1,above-cloud,LFLB,-668,50,-6.6,60,6.4,1028,0,0,0,3.1,97,0,0
2025-01-05,45.1899,5.9355,1730,0,below-cloud,LFLB,1252,62,3.7,82,2.8,1010.7,14,27,38,2.8,169,0,0
2025-01-12,45.1899,5.9355,1730,1,above-cloud,LFLB,-394,76,-9.8,82,2.6,1029.8,100,0,0,5.5,52,0,0
2025-01-23,45.1899,5.9355,1730,1,above-cloud,LFLB,-241,71,0.6,100,0,1012,100,86,0,3.3,216,0,2.1
2025-02-03,45.1899,5.9355,1730,1,above-cloud,LFLB,-912,49,-7.4,54,7.7,1021.2,0,0,0,2.7,110,0,0
2025-02-12,45.1899,5.9355,1730,1,above-cloud,LFLB,-1339,88,-4.5,88,1.7,1018.1,79,10,0,3.4,108,0,0
2025-02-25,45.1899,5.9355,1730,0,below-cloud,LFLB,643,80,0.3,51,9.1,1017.6,60,100,99,1.3,146,0,0
2025-03-14,45.1899,5.9355,1730,0,below-cloud,LFLB,582,76,-7.6,80,2.8,1000.2,8,98,100,1.8,90,0,0
2025-03-26,45.1899,5.9355,1730,0,in-cloud,LFLB,-58,81,0.5,92,1.2,1019.1,100,0,0,2.4,36,0,0
2025-04-16,45.1899,5.9355,1730,1,above-cloud,LFLB,-241,69,2.3,92,1.1,1006.2,100,100,100,3,194,0,0.8
2025-04-28,45.1899,5.9355,1730,1,above-cloud,LFLB,-1278,96,0.2,86,2.1,1022.2,3,14,0,3,104,0,0
2025-05-09,45.1899,5.9355,1730,1,above-cloud,LFLB,-333,93,1.2,96,0.5,1013.4,61,5,5,2.4,117,0,0
2025-05-26,45.1899,5.9355,1730,0,in-cloud,LFLB,94,90,6.2,91,1.4,1020.4,21,54,92,2.8,320,0,0
2025-07-13,45.1899,5.9355,1730,0,below-cloud,LFLB,1130,73,9.2,86,2.2,1015.7,12,31,0,2.3,67,0,0
2025-07-28,45.1899,5.9355,1730,0,in-cloud,LFLB,-28,88,6.2,100,0,1014.9,100,90,0,7.2,335,0,0.6
2025-09-01,45.1899,5.9355,1730,0,below-cloud,LFLB,338,83,9.9,97,0.4,1011.5,100,100,100,1.5,306,0,0.6
2025-09-12,45.1899,5.9355,1730,0,below-cloud,LFLB,155,89,6.2,90,1.4,1021.1,84,0,0,0.6,34,0,0
2025-09-26,45.1899,5.9355,1730,0,below-cloud,LFLB,704,89,-0.5,94,0.8,1018.9,94,54,97,1.2,117,0,0
2025-10-05,45.1899,5.9355,1730,0,in-cloud,LFLB,33,89,-0.3,100,0,1021.3,100,9,0,6.1,328,0,0.6
2025-10-14,45.1899,5.9355,1730,1,above-cloud,LFLB,-699,88,3.6,92,1.3,1020.5,100,0,0,4.6,108,0,0
2025-10-22,45.1899,5.9355,1730,0,below-cloud,LFLB,155,81,6,94,0.8,1007.6,100,100,100,4.1,195,0,1.4
2025-10-30,45.1899,5.9355,1730,1,above-cloud,LFLB,-485,92,3.8,92,1.2,1011.3,53,5,0,1.1,90,0,0
2025-11-17,45.1899,5.9355,1730,0,in-cloud,LFLB,-150,80,1.3,99,0.1,1010.8,100,45,22,0.9,270,0,0.3
2025-11-26,45.1899,5.9355,1730,1,above-cloud,LFLB,-516,78,-5.7,96,0.5,1015.3,100,61,2,5.2,360,0,0.7
2025-12-08,45.1899,5.9355,1730,0,below-cloud,LFLB,277,89,0.1,88,1.7,1021.1,99,0,0,4.9,100,0,0
2025-12-27,45.1899,5.9355,1730,1,above-cloud,LFLB,-881,55,-5.4,78,3.2,1024.2,2,0,0,5.9,101,0,0
2026-01-07,45.1899,5.9355,1730,1,above-cloud,LFLB,-302,71,-10.8,36,12.3,1018.5,7,0,0,3.9,53,0,0
2026-01-23,45.1899,5.9355,1730,1,above-cloud,LFLB,-1308,73,-1.9,81,2.8,996,100,8,95,3.1,130,0,0
2026-02-01,45.1899,5.9355,1730,0,in-cloud,LFLB,94,83,-7,83,2.5,1011.2,82,2,19,2.4,103,0,0
2026-02-10,45.1899,5.9355,1730,0,in-cloud,LFLB,33,68,-2.2,89,1.5,1004.7,100,80,35,4.7,148,0,1.1
2026-02-17,45.1899,5.9355,1730,1,above-cloud,LFLB,-302,64,-6.7,83,2.3,1015.3,100,97,0,4.1,322,0,1.5
2026-03-01,45.1899,5.9355,1730,0,below-cloud,LFLB,1191,90,-1.8,93,1,1025.5,49,91,73,2.8,101,0,0
2026-03-22,45.1899,5.9355,1730,0,below-cloud,LFLB,216,69,-2,91,1.2,1011.3,98,100,0,1,239,0,0.4
2026-04-01,45.1899,5.9355,1730,1,above-cloud,LFLB,-302,78,-7.6,88,1.6,1023,100,0,0,6.4,45,0,0
2026-04-29,45.1899,5.9355,1730,1,above-cloud,LFLB,-607,97,0.3,100,0,1014.9,100,0,63,2.9,97,0,0
2026-05-15,45.1899,5.9355,1730,1,above-cloud,LFLB,-607,77,-1.9,97,0.4,1001.9,100,96,63,4.2,250,0,0.8
2024-01-03,45.31,5.86,1696,0,below-cloud,LFLB,1103,62,-1.6,74,4.1,1013.8,37,0,86,8.4,170,0,0
2024-01-10,45.31,5.86,1696,1,above-cloud,LFLB,-817,70,-5.4,79,3,1021.5,19,100,100,3.2,117,0,0.1
2024-01-17,45.31,5.86,1696,0,below-cloud,LFLB,920,67,4.1,82,2.8,998.3,83,44,100,8.2,151,0,2.1
2024-02-01,45.31,5.86,1696,1,above-cloud,LFLB,-238,75,1.2,76,3.7,1033.9,0,17,100,5.2,56,0,0
2024-02-10,45.31,5.86,1696,1,above-cloud,LFLB,-756,82,0,96,0.6,986,44,96,100,6.1,118,0,0.1
2024-02-20,45.31,5.86,1696,1,above-cloud,LFLB,-177,79,-2.3,94,0.9,1031.9,100,76,26,6.7,54,0,0.5
2024-03-01,45.31,5.86,1696,0,in-cloud,LFLB,-24,68,-0.6,100,0.1,1010.2,100,74,100,7.7,332,0,0.8
2024-03-11,45.31,5.86,1696,0,below-cloud,LFLB,189,83,-6.6,85,2.1,1004,29,19,77,2.7,113,0,0
2024-03-23,45.31,5.86,1696,0,below-cloud,LFLB,677,74,5.9,70,5.1,1016,95,94,25,6.6,241,0,0
2024-04-09,45.31,5.86,1696,1,above-cloud,LFLB,-360,76,2.4,99,0.1,1016.5,100,100,100,3.7,79,0,3.6
2024-04-23,45.31,5.86,1696,1,above-cloud,LFLB,-390,70,-6,97,0.5,1014.9,100,99,0,5.9,11,0,0.1
2024-05-02,45.31,5.86,1696,1,above-cloud,LFLB,-573,65,2.6,93,0.9,1002.7,100,100,80,3.4,198,0,0.2
2024-05-15,45.31,5.86,1696,0,below-cloud,LFLB,920,90,4.2,95,0.7,1005.9,100,99,10,3.9,124,0,0.2
2024-05-25,45.31,5.86,1696,1,above-cloud,LFLB,-908,92,0.2,90,1.4,1018.4,72,0,0,1.1,108,0,0
2024-06-03,45.31,5.86,1696,1,above-cloud,LFLB,-207,83,5.5,95,0.7,1017.3,100,4,0,2.6,106,0,0.1
2024-06-22,45.31,5.86,1696,0,below-cloud,LFLB,494,88,7.3,90,1.5,1019.3,25,2,15,3.6,84,0,0
2024-07-07,45.31,5.86,1696,1,above-cloud,LFLB,-878,83,9.7,100,0,1014.6,100,81,59,3.4,328,0,0.7
2024-08-15,45.31,5.86,1696,1,above-cloud,LFLB,-939,71,11.9,82,3,1018.9,1,6,87,2.4,117,0,0
2024-09-04,45.31,5.86,1696,0,below-cloud,LFLB,1896,77,10.3,92,1.2,1017.7,1,94,1,3.1,111,0,0
2024-09-13,45.31,5.86,1696,0,below-cloud,LFLB,250,69,-1.3,100,0.1,1019.7,100,27,0,6.5,357,0,0.1
2024-09-26,45.31,5.86,1696,0,below-cloud,LFLB,1103,79,6.9,96,0.6,1006.5,100,100,67,5.4,138,0,0.6
2024-10-04,45.31,5.86,1696,1,above-cloud,LFLB,-360,71,1.1,99,0.1,1012,100,7,57,6.8,358,0,0
2024-10-13,45.31,5.86,1696,1,above-cloud,LFLB,-177,89,5.9,95,0.7,1019.7,95,34,7,7.3,197,0,0.1
2024-10-23,45.31,5.86,1696,1,above-cloud,LFLB,-299,95,4.4,95,0.8,1029.1,30,0,0,1.9,107,0,0
2024-11-01,45.31,5.86,1696,1,above-cloud,LFLB,-1244,58,10.1,60,7.5,1025.1,0,0,0,2.6,56,0,0
2024-11-10,45.31,5.86,1696,1,above-cloud,LFLB,-1030,62,2.3,70,4.8,1023,0,30,0,7.4,67,0,0
2024-11-18,45.31,5.86,1696,0,below-cloud,LFLB,250,86,-1.9,90,1.4,1019.4,51,0,6,3.8,59,0,0
2024-11-29,45.31,5.86,1696,1,above-cloud,LFLB,-421,90,-1.6,88,1.8,1022.7,80,0,0,5.2,110,0,0
2024-12-09,45.31,5.86,1696,1,above-cloud,LFLB,-634,68,-5.9,84,2.2,1010.9,68,46,84,3.2,93,0,0
2024-12-16,45.31,5.86,1696,1,above-cloud,LFLB,-1305,50,-2.6,46,10,1035.8,0,0,0,0.6,108,0,0
2024-12-25,45.31,5.86,1696,1,above-cloud,LFLB,-634,49,-5.8,60,6.6,1028.2,0,0,0,2.9,101,0,0
2025-01-05,45.31,5.86,1696,0,below-cloud,LFLB,1286,70,4,80,3.1,1010.7,11,26,58,4.8,193,0,0
2025-01-12,45.31,5.86,1696,1,above-cloud,LFLB,-360,63,-9.2,86,2,1030.2,100,0,0,10.4,53,0,0
2025-01-23,45.31,5.86,1696,1,above-cloud,LFLB,-207,72,0.9,100,0,1012.3,100,88,0,5.7,217,0,2.3
2025-02-03,45.31,5.86,1696,1,above-cloud,LFLB,-878,49,-6.9,57,7.1,1021.2,0,0,0,2.8,117,0,0
2025-02-12,45.31,5.86,1696,1,above-cloud,LFLB,-1305,79,-4,81,2.7,1017.7,66,18,0,2.6,124,0,0
2025-02-25,45.31,5.86,1696,0,below-cloud,LFLB,677,68,1.2,56,7.8,1017.7,55,100,99,3.3,202,0,0
2025-03-14,45.31,5.86,1696,0,below-cloud,LFLB,616,87,-5.5,93,1,1000.6,89,91,99,3.5,78,0,0
2025-03-26,45.31,5.86,1696,0,in-cloud,LFLB,-24,84,0.4,100,0,1019.1,100,1,0,5.9,59,0,0
2025-04-16,45.31,5.86,1696,1,above-cloud,LFLB,-207,71,2.8,97,0.5,1005.9,75,100,100,4,198,0,0.6
2025-04-28,45.31,5.86,1696,1,above-cloud,LFLB,-1244,83,1.1,80,3.1,1022.2,0,28,0,1.2,117,0,0
2025-05-09,45.31,5.86,1696,1,above-cloud,LFLB,-299,92,1.9,99,0.2,1013.4,58,4,1,1.9,139,0,0
2025-05-26,45.31,5.86,1696,0,in-cloud,LFLB,128,90,5.9,94,0.9,1020.6,47,24,90,2.6,16,0,0.1
2025-07-13,45.31,5.86,1696,0,below-cloud,LFLB,1164,76,9.7,87,2,1016,78,70,0,1.9,73,0,2.8
2025-07-28,45.31,5.86,1696,0,in-cloud,LFLB,6,82,6.5,100,0,1015.3,99,74,0,8.3,354,0,0.4
2025-09-01,45.31,5.86,1696,0,below-cloud,LFLB,372,80,9.4,100,0.1,1011.8,100,100,99,2.8,288,0,0.5
2025-09-12,45.31,5.86,1696,0,below-cloud,LFLB,189,87,6.9,91,1.4,1021.1,40,0,0,1.9,319,0,0
2025-09-26,45.31,5.86,1696,0,below-cloud,LFLB,738,93,0.5,97,0.4,1019.1,100,68,95,1.9,131,0,0
2025-10-05,45.31,5.86,1696,0,in-cloud,LFLB,67,90,-0.3,100,0.1,1021.6,100,6,0,6.2,353,0,0.3
2025-10-14,45.31,5.86,1696,1,above-cloud,LFLB,-665,90,4.9,88,1.9,1020.3,81,0,0,1.9,124,0,0
2025-10-22,45.31,5.86,1696,0,below-cloud,LFLB,189,75,6.3,96,0.6,1007.4,100,98,100,8.7,204,0,1.1
2025-10-30,45.31,5.86,1696,1,above-cloud,LFLB,-451,86,4.5,90,1.6,1011.2,86,38,0,0.7,90,0,0.1
2025-11-17,45.31,5.86,1696,0,in-cloud,LFLB,-116,72,1.4,97,0.4,1010.6,100,76,24,1.9,209,0,0.6
2025-11-26,45.31,5.86,1696,1,above-cloud,LFLB,-482,76,-5.3,97,0.4,1015.4,100,88,0,5.8,2,0,1
2025-12-08,45.31,5.86,1696,0,below-cloud,LFLB,311,88,0.1,89,1.5,1021.1,75,0,0,4,111,0,0
2025-12-27,45.31,5.86,1696,1,above-cloud,LFLB,-847,59,-5.4,80,2.9,1023.8,1,0,0,5.7,114,0,0
2026-01-07,45.31,5.86,1696,1,above-cloud,LFLB,-268,73,-10.3,45,9.7,1018.7,30,0,0,5.9,52,0,0
2026-01-23,45.31,5.86,1696,1,above-cloud,LFLB,-1274,79,-1,80,3,995.6,89,7,94,3.4,162,0,0
2026-02-01,45.31,5.86,1696,0,in-cloud,LFLB,128,82,-7,84,2.3,1011,78,3,2,3.5,118,0,0
2026-02-10,45.31,5.86,1696,0,in-cloud,LFLB,67,65,-1.3,88,1.7,1004.3,99,60,45,9.2,168,0,0.9
2026-02-17,45.31,5.86,1696,1,above-cloud,LFLB,-268,82,-6.8,94,0.7,1015.2,100,88,0,4.8,333,0,1.4
2026-03-01,45.31,5.86,1696,0,below-cloud,LFLB,1225,89,-0.9,97,0.4,1025.9,74,92,89,4.4,99,0,0
2026-03-22,45.31,5.86,1696,0,below-cloud,LFLB,250,68,-1,93,1.1,1011.5,100,100,0,5.2,229,0,0.7
2026-04-01,45.31,5.86,1696,1,above-cloud,LFLB,-268,82,-7.1,96,0.6,1023.6,100,2,0,8.4,62,0,0
2026-04-29,45.31,5.86,1696,1,above-cloud,LFLB,-573,95,2.4,94,0.8,1014.8,32,0,74,1.5,111,0,0
2026-05-15,45.31,5.86,1696,1,above-cloud,LFLB,-573,79,-2,99,0.2,1002,100,95,74,4.7,238,0,0.8
2024-01-01,45.1289,5.8863,1834,0,below-cloud,LFLS,686,82,-9.4,73,3.9,1017.5,34,100,100,5.4,94,0,0
2024-01-08,45.1289,5.8863,1834,1,above-cloud,LFLS,-1082,81,-8.6,94,0.8,1014.6,100,100,61,2.4,333,0,0.2
2024-01-14,45.1289,5.8863,1834,1,above-cloud,LFLS,-1357,52,-6.5,12,24.4,1012.5,0,24,13,1.1,108,0,0
2024-01-23,45.1289,5.8863,1834,0,in-cloud,LFLS,76,83,-6.5,90,1.4,1036,88,10,36,7.3,70,0,0
2024-02-02,45.1289,5.8863,1834,1,above-cloud,LFLS,-1113,85,-5.6,72,4.2,1032.4,55,0,95,7.6,71,0,0
2024-02-10,45.1289,5.8863,1834,0,below-cloud,LFLS,686,60,-0.3,84,2.3,986.2,78,99,100,4,90,0,0.4
2024-02-24,45.1289,5.8863,1834,0,below-cloud,LFLS,1295,65,-8.2,78,3.1,1005.4,2,88,96,6.2,126,0,0
2024-03-02,45.1289,5.8863,1834,0,below-cloud,LFLS,1234,84,-6.3,68,4.9,1007.2,14,0,96,4.2,121,0,0
2024-03-12,45.1289,5.8863,1834,1,above-cloud,LFLS,-564,79,-3.2,99,0.2,1020,90,30,59,4.4,351,0,0
2024-03-24,45.1289,5.8863,1834,0,below-cloud,LFLS,198,82,-5.3,98,0.3,1018.6,100,44,0,4.3,294,0,0.2
2024-03-31,45.1289,5.8863,1834,0,below-cloud,LFLS,747,69,0.2,84,2.4,998.3,78,100,100,4.9,126,0,1.1
2024-04-16,45.1289,5.8863,1834,1,above-cloud,LFLS,-473,83,-1.1,99,0.2,1016.5,100,5,0,5.6,310,0,0.2
2024-04-24,45.1289,5.8863,1834,0,below-cloud,LFLS,503,70,-6.1,94,0.8,1015.1,100,0,0,5.6,345,0,0
2024-05-03,45.1289,5.8863,1834,1,above-cloud,LFLS,-259,82,-1.6,99,0.1,1017,100,55,3,4.5,14,0,0.1
2024-05-15,45.1289,5.8863,1834,1,above-cloud,LFLS,-838,90,3.7,99,0.2,1005.9,100,100,5,2.7,113,0,0
2024-05-30,45.1289,5.8863,1834,0,in-cloud,LFLS,-76,85,5.3,100,0,1012.7,100,100,95,2.3,72,0,0.2
2024-06-09,45.1289,5.8863,1834,1,above-cloud,LFLS,-1021,82,7.6,80,3.1,1009.3,0,51,97,2.7,113,0,0
2024-06-21,45.1289,5.8863,1834,0,below-cloud,LFLS,868,87,9.3,94,1,1018.3,5,99,100,7,111,0,1.1
2024-07-03,45.1289,5.8863,1834,0,below-cloud,LFLS,259,87,5.7,94,0.8,1014,45,0,32,5.4,356,0,0
2024-07-21,45.1289,5.8863,1834,0,below-cloud,LFLS,747,87,14.1,64,6.6,1010.6,0,1,17,3.7,79,0,0.1
2024-08-18,45.1289,5.8863,1834,1,above-cloud,LFLS,-503,92,7.5,100,0,1013.4,100,91,70,0.7,90,0,0
2024-09-08,45.1289,5.8863,1834,0,below-cloud,LFLS,564,75,9.4,97,0.5,1016.1,92,100,100,3.2,153,0,0.9
2024-09-17,45.1289,5.8863,1834,1,above-cloud,LFLS,-412,78,3.5,75,4,1015.5,0,12,28,2.9,97,0,0
2024-09-28,45.1289,5.8863,1834,1,above-cloud,LFLS,-960,82,1.1,99,0.1,1018.2,100,42,0,4.4,341,0,0
2024-10-05,45.1289,5.8863,1834,1,above-cloud,LFLS,-503,73,-4.5,84,2.3,1014.4,5,0,0,2.5,98,0,0
2024-10-16,45.1289,5.8863,1834,0,below-cloud,LFLS,868,75,7,95,0.8,1015.9,74,100,50,7.5,98,0,1.9
2024-10-24,45.1289,5.8863,1834,0,below-cloud,LFLS,1112,91,3.2,90,1.6,1025.8,100,81,0,2.3,108,0,0
2024-11-14,45.1289,5.8863,1834,1,above-cloud,LFLS,-1235,84,-2.3,70,4.6,1020.9,0,0,73,1.3,34,0,0
2024-11-25,45.1289,5.8863,1834,0,below-cloud,LFLS,381,64,1,76,3.7,1022.2,15,0,6,9,137,0,0
2024-12-09,45.1289,5.8863,1834,1,above-cloud,LFLS,-1174,82,-9.4,89,1.5,1010.4,3,59,67,2,95,0,0
2024-12-19,45.1289,5.8863,1834,0,below-cloud,LFLS,686,65,4.3,72,4.6,1014.5,100,100,100,3.3,186,0,0.4
2025-01-01,45.1289,5.8863,1834,1,above-cloud,LFLS,-1113,49,-6.7,41,11.2,1028.1,0,0,0,2.5,111,0,0
2025-01-09,45.1289,5.8863,1834,0,below-cloud,LFLS,259,82,-1,93,1,1011.1,100,99,55,2.9,137,0,0.4
2025-01-16,45.1289,5.8863,1834,1,above-cloud,LFLS,-1204,66,-9.5,73,4,1027.3,10,29,0,4.2,97,0,0.1
2025-02-01,45.1289,5.8863,1834,1,above-cloud,LFLS,-1235,82,-5.4,79,3,1022.8,13,92,94,3.1,83,0,0
2025-02-09,45.1289,5.8863,1834,1,above-cloud,LFLS,-960,71,-8.9,74,3.8,1024.3,81,96,0,2.2,104,0,0
2025-02-19,45.1289,5.8863,1834,0,in-cloud,LFLS,-137,67,-6.3,63,5.8,1020.2,6,7,3,3.5,118,0,0
2025-02-26,45.1289,5.8863,1834,1,above-cloud,LFLS,-412,69,-5.5,95,0.7,1023.4,100,20,0,6.5,347,0,0.1
2025-03-15,45.1289,5.8863,1834,1,above-cloud,LFLS,-1387,77,-3.4,93,0.9,1003.5,100,100,68,1.3,124,0,1.2
2025-03-27,45.1289,5.8863,1834,1,above-cloud,LFLS,-1204,97,-5.2,94,0.8,1015,0,0,1,2.1,105,0,0
2025-04-15,45.1289,5.8863,1834,1,above-cloud,LFLS,-747,80,1.2,93,1,1003.1,97,100,100,3.7,119,0,2.1
2025-04-24,45.1289,5.8863,1834,0,below-cloud,LFLS,747,93,-1.1,99,0.1,1019.1,49,8,0,4.2,353,0,0
2025-05-07,45.1289,5.8863,1834,1,above-cloud,LFLS,-1174,82,0,99,0.1,1012.6,100,16,6,2.5,266,0,0
2025-06-03,45.1289,5.8863,1834,0,below-cloud,LFLS,2210,92,3.4,100,0,1017.9,100,72,100,5.2,110,0,0
2025-07-08,45.1289,5.8863,1834,1,above-cloud,LFLS,-808,78,5.1,100,0,1014.5,100,24,0,6.5,316,0,0.5
2025-08-02,45.1289,5.8863,1834,1,above-cloud,LFLS,-259,84,7.7,100,0,1015.3,98,21,0,5.1,297,0,0.2
2025-08-30,45.1289,5.8863,1834,0,in-cloud,LFLS,137,91,3.2,100,0,1012.4,99,13,0,1.7,103,0,0
2025-09-14,45.1289,5.8863,1834,0,below-cloud,LFLS,1905,83,6,89,1.7,1020.9,11,12,78,0.8,117,0,0
2025-09-25,45.1289,5.8863,1834,0,in-cloud,LFLS,76,97,0.2,99,0.2,1019.3,66,0,0,2.8,18,0,0
2025-10-10,45.1289,5.8863,1834,1,above-cloud,LFLS,-1235,87,1.8,84,2.4,1025.8,0,0,0,1.1,108,0,0
2025-10-20,45.1289,5.8863,1834,0,in-cloud,LFLS,137,76,4.2,94,0.9,1009.4,100,100,100,6,141,0,0.3
2025-10-26,45.1289,5.8863,1834,0,below-cloud,LFLS,259,70,-1.5,95,0.7,1014.8,100,15,18,4.5,355,0,0.1
2025-11-02,45.1289,5.8863,1834,1,above-cloud,LFLS,-991,77,3.5,98,0.3,1016.5,98,100,100,3.7,125,0,3.3
2025-11-18,45.1289,5.8863,1834,1,above-cloud,LFLS,-1174,80,-4.9,87,1.9,1017.3,8,0,0,2,5,0,0
2025-11-26,45.1289,5.8863,1834,1,above-cloud,LFLS,-1021,78,-6.8,95,0.6,1015.2,100,42,0,4.7,360,0,0.6
2025-12-05,45.1289,5.8863,1834,1,above-cloud,LFLS,-1021,80,-3.9,97,0.4,1010.1,94,0,0,2.2,35,0,0
2025-12-22,45.1289,5.8863,1834,0,below-cloud,LFLS,868,47,-0.6,71,4.6,1007.9,11,77,92,7,87,0,0.2
2026-01-03,45.1289,5.8863,1834,1,above-cloud,LFLS,-1021,84,-13.3,81,2.6,1009,16,0,0,5,103,0,0
2026-01-12,45.1289,5.8863,1834,0,below-cloud,LFLS,320,64,-3.7,59,6.9,1020.6,77,10,95,3.2,117,0,0
2026-01-28,45.1289,5.8863,1834,1,above-cloud,LFLS,-1052,65,-3.8,97,0.4,992.1,100,100,100,3.7,337,0,1.3
2026-02-03,45.1289,5.8863,1834,0,below-cloud,LFLS,320,68,-0.9,72,4.4,998.2,100,100,0,7.6,184,0,0.4
2026-02-15,45.1289,5.8863,1834,1,above-cloud,LFLS,-1113,87,-7.2,93,0.9,1018.1,75,1,30,7,26,0,0
2026-02-21,45.1289,5.8863,1834,1,above-cloud,LFLS,-442,81,-4.7,85,2.2,1029.2,99,29,71,5.9,79,0,0
2026-03-15,45.1289,5.8863,1834,1,above-cloud,LFLS,-1021,76,-7.4,87,1.8,1008,90,88,59,7.6,15,0,0.7
2026-04-04,45.1289,5.8863,1834,1,above-cloud,LFLS,-838,58,-5,69,4.8,1023,2,0,0,3.2,87,0,0
2026-05-10,45.1289,5.8863,1834,0,below-cloud,LFLS,320,75,5,88,1.8,1012.4,70,100,88,0.7,104,0,0.2
2026-05-16,45.1289,5.8863,1834,1,above-cloud,LFLS,-625,88,-3.2,90,1.3,1010.8,38,22,7,4.8,329,0,0
2026-07-27,45.1289,5.8863,1834,0,in-cloud,LFLS,15,92,10.2,98,0.3,1019.1,13,0,0,2.9,330,0,0
2024-01-01,45.1161,5.8774,1748,0,below-cloud,LFLS,772,82,-8.8,73,3.9,1017.5,34,100,100,5.4,94,0,0
2024-01-08,45.1161,5.8774,1748,1,above-cloud,LFLS,-996,81,-8.1,94,0.7,1014.6,100,100,61,2.4,333,0,0.2
2024-01-14,45.1161,5.8774,1748,1,above-cloud,LFLS,-1271,52,-6,13,24.4,1012.5,0,24,13,1.1,108,0,0
2024-01-23,45.1161,5.8774,1748,0,below-cloud,LFLS,162,83,-6,90,1.4,1036,88,10,36,7.3,70,0,0
2024-02-02,45.1161,5.8774,1748,1,above-cloud,LFLS,-1027,85,-5,72,4.3,1032.4,55,0,95,7.6,71,0,0
2024-02-10,45.1161,5.8774,1748,0,below-cloud,LFLS,772,60,0.3,85,2.3,986.2,78,99,100,4,90,0,0.4
2024-02-24,45.1161,5.8774,1748,0,below-cloud,LFLS,1381,65,-7.7,78,3.1,1005.4,2,88,96,6.2,126,0,0
2024-03-02,45.1161,5.8774,1748,0,below-cloud,LFLS,1320,84,-5.8,68,4.9,1007.2,14,0,96,4.2,121,0,0
2024-03-12,45.1161,5.8774,1748,1,above-cloud,LFLS,-478,79,-2.7,99,0.2,1020,90,30,59,4.4,351,0,0
2024-03-24,45.1161,5.8774,1748,0,below-cloud,LFLS,284,82,-4.8,98,0.3,1018.6,100,44,0,4.3,294,0,0.2
2024-03-31,45.1161,5.8774,1748,0,below-cloud,LFLS,833,69,0.8,84,2.5,998.3,78,100,100,4.9,126,0,1.1
2024-04-16,45.1161,5.8774,1748,1,above-cloud,LFLS,-387,83,-0.6,99,0.1,1016.5,100,5,0,5.6,310,0,0.2
2024-04-24,45.1161,5.8774,1748,0,below-cloud,LFLS,589,70,-5.5,94,0.8,1015.1,100,0,0,5.6,345,0,0
2024-05-03,45.1161,5.8774,1748,1,above-cloud,LFLS,-173,82,-1,99,0.2,1017,100,55,3,4.5,14,0,0.1
2024-05-15,45.1161,5.8774,1748,1,above-cloud,LFLS,-752,90,4.2,99,0.2,1005.9,100,100,5,2.7,113,0,0
2024-05-30,45.1161,5.8774,1748,0,in-cloud,LFLS,10,85,5.9,100,0,1012.7,100,100,95,2.3,72,0,0.2
2024-06-09,45.1161,5.8774,1748,1,above-cloud,LFLS,-935,82,8.2,81,3.2,1009.3,0,51,97,2.7,113,0,0
2024-06-21,45.1161,5.8774,1748,0,below-cloud,LFLS,954,87,9.8,94,0.9,1018.3,5,99,100,7,111,0,1.1
2024-07-03,45.1161,5.8774,1748,0,below-cloud,LFLS,345,87,6.3,94,0.9,1014,45,0,32,5.4,356,0,0
2024-07-21,45.1161,5.8774,1748,0,below-cloud,LFLS,833,87,14.7,65,6.6,1010.6,0,1,17,3.7,79,0,0.1
2024-08-18,45.1161,5.8774,1748,1,above-cloud,LFLS,-417,92,8.1,100,0.1,1013.4,100,91,70,0.7,90,0,0
2024-09-08,45.1161,5.8774,1748,0,below-cloud,LFLS,650,75,9.9,97,0.4,1016.1,92,100,100,3.2,153,0,0.9
2024-09-17,45.1161,5.8774,1748,1,above-cloud,LFLS,-326,78,4,75,3.9,1015.5,0,12,28,2.9,97,0,0
2024-09-28,45.1161,5.8774,1748,1,above-cloud,LFLS,-874,82,1.7,99,0.2,1018.2,100,42,0,4.4,341,0,0
2024-10-05,45.1161,5.8774,1748,1,above-cloud,LFLS,-417,73,-3.9,84,2.3,1014.4,5,0,0,2.5,98,0,0
2024-10-16,45.1161,5.8774,1748,0,below-cloud,LFLS,954,75,7.5,95,0.8,1015.9,74,100,50,7.5,98,0,1.9
2024-10-24,45.1161,5.8774,1748,0,below-cloud,LFLS,1198,91,3.7,90,1.5,1025.8,100,81,0,2.3,108,0,0
2024-11-14,45.1161,5.8774,1748,1,above-cloud,LFLS,-1149,84,-1.7,71,4.7,1020.9,0,0,73,1.3,34,0,0
2024-11-25,45.1161,5.8774,1748,0,below-cloud,LFLS,467,64,1.5,76,3.7,1022.2,15,0,6,9,137,0,0
2024-12-09,45.1161,5.8774,1748,1,above-cloud,LFLS,-1088,82,-8.9,89,1.5,1010.4,3,59,67,2,95,0,0
2024-12-19,45.1161,5.8774,1748,0,below-cloud,LFLS,772,65,4.8,72,4.6,1014.5,100,100,100,3.3,186,0,0.4
2025-01-01,45.1161,5.8774,1748,1,above-cloud,LFLS,-1027,49,-6.1,41,11.2,1028.1,0,0,0,2.5,111,0,0
2025-01-09,45.1161,5.8774,1748,0,below-cloud,LFLS,345,82,-0.4,93,1,1011.1,100,99,55,2.9,137,0,0.4
2025-01-16,45.1161,5.8774,1748,1,above-cloud,LFLS,-1118,66,-9,73,4,1027.3,10,29,0,4.2,97,0,0.1
2025-02-01,45.1161,5.8774,1748,1,above-cloud,LFLS,-1149,82,-4.9,80,3,1022.8,13,92,94,3.1,83,0,0
2025-02-09,45.1161,5.8774,1748,1,above-cloud,LFLS,-874,71,-8.4,74,3.8,1024.3,81,96,0,2.2,104,0,0
2025-02-19,45.1161,5.8774,1748,0,in-cloud,LFLS,-51,67,-5.8,64,5.8,1020.2,6,7,3,3.5,118,0,0
2025-02-26,45.1161,5.8774,1748,1,above-cloud,LFLS,-326,69,-5,95,0.6,1023.4,100,20,0,6.5,347,0,0.1
2025-03-15,45.1161,5.8774,1748,1,above-cloud,LFLS,-1301,77,-2.8,93,1,1003.5,100,100,68,1.3,124,0,1.2
2025-03-27,45.1161,5.8774,1748,1,above-cloud,LFLS,-1118,97,-4.7,94,0.8,1015,0,0,1,2.1,105,0,0
2025-04-15,45.1161,5.8774,1748,1,above-cloud,LFLS,-661,80,1.8,93,1.1,1003.1,97,100,100,3.7,119,0,2.1
2025-04-24,45.1161,5.8774,1748,0,below-cloud,LFLS,833,93,-0.5,99,0.1,1019.1,49,8,0,4.2,353,0,0
2025-05-07,45.1161,5.8774,1748,1,above-cloud,LFLS,-1088,82,0.6,99,0.2,1012.6,100,16,6,2.5,266,0,0
2025-06-03,45.1161,5.8774,1748,0,below-cloud,LFLS,2296,92,4,100,0,1017.9,100,72,100,5.2,110,0,0
2025-07-08,45.1161,5.8774,1748,1,above-cloud,LFLS,-722,78,5.7,100,0,1014.5,100,24,0,6.5,316,0,0.5
2025-08-02,45.1161,5.8774,1748,1,above-cloud,LFLS,-173,84,8.3,100,0,1015.3,98,21,0,5.1,297,0,0.2
2025-08-30,45.1161,5.8774,1748,0,below-cloud,LFLS,223,91,3.8,100,0,1012.4,99,13,0,1.7,103,0,0
2025-09-14,45.1161,5.8774,1748,0,below-cloud,LFLS,1991,83,6.6,89,1.8,1020.9,11,12,78,0.8,117,0,0
2025-09-25,45.1161,5.8774,1748,0,below-cloud,LFLS,162,97,0.7,99,0.1,1019.3,66,0,0,2.8,18,0,0
2025-10-10,45.1161,5.8774,1748,1,above-cloud,LFLS,-1149,87,2.4,84,2.5,1025.8,0,0,0,1.1,108,0,0
2025-10-20,45.1161,5.8774,1748,0,below-cloud,LFLS,223,76,4.8,94,0.9,1009.4,100,100,100,6,141,0,0.3
2025-10-26,45.1161,5.8774,1748,0,below-cloud,LFLS,345,70,-1,95,0.6,1014.8,100,15,18,4.5,355,0,0.1
2025-11-02,45.1161,5.8774,1748,1,above-cloud,LFLS,-905,77,4.1,98,0.4,1016.5,98,100,100,3.7,125,0,3.3
2025-11-18,45.1161,5.8774,1748,1,above-cloud,LFLS,-1088,80,-4.3,87,1.9,1017.3,8,0,0,2,5,0,0
2025-11-26,45.1161,5.8774,1748,1,above-cloud,LFLS,-935,78,-6.2,96,0.6,1015.2,100,42,0,4.7,360,0,0.6
2025-12-05,45.1161,5.8774,1748,1,above-cloud,LFLS,-935,80,-3.4,97,0.4,1010.1,94,0,0,2.2,35,0,0
2025-12-22,45.1161,5.8774,1748,0,below-cloud,LFLS,954,48,0,71,4.7,1007.9,11,77,92,7,87,0,0.2
2026-01-03,45.1161,5.8774,1748,1,above-cloud,LFLS,-935,84,-12.8,81,2.5,1009,16,0,0,5,103,0,0
2026-01-12,45.1161,5.8774,1748,0,below-cloud,LFLS,406,64,-3.2,59,6.8,1020.6,77,10,95,3.2,117,0,0
2026-01-28,45.1161,5.8774,1748,1,above-cloud,LFLS,-966,65,-3.2,97,0.5,992.1,100,100,100,3.7,337,0,1.3
2026-02-03,45.1161,5.8774,1748,0,below-cloud,LFLS,406,68,-0.4,72,4.3,998.2,100,100,0,7.6,184,0,0.4
2026-02-15,45.1161,5.8774,1748,1,above-cloud,LFLS,-1027,87,-6.6,93,1,1018.1,75,1,30,7,26,0,0
2026-02-21,45.1161,5.8774,1748,1,above-cloud,LFLS,-356,80,-4.2,85,2.1,1029.2,99,29,71,5.9,79,0,0
2026-03-15,45.1161,5.8774,1748,1,above-cloud,LFLS,-935,76,-6.9,87,1.8,1008,90,88,59,7.6,15,0,0.7
2026-04-04,45.1161,5.8774,1748,1,above-cloud,LFLS,-752,58,-4.4,69,4.9,1023,2,0,0,3.2,87,0,0
2026-05-10,45.1161,5.8774,1748,0,below-cloud,LFLS,406,75,5.6,88,1.8,1012.4,70,100,88,0.7,104,0,0.2
2026-05-16,45.1161,5.8774,1748,1,above-cloud,LFLS,-539,88,-2.6,90,1.4,1010.8,38,22,7,4.8,329,0,0
2026-07-27,45.1161,5.8774,1748,0,in-cloud,LFLS,101,92,10.8,98,0.3,1019.1,13,0,0,2.9,330,0,0
2024-01-02,40.666,140.8814,1510,0,in-cloud,RJSA,-90,73,-8.6,98,0.2,1022.2,100,1,0,13.3,237,0,0
2024-01-12,40.666,140.8814,1510,1,above-cloud,RJSA,-852,54,-6.5,95,0.7,1003.3,100,100,0,18.3,227,0,1.4
2024-01-21,40.666,140.8814,1510,0,below-cloud,RJSA,520,63,-7.2,92,1,1026.5,100,100,100,23,119,0,0.7
2024-01-30,40.666,140.8814,1510,0,below-cloud,RJSA,215,60,-9.4,88,1.5,1028.7,38,0,0,10.8,255,0,0
2024-02-08,40.666,140.8814,1510,0,below-cloud,RJSA,215,81,-11.8,95,0.7,1015.7,79,0,0,8.6,255,0,0
2024-02-20,40.666,140.8814,1510,1,above-cloud,RJSA,-852,59,-5.9,100,0,1014,100,42,11,20.8,279,0,0.3
2024-02-29,40.666,140.8814,1510,1,above-cloud,RJSA,-547,76,-13.1,96,0.5,1028.1,100,0,0,9.2,281,0,0.1
2024-03-10,40.666,140.8814,1510,0,in-cloud,RJSA,-90,89,-16,94,0.8,1020.4,100,24,0,6.5,276,0,0.1
2024-03-25,40.666,140.8814,1510,0,below-cloud,RJSA,4177,70,-5.4,100,0,1019.1,100,90,78,10.2,262,0,0
2024-04-19,40.666,140.8814,1510,1,above-cloud,RJSA,-1126,68,-0.3,100,0,1006.5,100,12,94,5.1,278,0,0.1
2024-05-13,40.666,140.8814,1510,0,below-cloud,RJSA,1434,67,6.4,99,0.1,1007.2,75,100,100,19.6,223,0,1.1
2024-05-29,40.666,140.8814,1510,1,above-cloud,RJSA,-1004,76,3.5,99,0.1,1002.1,100,100,86,5,291,0,0.1
2024-06-08,40.666,140.8814,1510,1,above-cloud,RJSA,-1248,66,8.9,73,4.5,1016.2,0,0,0,3.2,180,0,0
2024-06-24,40.666,140.8814,1510,1,above-cloud,RJSA,-1248,68,11.3,100,0.1,998.4,100,97,100,8.9,140,0,1.5
2024-07-11,40.666,140.8814,1510,1,above-cloud,RJSA,-1126,78,11.7,100,0,999.1,100,0,69,4.3,265,0,0
2024-07-26,40.666,140.8814,1510,1,above-cloud,RJSA,-1187,82,13.7,100,0,1012,100,21,76,1.1,90,0,0.1
2024-08-06,40.666,140.8814,1510,1,above-cloud,RJSA,-1004,82,15.6,100,0.1,1009.7,100,0,0,2.9,97,0,0
2024-08-21,40.666,140.8814,1510,1,above-cloud,RJSA,-699,90,12.8,100,0,1014.9,100,0,0,2.2,171,0,0
2024-09-08,40.666,140.8814,1510,0,below-cloud,RJSA,2958,85,11.3,84,2.6,1016.1,0,98,45,6.2,280,0,0
2024-09-28,40.666,140.8814,1510,1,above-cloud,RJSA,-395,86,8.7,99,0.1,1016.6,100,0,29,5.4,111,0,0
2024-10-19,40.666,140.8814,1510,0,below-cloud,RJSA,215,58,12.1,92,1.2,1007.1,54,80,100,25.5,205,0,0.7
2024-11-06,40.666,140.8814,1510,0,below-cloud,RJSA,3263,73,-5.4,95,0.7,1019.7,1,100,99,1.2,207,0,0.1
2024-11-19,40.666,140.8814,1510,0,below-cloud,RJSA,215,77,-12.8,93,0.9,1027.7,97,14,0,9.8,277,0,0.1
2024-11-30,40.666,140.8814,1510,1,above-cloud,RJSA,-699,54,-8,98,0.2,997.3,100,97,0,9.2,258,0,1.6
2024-12-10,40.666,140.8814,1510,0,in-cloud,RJSA,63,57,-8.9,92,1.1,1016.1,100,15,0,14.7,289,0,0.2
2024-12-20,40.666,140.8814,1510,1,above-cloud,RJSA,-1126,62,-10.8,97,0.3,1018.4,100,30,0,18,267,0,0.9
2024-12-29,40.666,140.8814,1510,1,above-cloud,RJSA,-699,63,-13.2,95,0.7,1011.9,100,100,0,14,263,0,0.4
2025-01-07,40.666,140.8814,1510,1,above-cloud,RJSA,-699,76,-5.9,100,0,1000,100,12,0,7.2,71,0,0.5
2025-01-18,40.666,140.8814,1510,1,above-cloud,RJSA,-852,75,-14.8,92,1,1022.9,100,5,0,9,283,0,0.1
2025-01-31,40.666,140.8814,1510,0,in-cloud,RJSA,-90,58,-13.2,94,0.8,1015.3,100,25,0,22.2,274,0,0.4
2025-02-11,40.666,140.8814,1510,1,above-cloud,RJSA,-395,71,-14.8,92,1,1016,99,48,0,14.1,264,0,0.3
2025-02-22,40.666,140.8814,1510,1,above-cloud,RJSA,-547,82,-15.4,90,1.3,1017.8,20,1,0,8.8,231,0,0
2025-03-05,40.666,140.8814,1510,0,in-cloud,RJSA,63,59,-9.9,95,0.7,1024.3,100,100,100,18.4,121,0,0.6
2025-03-20,40.666,140.8814,1510,0,in-cloud,RJSA,32,71,-11,83,2.3,1016.5,73,16,0,19.1,268,0,0
2025-04-03,40.666,140.8814,1510,0,below-cloud,RJSA,520,62,-6.3,99,0.1,1016.7,100,100,0,17,108,0,0.2
2025-04-14,40.666,140.8814,1510,1,above-cloud,RJSA,-395,72,-1,99,0.2,1006.7,100,100,52,20.5,119,0,2.5
2025-04-25,40.666,140.8814,1510,1,above-cloud,RJSA,-395,74,-0.3,100,0,1005.8,100,1,100,11.4,207,0,0
2025-05-07,40.666,140.8814,1510,1,above-cloud,RJSA,-1279,64,-0.9,97,0.4,1002.8,100,100,99,4.7,106,0,0.7
2025-05-26,40.666,140.8814,1510,1,above-cloud,RJSA,-882,72,1.3,100,0,1010.8,100,100,0,17.6,271,0,1
2025-06-19,40.666,140.8814,1510,1,above-cloud,RJSA,-1309,71,11.8,92,1.2,1015.2,0,0,58,7.9,207,0,0
2025-07-05,40.666,140.8814,1510,0,in-cloud,RJSA,-59,70,14.9,99,0.1,1002.7,100,42,100,24.8,237,0,0.3
2025-07-27,40.666,140.8814,1510,0,below-cloud,RJSA,3263,47,16.9,82,3.1,1009.5,2,100,99,15.2,228,0,0
2025-08-07,40.666,140.8814,1510,0,below-cloud,RJSA,1129,73,14.9,100,0.1,998.2,80,71,100,12,233,0,1.3
2025-08-27,40.666,140.8814,1510,0,below-cloud,RJSA,1129,55,15.1,100,0,1006.2,100,17,97,23.4,224,0,0.2
2025-09-10,40.666,140.8814,1510,0,below-cloud,RJSA,3568,87,12.5,91,1.5,1016,96,57,46,4.6,279,0,0
2025-10-02,40.666,140.8814,1510,1,above-cloud,RJSA,-852,91,7.1,100,0.1,1014.6,100,60,52,6.4,297,0,0.8
2025-10-21,40.666,140.8814,1510,1,above-cloud,RJSA,-395,86,-4.7,100,0.1,1027.4,98,9,8,6.1,265,0,0.1
2025-11-07,40.666,140.8814,1510,0,below-cloud,RJSA,215,79,-2.6,100,0.1,1017.8,99,11,0,19.7,286,0,0
2025-11-19,40.666,140.8814,1510,1,above-cloud,RJSA,-242,77,-10.5,96,0.5,1017.8,95,9,0,14.6,269,0,0.2
2025-11-30,40.666,140.8814,1510,0,below-cloud,RJSA,215,76,-2.9,89,1.6,1014.7,98,43,0,23.3,200,0,0
2025-12-11,40.666,140.8814,1510,0,in-cloud,RJSA,-90,66,-6,90,1.4,1015.4,100,100,62,26.5,211,0,0.5
2025-12-22,40.666,140.8814,1510,0,in-cloud,RJSA,-90,60,-11.5,97,0.4,1024.2,98,5,0,17.8,293,0,0.7
2026-01-01,40.666,140.8814,1510,1,above-cloud,RJSA,-1004,67,-18,89,1.4,1011.6,99,71,0,19.3,272,0,0.2
2026-01-10,40.666,140.8814,1510,0,in-cloud,RJSA,63,69,-6.7,98,0.2,1014,100,56,20,12.6,211,0,0
2026-01-19,40.666,140.8814,1510,0,below-cloud,RJSA,520,79,-13.9,88,1.6,1020.8,54,100,0,5.2,186,0,0
2026-01-28,40.666,140.8814,1510,1,above-cloud,RJSA,-882,77,-14.5,92,1,1014.6,96,22,0,12.4,261,0,0.1
2026-02-06,40.666,140.8814,1510,1,above-cloud,RJSA,-242,63,-8.6,96,0.5,1006.8,63,2,0,27.1,266,0,0.2
2026-02-15,40.666,140.8814,1510,0,below-cloud,RJSA,215,71,-3.8,90,1.4,1013.4,91,5,0,16.2,216,0,0
2026-02-27,40.666,140.8814,1510,0,below-cloud,RJSA,520,70,-5,100,0.1,1021.4,100,0,100,13.1,126,0,0
2026-03-09,40.666,140.8814,1510,0,in-cloud,RJSA,63,71,-11.8,89,1.4,1021.5,92,10,1,12.6,272,0,0
2026-03-27,40.666,140.8814,1510,1,above-cloud,RJSA,-1279,94,-4.2,99,0.1,1014.5,66,0,4,2.2,185,0,0
2026-04-06,40.666,140.8814,1510,1,above-cloud,RJSA,-1065,94,-3.4,100,0,1013.1,96,100,48,2.7,176,0,0
2026-04-22,40.666,140.8814,1510,0,in-cloud,RJSA,32,65,0.4,85,2.2,1007.6,13,9,5,27.8,226,0,0
2026-05-26,40.666,140.8814,1510,1,above-cloud,RJSA,-1309,77,9.1,64,6.6,1013.6,0,0,95,5.6,186,0,0
2026-06-09,40.666,140.8814,1510,1,above-cloud,RJSA,-699,67,6.1,100,0.1,1001.5,100,99,100,11.1,287,0,0.3
2026-06-23,40.666,140.8814,1510,1,above-cloud,RJSA,-1218,80,4.5,100,0,1011.9,100,99,21,6.7,126,0,0
2026-07-03,40.666,140.8814,1510,1,above-cloud,RJSA,-395,90,8.7,99,0.2,1012.1,87,3,11,6,131,0,0
2026-07-13,40.666,140.8814,1510,1,above-cloud,RJSA,-1218,72,13,100,0.1,1006.8,100,0,67,9.4,294,0,0.7
2026-07-24,40.666,140.8814,1510,1,above-cloud,RJSA,-1309,82,13.4,99,0.1,1011.8,100,100,81,4.1,135,0,0.1
2026-08-04,40.666,140.8814,1510,1,above-cloud,RJSA,-1309,83,8.8,73,4.5,1015,0,0,0,9.4,145,0,0
2024-01-21,28.0118,-15.6056,1326,0,in-cloud,GCLP,-82,79,6.9,99,0.1,1027.7,88,0,0,13.8,51,0,0
2024-02-24,28.0118,-15.6056,1326,0,in-cloud,GCLP,-82,71,6.9,99,0.2,1025.7,100,0,0,18.4,39,0,0.1
2024-02-28,28.0118,-15.6056,1326,0,in-cloud,GCLP,-82,80,6.5,98,0.3,1023.9,53,0,0,17.8,48,0,0
2024-03-05,28.0118,-15.6056,1326,0,in-cloud,GCLP,-82,74,6.9,100,0,1023.2,100,0,0,11.1,61,0,0
2024-04-08,28.0118,-15.6056,1326,1,above-cloud,GCLP,-387,80,7.6,98,0.3,1022.1,86,0,0,13.3,19,0,0
2024-04-30,28.0118,-15.6056,1326,0,in-cloud,GCLP,71,76,6.6,91,1.4,1024.2,55,0,0,13.9,37,0,0
2024-05-13,28.0118,-15.6056,1326,1,above-cloud,GCLP,-387,76,9.7,100,0,1019.3,100,0,0,12.8,52,0,0
2024-05-17,28.0118,-15.6056,1326,1,above-cloud,GCLP,-234,77,8.7,100,0,1017.7,100,0,5,8.7,52,0,0
2024-05-21,28.0118,-15.6056,1326,0,in-cloud,GCLP,-82,79,7.8,91,1.3,1022,61,0,0,10.4,34,0,0
2024-06-04,28.0118,-15.6056,1326,1,above-cloud,GCLP,-234,79,9.9,99,0.1,1019,100,0,0,9.5,11,0,0
2024-06-13,28.0118,-15.6056,1326,1,above-cloud,GCLP,-234,71,9.7,99,0.1,1021.8,100,1,89,12.2,45,0,0
2024-06-21,28.0118,-15.6056,1326,1,above-cloud,GCLP,-234,77,9.2,100,0,1022.2,98,0,0,12,46,0,0
2024-06-30,28.0118,-15.6056,1326,1,above-cloud,GCLP,-691,70,12,90,1.6,1019.3,100,0,0,8.6,68,0,0
2024-07-06,28.0118,-15.6056,1326,1,above-cloud,GCLP,-752,66,13.5,78,3.8,1018,45,0,0,10.5,68,0,0
2024-07-22,28.0118,-15.6056,1326,1,above-cloud,GCLP,-630,71,15.4,95,0.8,1016.8,100,0,0,11.8,63,0,0
2024-08-09,28.0118,-15.6056,1326,1,above-cloud,GCLP,-661,57,15.6,67,6,1017.6,15,2,0,8.5,78,0,0
2024-08-31,28.0118,-15.6056,1326,1,above-cloud,GCLP,-173,80,11.4,100,0,1017,100,0,0,10.2,42,0,0
2024-09-04,28.0118,-15.6056,1326,1,above-cloud,GCLP,-234,71,12.6,100,0,1017.5,100,0,0,13.2,43,0,0.2
2024-09-24,28.0118,-15.6056,1326,1,above-cloud,GCLP,-691,76,10.3,98,0.3,1019.3,4,0,0,8.3,88,0,0
2024-10-06,28.0118,-15.6056,1326,1,above-cloud,GCLP,-813,47,14.9,54,9.4,1016.4,0,0,0,4.3,107,0,0
2024-10-17,28.0118,-15.6056,1326,1,above-cloud,GCLP,-630,82,13,100,0,1024.4,100,26,100,12.2,64,0,1.4
2024-10-29,28.0118,-15.6056,1326,0,below-cloud,GCLP,223,85,9.1,100,0,1019.1,98,12,0,7.2,39,0,0.2
2024-12-09,28.0118,-15.6056,1326,0,in-cloud,GCLP,71,72,9,100,0,1022,100,0,100,11.8,40,0,0.1
2024-12-14,28.0118,-15.6056,1326,1,above-cloud,GCLP,-326,87,6.4,93,1,1020.3,39,0,100,4.6,141,0,0
2025-01-18,28.0118,-15.6056,1326,0,in-cloud,GCLP,71,90,5.1,100,0,1026.1,99,0,7,6.5,42,0,0
2025-01-30,28.0118,-15.6056,1326,1,above-cloud,GCLP,-234,81,8.2,100,0.1,1029.5,66,0,0,18.7,41,0,0
2025-02-03,28.0118,-15.6056,1326,1,above-cloud,GCLP,-387,75,7.6,99,0.1,1024.2,99,0,0,15,37,0,0.4
2025-02-21,28.0118,-15.6056,1326,1,above-cloud,GCLP,-691,69,7.1,60,7.2,1023.3,0,0,0,2.6,141,0,0
2025-03-02,28.0118,-15.6056,1326,0,below-cloud,GCLP,1137,87,5,100,0.1,1013.2,100,100,0,5.1,184,0,0
2025-03-22,28.0118,-15.6056,1326,0,in-cloud,GCLP,-82,78,6.7,100,0,1023.5,100,0,2,14.4,31,0,0.1
2025-03-26,28.0118,-15.6056,1326,0,in-cloud,GCLP,71,80,5.6,100,0,1023,98,0,0,12.7,32,0,0.1
2025-04-15,28.0118,-15.6056,1326,1,above-cloud,GCLP,-234,82,7.6,100,0,1020.7,94,0,0,9.7,24,0,0
2025-04-20,28.0118,-15.6056,1326,1,above-cloud,GCLP,-234,77,6.8,99,0.2,1021.3,99,0,0,17.1,40,0,0.1
2025-04-25,28.0118,-15.6056,1326,0,in-cloud,GCLP,-82,71,9.1,100,0.1,1019.7,100,0,0,12.9,35,0,0.1
2025-05-06,28.0118,-15.6056,1326,1,above-cloud,GCLP,-387,76,8.5,75,4.2,1016.3,0,87,59,3.6,120,0,0
2025-05-22,28.0118,-15.6056,1326,1,above-cloud,GCLP,-387,72,10.4,100,0,1021.5,100,0,29,11.6,51,0,0
2025-05-28,28.0118,-15.6056,1326,1,above-cloud,GCLP,-539,83,10,100,0,1021.8,99,0,0,9.8,50,0,0
2025-06-07,28.0118,-15.6056,1326,1,above-cloud,GCLP,-539,87,11.5,85,2.5,1019.2,46,0,0,4.4,69,0,0
2025-06-17,28.0118,-15.6056,1326,1,above-cloud,GCLP,-539,70,9.9,64,6.5,1020,0,10,24,3.6,108,0,0
2025-07-07,28.0118,-15.6056,1326,1,above-cloud,GCLP,-509,73,11.9,100,0,1019.1,100,0,0,15.2,40,0,0
2025-07-13,28.0118,-15.6056,1326,1,above-cloud,GCLP,-234,78,11.9,100,0.1,1019.4,100,0,0,16.1,35,0,0
2025-08-03,28.0118,-15.6056,1326,1,above-cloud,GCLP,-326,82,13.8,100,0,1018.8,100,0,0,7.3,46,0,0
2025-08-27,28.0118,-15.6056,1326,1,above-cloud,GCLP,-234,72,13.4,100,0,1017.7,100,0,0,12.5,46,0,0
2025-09-09,28.0118,-15.6056,1326,1,above-cloud,GCLP,-387,70,14.4,99,0.2,1021.8,100,0,81,13.2,61,0,0
2025-09-24,28.0118,-15.6056,1326,0,below-cloud,GCLP,223,82,10.8,99,0.2,1020.1,86,0,0,10.9,22,0,0.1
2025-10-06,28.0118,-15.6056,1326,1,above-cloud,GCLP,-387,80,11.7,92,1.2,1021.3,57,0,0,9.5,54,0,0
2025-10-11,28.0118,-15.6056,1326,0,in-cloud,GCLP,-21,77,10.9,100,0,1019.7,99,0,0,10.4,32,0,0
2025-10-23,28.0118,-15.6056,1326,1,above-cloud,GCLP,-387,92,13.3,99,0.1,1020.4,100,0,0,6.2,78,0,0
2025-11-08,28.0118,-15.6056,1326,1,above-cloud,GCLP,-387,82,10.9,97,0.4,1021.5,92,0,0,14.6,39,0,0
2025-11-26,28.0118,-15.6056,1326,1,above-cloud,GCLP,-387,88,8.6,100,-0.1,1022.4,98,0,98,8.6,41,0,0
2025-12-03,28.0118,-15.6056,1326,1,above-cloud,GCLP,-234,81,7.9,99,0.2,1024.5,49,0,0,11.4,61,0,0
2025-12-14,28.0118,-15.6056,1326,0,in-cloud,GCLP,71,81,6.4,100,0,1015.8,100,16,3,6.6,41,0,0.1
2025-12-19,28.0118,-15.6056,1326,0,in-cloud,GCLP,-82,81,8.4,99,0.2,1023.9,100,0,0,10.4,9,0,0.3
2025-12-23,28.0118,-15.6056,1326,0,in-cloud,GCLP,-51,82,6.3,100,0,1022.5,97,0,0,9.6,57,0,0
2026-01-07,28.0118,-15.6056,1326,0,below-cloud,GCLP,375,79,4.9,99,0.1,1028,80,0,0,18.2,35,0,0.1
2026-01-14,28.0118,-15.6056,1326,0,below-cloud,GCLP,528,79,5.7,100,0,1023.4,91,0,0,14.7,25,0,0.1
2026-01-18,28.0118,-15.6056,1326,0,below-cloud,GCLP,375,63,7.6,99,0.1,1017.8,100,100,0,15,333,0,0.3
2026-01-24,28.0118,-15.6056,1326,0,in-cloud,GCLP,71,80,6.3,100,0,1026.4,95,0,2,13,27,0,0.1
2026-02-12,28.0118,-15.6056,1326,1,above-cloud,GCLP,-752,75,10.8,63,6.8,1024.1,0,0,0,3.4,137,0,0
2026-02-27,28.0118,-15.6056,1326,1,above-cloud,GCLP,-387,71,8.4,100,0,1019.2,100,0,0,20,49,0,0.1
2026-03-07,28.0118,-15.6056,1326,0,in-cloud,GCLP,-112,78,4.6,99,0.1,1022.5,95,0,0,17.9,41,0,0.1
2026-03-11,28.0118,-15.6056,1326,0,in-cloud,GCLP,71,60,5.8,99,0.1,1022.1,100,0,0,20.1,38,0,0.4
2026-03-24,28.0118,-15.6056,1326,1,above-cloud,GCLP,-691,79,7.8,99,0.2,1009.1,100,2,11,5.9,135,0,0.2
2026-04-12,28.0118,-15.6056,1326,1,above-cloud,GCLP,-387,60,7.2,96,0.6,1022.3,100,0,0,17,31,0,0.5
2026-04-17,28.0118,-15.6056,1326,1,above-cloud,GCLP,-783,27,11.9,40,13,1014.6,1,0,99,5.8,120,0,0
2026-04-25,28.0118,-15.6056,1326,1,above-cloud,GCLP,-234,72,8.7,98,0.3,1017.3,100,0,0,12.5,41,0,0
2026-05-06,28.0118,-15.6056,1326,1,above-cloud,GCLP,-478,71,9.5,88,2,1014.6,21,0,0,6,73,0,0
2026-05-16,28.0118,-15.6056,1326,0,in-cloud,GCLP,71,74,7.4,100,0,1020.7,100,0,0,15.9,35,0,0.4
2026-05-29,28.0118,-15.6056,1326,1,above-cloud,GCLP,-478,82,10.4,92,1.3,1023.4,68,0,0,12.6,43,0,0
2026-06-05,28.0118,-15.6056,1326,1,above-cloud,GCLP,-691,71,10.8,99,0.2,1021,100,0,0,14.3,41,0,0
2026-06-12,28.0118,-15.6056,1326,1,above-cloud,GCLP,-691,45,14.9,54,9.2,1018,0,0,0,2.1,70,0,0
2026-06-17,28.0118,-15.6056,1326,1,above-cloud,GCLP,-387,82,10.8,97,0.4,1021.2,100,0,0,11.4,31,0,0
2024-01-03,28.6136,-17.8231,1327,1,above-cloud,GCLA,-260,97,8.3,100,0.1,1022.7,100,0,0,1.5,45,0,0
2024-02-10,28.6136,-17.8231,1327,1,above-cloud,GCLA,-595,84,9.6,99,0.2,1017.3,100,0,100,4.5,29,0,0
2024-02-25,28.6136,-17.8231,1327,1,above-cloud,GCLA,-229,94,5.8,96,0.6,1025.7,49,0,0,4.8,63,0,0
2024-03-04,28.6136,-17.8231,1327,0,in-cloud,GCLA,-77,85,6.9,97,0.5,1025.6,100,0,26,2.1,149,0,0
2024-03-19,28.6136,-17.8231,1327,1,above-cloud,GCLA,-443,86,9,99,0.1,1019.5,100,0,0,2.8,140,0,0
2024-04-26,28.6136,-17.8231,1327,1,above-cloud,GCLA,-168,90,7.2,86,2.2,1015.8,4,0,0,4,10,0,0
2024-05-03,28.6136,-17.8231,1327,1,above-cloud,GCLA,-229,76,5.1,88,1.8,1020,15,0,80,5.3,28,0,0
2024-05-15,28.6136,-17.8231,1327,1,above-cloud,GCLA,-229,84,8.4,93,1.1,1017.9,100,0,0,1.8,180,0,0
2024-05-22,28.6136,-17.8231,1327,0,below-cloud,GCLA,228,92,8.2,95,0.7,1022.7,100,0,0,1.8,169,0,0
2024-05-31,28.6136,-17.8231,1327,1,above-cloud,GCLA,-229,87,10,96,0.6,1016.3,32,0,0,4,95,0,0
2024-06-14,28.6136,-17.8231,1327,1,above-cloud,GCLA,-229,87,9.6,99,0.1,1021.7,100,0,0,2.4,153,0,0
2024-06-20,28.6136,-17.8231,1327,0,in-cloud,GCLA,-77,88,9.3,92,1.3,1022.6,62,1,0,1.8,143,0,0
2024-06-28,28.6136,-17.8231,1327,0,in-cloud,GCLA,-138,95,9,95,0.8,1020.8,74,1,0,4.9,73,0,0
2024-07-05,28.6136,-17.8231,1327,1,above-cloud,GCLA,-564,76,11.1,79,3.5,1018.3,26,0,0,4.8,63,0,0
2024-07-23,28.6136,-17.8231,1327,1,above-cloud,GCLA,-564,65,12.6,79,3.6,1018.3,9,0,0,4.6,45,0,0
2024-08-04,28.6136,-17.8231,1327,1,above-cloud,GCLA,-686,50,14,67,6.1,1016.9,2,0,0,3,14,0,0
2024-08-13,28.6136,-17.8231,1327,1,above-cloud,GCLA,-625,48,15.2,61,7.5,1015.8,2,5,0,5,30,0,0
2024-08-29,28.6136,-17.8231,1327,0,in-cloud,GCLA,-138,93,11.6,93,1.1,1019.1,40,0,0,4.3,95,0,0
2024-09-05,28.6136,-17.8231,1327,0,in-cloud,GCLA,-77,91,11.6,96,0.6,1015.7,100,0,0,1.1,180,0,0
2024-09-12,28.6136,-17.8231,1327,0,in-cloud,GCLA,-16,90,11.5,98,0.2,1021.6,100,0,0,3.8,139,0,0
2024-10-16,28.6136,-17.8231,1327,0,below-cloud,GCLA,533,87,14.5,100,0,1016.8,35,99,27,1.8,79,0,0
2024-10-22,28.6136,-17.8231,1327,0,in-cloud,GCLA,45,85,10.7,98,0.4,1023.5,100,0,0,4.9,73,0,0
2024-11-24,28.6136,-17.8231,1327,0,in-cloud,GCLA,76,82,10.6,100,0,1013.5,100,28,97,9.1,248,0,2.2
2024-12-08,28.6136,-17.8231,1327,1,above-cloud,GCLA,-382,91,6.9,99,0.1,1026,100,0,0,6.2,26,0,0
2024-12-24,28.6136,-17.8231,1327,1,above-cloud,GCLA,-229,69,6.1,85,2.2,1017.5,11,3,94,7.9,90,0,0
2025-01-23,28.6136,-17.8231,1327,0,below-cloud,GCLA,228,93,4.7,99,0.1,1019.5,100,17,0,2.6,102,0,0.1
2025-01-30,28.6136,-17.8231,1327,1,above-cloud,GCLA,-321,92,7.4,99,0.2,1030.8,100,0,0,2.3,157,0,0
2025-02-12,28.6136,-17.8231,1327,1,above-cloud,GCLA,-229,92,5,99,0.1,1021.1,100,10,0,4.4,55,0,0
2025-02-24,28.6136,-17.8231,1327,1,above-cloud,GCLA,-443,87,5.1,93,1.1,1027.2,27,0,33,5.3,38,0,0
2025-03-19,28.6136,-17.8231,1327,0,in-cloud,GCLA,76,69,6.5,99,0.2,1015.5,97,0,14,13.5,262,0,0.4
2025-03-26,28.6136,-17.8231,1327,0,in-cloud,GCLA,-77,92,6.3,98,0.3,1023.4,100,0,0,0.9,180,0,0
2025-04-16,28.6136,-17.8231,1327,0,in-cloud,GCLA,-77,92,3.8,92,1.2,1024.1,48,0,0,3.5,55,0,0
2025-04-23,28.6136,-17.8231,1327,0,in-cloud,GCLA,15,90,6.1,98,0.3,1020.7,100,0,0,5.4,56,0,0
2025-05-04,28.6136,-17.8231,1327,1,above-cloud,GCLA,-168,93,8.1,100,0.1,1020.1,100,0,2,2.5,249,0,0
2025-05-22,28.6136,-17.8231,1327,0,in-cloud,GCLA,-46,88,8.7,98,0.3,1022,100,1,90,4.8,53,0,0
2025-05-30,28.6136,-17.8231,1327,1,above-cloud,GCLA,-534,83,7.4,78,3.6,1020.3,8,0,0,1.8,37,0,0
2025-06-06,28.6136,-17.8231,1327,1,above-cloud,GCLA,-564,93,8,93,1.1,1021.6,39,0,26,1.3,106,0,0
2025-06-21,28.6136,-17.8231,1327,1,above-cloud,GCLA,-229,85,9,98,0.4,1022.4,17,0,0,3.7,76,0,0
2025-07-06,28.6136,-17.8231,1327,1,above-cloud,GCLA,-504,75,11.5,75,4.3,1020.6,18,0,0,4,98,0,0
2025-07-19,28.6136,-17.8231,1327,1,above-cloud,GCLA,-443,65,13.1,65,6.4,1019.8,11,0,0,1.3,56,0,0
2025-08-04,28.6136,-17.8231,1327,1,above-cloud,GCLA,-199,76,9.1,92,1.2,1020.6,0,0,0,1,68,0,0
2025-08-20,28.6136,-17.8231,1327,1,above-cloud,GCLA,-382,87,12,92,1.3,1018.2,19,1,0,3.8,45,0,0
2025-08-28,28.6136,-17.8231,1327,1,above-cloud,GCLA,-290,84,13.2,95,0.8,1020.4,100,0,0,2.7,172,0,0.1
2025-09-09,28.6136,-17.8231,1327,1,above-cloud,GCLA,-534,80,14.1,98,0.3,1022.4,100,0,0,5.5,113,0,0.1
2025-09-29,28.6136,-17.8231,1327,1,above-cloud,GCLA,-229,94,9.8,97,0.4,1021.9,76,0,0,1.1,99,0,0
2025-10-07,28.6136,-17.8231,1327,0,in-cloud,GCLA,-77,95,11,99,0.1,1023,100,0,0,4,85,0,0
2025-10-13,28.6136,-17.8231,1327,1,above-cloud,GCLA,-229,95,10.3,96,0.6,1017.5,68,0,20,2.2,55,0,0
2025-10-23,28.6136,-17.8231,1327,0,in-cloud,GCLA,-107,85,12.5,81,3.2,1021.4,91,0,0,3.1,50,0,0
2025-11-17,28.6136,-17.8231,1327,0,in-cloud,GCLA,-77,95,7.4,100,0,1024.3,100,0,4,2.2,85,0,0
2025-11-27,28.6136,-17.8231,1327,0,in-cloud,GCLA,137,92,8.6,98,0.3,1020.7,100,0,0,2.4,167,0,0.1
2025-12-03,28.6136,-17.8231,1327,1,above-cloud,GCLA,-382,84,7.7,99,0.2,1024.9,100,2,0,3.7,67,0,0
2025-12-25,28.6136,-17.8231,1327,0,in-cloud,GCLA,-77,92,6.7,98,0.3,1017.5,96,0,0,3.6,108,0,0
2026-01-07,28.6136,-17.8231,1327,0,below-cloud,GCLA,228,92,4.4,97,0.5,1029.8,98,0,0,1.8,191,0,0
2026-01-19,28.6136,-17.8231,1327,0,in-cloud,GCLA,76,86,3.8,91,1.3,1023.9,26,0,0,2,170,0,0
2026-01-31,28.6136,-17.8231,1327,1,above-cloud,GCLA,-412,87,4.6,90,1.5,1025.2,24,0,0,3.5,75,0,0
2026-02-20,28.6136,-17.8231,1327,1,above-cloud,GCLA,-443,85,4.8,90,1.5,1023.8,20,0,0,8.5,29,0,0
2026-03-01,28.6136,-17.8231,1327,0,in-cloud,GCLA,-77,94,5,98,0.4,1021.8,48,36,0,1.5,173,0,0
2026-03-11,28.6136,-17.8231,1327,0,in-cloud,GCLA,-77,82,5.4,98,0.4,1023.6,100,0,0,2.6,164,0,0.2
2026-03-18,28.6136,-17.8231,1327,0,in-cloud,GCLA,-138,67,5.9,100,0,1008.3,100,32,0,9.9,303,0,0.8
2026-03-27,28.6136,-17.8231,1327,1,above-cloud,GCLA,-229,93,5.7,98,0.2,1016.9,70,0,0,1.8,169,0,0
2026-04-12,28.6136,-17.8231,1327,1,above-cloud,GCLA,-382,79,6.7,98,0.3,1023.3,100,0,0,2,180,0,0
2026-04-20,28.6136,-17.8231,1327,1,above-cloud,GCLA,-382,89,6.8,97,0.5,1009.2,91,0,0,7.6,15,0,0
2026-05-07,28.6136,-17.8231,1327,1,above-cloud,GCLA,-534,73,8.1,100,0,1015.3,100,18,0,5.8,129,0,0.3
2026-05-25,28.6136,-17.8231,1327,1,above-cloud,GCLA,-686,68,9.6,70,5.2,1018.2,3,0,0,0,270,0,0
2026-06-07,28.6136,-17.8231,1327,1,above-cloud,GCLA,-321,62,9.4,83,2.7,1021.1,13,0,0,1.4,157,0,0
2026-06-14,28.6136,-17.8231,1327,1,above-cloud,GCLA,-412,79,8.7,84,2.5,1020.8,4,0,0,1.3,146,0,0
2026-06-27,28.6136,-17.8231,1327,1,above-cloud,GCLA,-534,86,12.6,100,0,1021.5,97,0,0,3.6,99,0,0.3
2026-07-11,28.6136,-17.8231,1327,1,above-cloud,GCLA,-534,77,13.4,92,1.4,1016.9,22,0,0,1.8,101,0,0
2024-01-01,45.3174,5.7561,1663,0,below-cloud,LFLS,857,78,-6.9,86,1.9,1017.6,0,84,100,4.4,35,0,0
2024-01-08,45.3174,5.7561,1663,1,above-cloud,LFLS,-911,63,-8.7,91,1.1,1016,100,100,98,5.1,315,0,0.4
2024-01-14,45.3174,5.7561,1663,1,above-cloud,LFLS,-1186,52,-5.6,28,15.8,1016.2,6,4,100,2.5,352,0,0
2024-01-23,45.3174,5.7561,1663,0,below-cloud,LFLS,247,76,-7.4,94,0.7,1035.7,18,9,8,7.6,355,0,0
2024-02-02,45.3174,5.7561,1663,1,above-cloud,LFLS,-942,90,-2.2,97,0.4,1034.2,86,0,94,7.1,345,0,0
2024-02-10,45.3174,5.7561,1663,0,below-cloud,LFLS,857,74,-1.5,96,0.6,985.9,7,94,100,3.3,103,0,0.2
2024-02-24,45.3174,5.7561,1663,0,below-cloud,LFLS,1466,76,-4.5,70,4.7,1004.7,6,38,100,2.1,59,0,0
2024-03-02,45.3174,5.7561,1663,0,below-cloud,LFLS,1405,70,-4,66,5.3,1007.5,2,3,98,4.2,110,0,0
2024-03-12,45.3174,5.7561,1663,1,above-cloud,LFLS,-393,82,-4,99,0.1,1020.2,100,100,33,3.7,331,0,0.2
2024-03-24,45.3174,5.7561,1663,0,below-cloud,LFLS,369,84,-4.3,85,2.1,1018.2,32,60,0,4.6,315,0,1
2024-03-31,45.3174,5.7561,1663,0,below-cloud,LFLS,918,78,-1.6,93,1,997.8,0,97,100,2.7,113,0,1.2
2024-04-16,45.3174,5.7561,1663,1,above-cloud,LFLS,-302,70,1,74,4.1,1016.1,100,99,0,9.4,328,0,0
2024-04-24,45.3174,5.7561,1663,0,below-cloud,LFLS,674,84,-7.6,88,1.6,1015.5,20,20,0,4.1,345,0,0
2024-05-03,45.3174,5.7561,1663,0,in-cloud,LFLS,-88,87,-1.5,99,0.2,1017.1,100,96,35,3.4,18,0,0.1
2024-05-15,45.3174,5.7561,1663,1,above-cloud,LFLS,-667,88,1.9,99,0.2,1006,8,22,26,3.3,41,0,0
2024-05-30,45.3174,5.7561,1663,0,in-cloud,LFLS,95,78,6.6,89,1.8,1012,100,100,100,0.8,27,0,1.1
2024-06-09,45.3174,5.7561,1663,1,above-cloud,LFLS,-850,68,6.9,87,2,1008.3,0,18,100,4.3,24,0,0
2024-06-21,45.3174,5.7561,1663,0,below-cloud,LFLS,1039,82,10.7,83,2.7,1014.8,0,82,100,4.2,110,0,0.6
2024-07-03,45.3174,5.7561,1663,0,below-cloud,LFLS,430,90,3.6,98,0.3,1014.4,41,1,90,3.8,343,0,0
2024-07-21,45.3174,5.7561,1663,0,below-cloud,LFLS,918,76,9.8,86,2.1,1010.1,0,63,100,4.4,351,0,0
2024-08-18,45.3174,5.7561,1663,1,above-cloud,LFLS,-332,86,9.1,99,0.1,1012.5,96,100,57,1.8,281,0,0.5
2024-09-08,45.3174,5.7561,1663,0,below-cloud,LFLS,735,79,7.5,100,0.1,1015.8,96,98,98,3.2,243,0,6.6
2024-09-17,45.3174,5.7561,1663,1,above-cloud,LFLS,-241,91,0,91,1.3,1018.6,36,4,13,1.6,63,0,0
2024-09-28,45.3174,5.7561,1663,1,above-cloud,LFLS,-789,79,1.5,99,0.1,1018.4,100,100,0,3.1,336,0,0.8
2024-10-05,45.3174,5.7561,1663,1,above-cloud,LFLS,-332,94,-2.8,98,0.2,1016.7,51,0,0,3.1,339,0,0
2024-10-16,45.3174,5.7561,1663,0,below-cloud,LFLS,1039,87,6.6,98,0.2,1013.9,2,96,80,4.3,73,0,2.1
2024-10-24,45.3174,5.7561,1663,0,below-cloud,LFLS,1283,91,4.1,97,0.5,1025.6,66,97,0,2.1,70,0,0
2024-11-14,45.3174,5.7561,1663,1,above-cloud,LFLS,-1064,79,-4.3,97,0.4,1024.7,100,0,50,7.3,349,0,0
2024-11-25,45.3174,5.7561,1663,0,below-cloud,LFLS,552,66,2,70,4.9,1020.2,47,0,34,6.4,191,0,0
2024-12-09,45.3174,5.7561,1663,1,above-cloud,LFLS,-1003,81,-5.7,98,0.2,1011.1,100,33,81,3.8,311,0,0.1
2024-12-19,45.3174,5.7561,1663,0,below-cloud,LFLS,857,73,-1.2,70,4.7,1014.9,98,100,100,1.7,103,0,0.6
2025-01-01,45.3174,5.7561,1663,1,above-cloud,LFLS,-942,46,-7.5,47,9.3,1030.6,0,0,0,1.6,63,0,0
2025-01-09,45.3174,5.7561,1663,0,below-cloud,LFLS,430,78,-2.8,84,2.4,1009.9,45,73,30,4.2,144,0,0
2025-01-16,45.3174,5.7561,1663,1,above-cloud,LFLS,-1033,87,-9.6,91,1.2,1030.1,92,98,0,3.6,37,0,0
2025-02-01,45.3174,5.7561,1663,1,above-cloud,LFLS,-1064,74,-6,100,0,1025.9,100,86,75,3,327,0,0
2025-02-09,45.3174,5.7561,1663,1,above-cloud,LFLS,-789,88,-5.9,94,0.8,1026.6,40,100,0,1.2,63,0,0
2025-02-19,45.3174,5.7561,1663,0,in-cloud,LFLS,34,68,-4.6,69,4.9,1021.3,31,31,13,1.1,81,0,0
2025-02-26,45.3174,5.7561,1663,1,above-cloud,LFLS,-241,85,-5.5,98,0.2,1023.8,92,100,0,5.4,339,0,0.4
2025-03-15,45.3174,5.7561,1663,1,above-cloud,LFLS,-1216,69,-6.2,100,0.1,1006.7,100,99,94,0.7,270,0,0.2
2025-03-27,45.3174,5.7561,1663,1,above-cloud,LFLS,-1033,87,-1.4,100,0.1,1016.3,98,1,17,4.2,317,0,0
2025-04-15,45.3174,5.7561,1663,1,above-cloud,LFLS,-576,79,3.8,92,1.2,1001.4,12,100,100,2.6,102,0,1.2
2025-04-24,45.3174,5.7561,1663,0,below-cloud,LFLS,918,89,-1.7,97,0.3,1019,23,38,0,2.7,337,0,0
2025-05-07,45.3174,5.7561,1663,1,above-cloud,LFLS,-1003,78,-0.3,99,0.1,1013.1,94,81,51,3.2,326,0,0.2
2025-06-03,45.3174,5.7561,1663,0,below-cloud,LFLS,2381,79,5.2,95,0.8,1016.6,0,11,100,1.8,66,0,0
2025-07-08,45.3174,5.7561,1663,1,above-cloud,LFLS,-637,87,5.5,97,0.5,1015,100,9,0,6.7,306,0,0.1
2025-08-02,45.3174,5.7561,1663,0,in-cloud,LFLS,-88,87,7.3,97,0.5,1014.9,100,41,0,4.4,333,0,2.8
2025-08-30,45.3174,5.7561,1663,0,below-cloud,LFLS,308,85,4.2,91,1.3,1011.8,0,28,0,0.2,90,0,0
2025-09-14,45.3174,5.7561,1663,0,below-cloud,LFLS,2076,77,5.4,92,1.2,1020.3,12,84,98,0.8,45,0,0
2025-09-25,45.3174,5.7561,1663,0,below-cloud,LFLS,247,95,0.3,99,0.2,1019.4,73,8,0,2.4,347,0,0
2025-10-10,45.3174,5.7561,1663,1,above-cloud,LFLS,-1064,83,4.1,99,0.2,1027.5,100,0,0,3.5,321,0,0
2025-10-20,45.3174,5.7561,1663,0,below-cloud,LFLS,308,70,4.7,85,2.2,1007.7,41,99,100,5.7,152,0,1.2
2025-10-26,45.3174,5.7561,1663,0,below-cloud,LFLS,430,79,-0.8,98,0.3,1014.4,100,80,53,6.2,316,0,0.1
2025-11-02,45.3174,5.7561,1663,1,above-cloud,LFLS,-820,69,3.7,99,0.2,1015.7,77,99,100,4.5,320,0,1.6
2025-11-18,45.3174,5.7561,1663,1,above-cloud,LFLS,-1003,84,-5.8,95,0.7,1019.6,100,1,0,7,331,0,0
2025-11-26,45.3174,5.7561,1663,1,above-cloud,LFLS,-850,68,-5.9,100,0.1,1015.8,100,100,0,6,307,0,0.5
2025-12-05,45.3174,5.7561,1663,1,above-cloud,LFLS,-850,90,-6.2,96,0.5,1011.7,85,31,0,4.1,347,0,0
2025-12-22,45.3174,5.7561,1663,0,below-cloud,LFLS,1039,62,-3.2,77,3.4,1006.4,0,27,80,1.5,54,0,0
2026-01-03,45.3174,5.7561,1663,1,above-cloud,LFLS,-850,90,-11.9,91,1.2,1011,84,0,0,3.9,338,0,0
2026-01-12,45.3174,5.7561,1663,0,below-cloud,LFLS,491,53,-6.3,48,9.3,1022.8,0,2,99,2.3,94,0,0
2026-01-28,45.3174,5.7561,1663,1,above-cloud,LFLS,-881,63,-5.9,100,0.1,993.9,100,100,100,4.9,309,0,1.4
2026-02-03,45.3174,5.7561,1663,0,below-cloud,LFLS,491,86,-4.7,96,0.6,998.2,79,100,85,4.2,245,0,0.2
2026-02-15,45.3174,5.7561,1663,1,above-cloud,LFLS,-942,79,-8.2,98,0.3,1019.6,100,0,77,7.3,318,0,0.1
2026-02-21,45.3174,5.7561,1663,1,above-cloud,LFLS,-271,81,-3.5,85,2.1,1030.3,100,30,94,4.5,5,0,0.1
2026-03-15,45.3174,5.7561,1663,1,above-cloud,LFLS,-850,62,-6.4,91,1.2,1008.6,100,100,100,8.8,351,0,0.3
2026-04-04,45.3174,5.7561,1663,1,above-cloud,LFLS,-667,76,-3.4,94,0.9,1025.1,1,2,4,4.7,360,0,0
2026-05-10,45.3174,5.7561,1663,0,below-cloud,LFLS,491,80,4.4,96,0.6,1012.9,14,100,65,2.7,360,0,0.5
2026-05-16,45.3174,5.7561,1663,1,above-cloud,LFLS,-454,93,-5.3,91,1.3,1010.9,40,24,5,2.4,9,0,0
2026-07-27,45.3174,5.7561,1663,0,below-cloud,LFLS,186,76,9.2,85,2.5,1017.9,17,2,0,3.9,326,0,0
2024-03-05,39.97,116.06,1291,1,above-cloud,ZBAA,-255,62,0.6,86,2.1,1021.4,100,100,0,4,297,0,0.2
2024-04-14,39.97,116.06,1291,0,in-cloud,ZBAA,-42,70,15,83,2.8,1009.7,2,8,99,4.4,145,0,0
2024-04-15,39.97,116.06,1291,1,above-cloud,ZBAA,-347,82,10.2,73,4.6,1009.5,0,0,0,11.6,300,0,0
2024-04-23,39.97,116.06,1291,1,above-cloud,ZBAA,-255,61,11.8,80,3.2,1009.5,27,99,90,14.1,341,0,0.2
2024-05-24,39.97,116.06,1291,0,in-cloud,ZBAA,-42,50,17.5,62,7.4,1015.2,100,100,100,2.9,187,0,0
2024-05-25,39.97,116.06,1291,0,in-cloud,ZBAA,-42,68,11.4,87,2.1,1016.5,9,100,100,4.3,360,0,0.9
2024-07-16,39.97,116.06,1291,0,in-cloud,ZBAA,-42,82,22.1,98,0.4,1005.9,100,78,0,5.7,145,0,0.8
2024-07-22,39.97,116.06,1291,0,in-cloud,ZBAA,-42,80,22.5,98,0.3,999,100,7,18,7,282,0,4.2
2024-07-25,39.97,116.06,1291,1,above-cloud,ZBAA,-255,77,22.8,90,1.6,1000,99,100,62,7.8,326,0,1.7
2024-07-30,39.97,116.06,1291,1,above-cloud,ZBAA,-255,73,23.6,98,0.4,1003,100,100,100,4.7,9,0,5
2024-08-26,39.97,116.06,1291,0,in-cloud,ZBAA,-42,66,21.1,99,0.1,1006.7,100,100,100,13.4,27,0,5.3
2024-09-20,39.97,116.06,1291,0,in-cloud,ZBAA,-42,79,18,87,2.2,1014.4,100,100,0,9.3,118,0,1.2
2025-01-31,39.97,116.06,1291,1,above-cloud,ZBAA,-255,61,-5.4,71,4.4,1029.6,99,0,100,1.4,23,0,0
2025-05-09,39.97,116.06,1291,1,above-cloud,ZBAA,-255,63,13.1,99,0.2,1007.9,100,100,100,8.8,78,0,0.8
2025-05-15,39.97,116.06,1291,0,in-cloud,ZBAA,-42,76,13.6,95,0.9,1014,6,0,0,4.2,230,0,0
2025-06-30,39.97,116.06,1291,0,in-cloud,ZBAA,-42,83,21.7,98,0.3,1002.8,100,1,0,2.4,54,0,0.1
2025-07-03,39.97,116.06,1291,1,above-cloud,ZBAA,-956,87,23,100,0,1002.6,95,16,53,2.2,14,0,0
2025-07-04,39.97,116.06,1291,1,above-cloud,ZBAA,-347,79,23.1,99,0.1,1001.1,6,0,0,3.1,277,0,0
2025-07-16,39.97,116.06,1291,0,in-cloud,ZBAA,-42,80,20.8,95,0.9,999.7,100,4,0,2.2,360,0,0
2025-07-20,39.97,116.06,1291,0,in-cloud,ZBAA,-42,70,24,99,0.1,1003.8,1,100,100,3.3,324,0,4.6
2025-07-21,39.97,116.06,1291,0,in-cloud,ZBAA,-42,75,20.4,95,0.8,1009.3,1,0,0,1.5,263,0,0
2025-07-24,39.97,116.06,1291,1,above-cloud,ZBAA,-255,81,23.2,99,0.2,1006.5,100,0,93,3.1,183,0,0.3
2025-07-25,39.97,116.06,1291,0,in-cloud,ZBAA,-42,80,23.5,100,0.1,1005.4,100,5,100,6.7,153,0,0.8
2025-07-28,39.97,116.06,1291,1,above-cloud,ZBAA,-469,82,22.9,99,0.1,1004.7,56,11,98,2.9,300,0,3.4
2025-07-29,39.97,116.06,1291,1,above-cloud,ZBAA,-255,87,23.1,99,0.2,999,100,94,100,6.5,276,0,5.1
2025-08-05,39.97,116.06,1291,0,in-cloud,ZBAA,-42,79,24.1,100,0.1,1002,100,100,4,0.9,307,0,0.3
2025-08-16,39.97,116.06,1291,0,in-cloud,ZBAA,-42,74,22.7,99,0.2,1008.5,99,4,100,2.9,277,0,0
2025-08-21,39.97,116.06,1291,0,in-cloud,ZBAA,-42,86,23.6,99,0.2,1005.6,82,21,99,4.1,61,0,0.1
2025-10-04,39.97,116.06,1291,1,above-cloud,ZBAA,-255,78,14.3,93,1.1,1016.6,2,6,75,1.8,276,0,0
2025-10-09,39.97,116.06,1291,1,above-cloud,ZBAA,-255,72,9.6,98,0.4,1025.1,100,100,77,3.6,45,0,0.7
2025-10-31,39.97,116.06,1291,1,above-cloud,ZBAA,-560,88,7.7,98,0.4,1023.1,100,0,0,4.1,272,0,0
2025-11-08,39.97,116.06,1291,1,above-cloud,ZBAA,-469,93,6.7,96,0.6,1025,100,0,0,2.9,263,0,0
2026-01-18,39.97,116.06,1291,0,in-cloud,ZBAA,141,64,-8.5,78,3.1,1029.3,100,100,42,2.3,29,0,0
2026-02-27,39.97,116.06,1291,1,above-cloud,ZBAA,-255,68,-0.4,80,3,1022,100,26,0,4.6,201,0,0
2026-03-05,39.97,116.06,1291,1,above-cloud,ZBAA,-347,85,-3.2,92,1.2,1025.9,100,77,0,3.3,61,0,0
2026-04-09,39.97,116.06,1291,1,above-cloud,ZBAA,-347,72,9.6,97,0.5,1002.3,4,100,100,1.5,111,0,1.1
2026-04-18,39.97,116.06,1291,1,above-cloud,ZBAA,-255,89,12,95,0.7,1011.8,77,0,0,4.1,319,0,0
2026-05-16,39.97,116.06,1291,0,in-cloud,ZBAA,-42,85,18,98,0.3,1017.9,17,40,98,7.2,28,0,0.7
2026-05-17,39.97,116.06,1291,0,in-cloud,ZBAA,-42,71,16.6,99,0.1,1014,100,20,81,4,18,0,0
2026-05-22,39.97,116.06,1291,1,above-cloud,ZBAA,-164,81,17.9,96,0.6,1007.2,62,100,99,7.2,183,0,0.1
2026-05-23,39.97,116.06,1291,1,above-cloud,ZBAA,-255,90,15.4,100,0,1006,65,0,0,1.4,270,0,0
2026-07-11,39.97,116.06,1291,1,above-cloud,ZBAA,-255,90,23.7,99,0.1,1001.3,71,13,13,3.1,36,0,0
2026-07-23,39.97,116.06,1291,0,in-cloud,ZBAA,-42,80,21.5,98,0.3,1003.7,100,100,100,3.1,140,0,0.5
2026-07-31,39.97,116.06,1291,1,above-cloud,ZBAA,-651,82,24.7,99,0.1,1003,31,0,6,4.4,232,0,0
2026-08-04,39.97,116.06,1291,1,above-cloud,ZBAA,-255,92,23.8,99,0.1,1009.5,35,1,37,2.7,298,0,0
2024-01-03,28.7001,-17.8643,1186,0,in-cloud,GCLA,-119,97,9.5,100,0,1023.2,99,0,0,1.5,76,0,0
2024-02-10,28.7001,-17.8643,1186,1,above-cloud,GCLA,-454,85,11.6,100,0,1018.1,100,0,100,6.9,9,0,0
2024-02-25,28.7001,-17.8643,1186,0,in-cloud,GCLA,-88,80,8,99,0.1,1026.2,97,0,0,9.4,90,0,0
2024-03-04,28.7001,-17.8643,1186,0,in-cloud,GCLA,64,81,8,99,0.1,1026.1,100,0,21,6.6,81,0,0
2024-03-19,28.7001,-17.8643,1186,1,above-cloud,GCLA,-302,80,10.2,100,0,1020,100,0,0,8,82,0,0
2024-04-26,28.7001,-17.8643,1186,0,in-cloud,GCLA,-27,89,8.2,98,0.3,1016.3,17,0,0,2.2,81,0,0
2024-05-03,28.7001,-17.8643,1186,0,in-cloud,GCLA,-88,81,6,93,1.1,1020.5,18,0,78,3.3,49,0,0
2024-05-15,28.7001,-17.8643,1186,0,in-cloud,GCLA,-88,82,9.3,99,0.2,1018.4,100,0,0,6.5,93,0,0.2
2024-05-22,28.7001,-17.8643,1186,0,below-cloud,GCLA,369,90,9.3,96,0.7,1023.3,91,0,0,6.1,90,0,0.1
2024-05-31,28.7001,-17.8643,1186,0,in-cloud,GCLA,-88,83,10.6,99,0.1,1017,100,0,0,6.6,45,0,0
2024-06-14,28.7001,-17.8643,1186,0,in-cloud,GCLA,-88,82,10.9,100,0,1022.1,100,0,0,6.9,81,0,0
2024-06-20,28.7001,-17.8643,1186,0,in-cloud,GCLA,64,88,10.5,96,0.6,1023.2,93,0,0,7.6,85,0,0
2024-06-28,28.7001,-17.8643,1186,0,in-cloud,GCLA,3,89,10.1,99,0.2,1021.4,95,0,0,7.2,87,0,0
2024-07-05,28.7001,-17.8643,1186,1,above-cloud,GCLA,-423,92,12.1,94,0.9,1018.9,69,0,0,4,85,0,0
2024-07-23,28.7001,-17.8643,1186,1,above-cloud,GCLA,-423,87,14.3,92,1.4,1019.1,58,0,0,7.6,93,0,0
2024-08-04,28.7001,-17.8643,1186,1,above-cloud,GCLA,-545,49,16.2,65,6.7,1017.3,3,0,0,4.3,132,0,0
2024-08-13,28.7001,-17.8643,1186,1,above-cloud,GCLA,-484,46,17,65,6.6,1016.4,5,5,0,7,102,0,0
2024-08-29,28.7001,-17.8643,1186,0,in-cloud,GCLA,3,89,13.5,99,0.1,1019.7,100,0,0,6.6,77,0,0
2024-09-05,28.7001,-17.8643,1186,0,in-cloud,GCLA,64,82,12.6,100,0,1016.3,100,0,0,6.5,93,0,0.1
2024-09-12,28.7001,-17.8643,1186,0,in-cloud,GCLA,125,73,12.7,100,0,1022.3,100,0,0,10.9,81,0,0
2024-10-16,28.7001,-17.8643,1186,0,below-cloud,GCLA,674,81,15.7,100,0,1017.6,100,100,23,4,32,0,0.2
2024-10-22,28.7001,-17.8643,1186,0,below-cloud,GCLA,186,81,11.8,100,0,1024,100,0,0,7.7,72,0,0
2024-11-24,28.7001,-17.8643,1186,0,below-cloud,GCLA,217,88,12,100,0.1,1013.7,100,26,95,10.3,213,0,2.6
2024-12-08,28.7001,-17.8643,1186,1,above-cloud,GCLA,-241,91,8.6,100,0,1026.6,96,0,0,6.2,64,0,0
2024-12-24,28.7001,-17.8643,1186,0,in-cloud,GCLA,-88,73,6.9,91,1.4,1018.1,18,6,92,10.3,95,0,0
2025-01-23,28.7001,-17.8643,1186,0,below-cloud,GCLA,369,78,6.3,100,0,1020.3,100,19,0,9,68,0,0.2
2025-01-30,28.7001,-17.8643,1186,1,above-cloud,GCLA,-180,76,9.1,100,0,1031.2,100,0,0,10.6,93,0,0.1
2025-02-12,28.7001,-17.8643,1186,0,in-cloud,GCLA,-88,85,6.5,99,0.1,1021.6,100,0,0,4.8,75,0,0
2025-02-24,28.7001,-17.8643,1186,1,above-cloud,GCLA,-302,91,7.2,93,1.1,1027.6,71,0,54,6.3,90,0,0
2025-03-19,28.7001,-17.8643,1186,0,below-cloud,GCLA,217,71,7.5,100,0,1016.1,100,0,20,13.8,249,0,0.3
2025-03-26,28.7001,-17.8643,1186,0,in-cloud,GCLA,64,86,7.4,100,0.1,1023.9,100,0,0,6.3,75,0,0.1
2025-04-16,28.7001,-17.8643,1186,0,in-cloud,GCLA,64,94,6,96,0.6,1024.7,44,0,0,5.8,68,0,0
2025-04-23,28.7001,-17.8643,1186,0,below-cloud,GCLA,156,80,7.5,100,0,1021.4,100,0,0,8.4,74,0,0
2025-05-04,28.7001,-17.8643,1186,0,in-cloud,GCLA,-27,86,9.2,100,0,1020.4,100,0,3,1.6,276,0,0.1
2025-05-22,28.7001,-17.8643,1186,0,in-cloud,GCLA,95,81,10.4,100,0,1022.6,100,0,69,7.6,76,0,0
2025-05-30,28.7001,-17.8643,1186,1,above-cloud,GCLA,-393,86,8.6,86,2.3,1020.7,3,0,0,2.2,90,0,0
2025-06-06,28.7001,-17.8643,1186,1,above-cloud,GCLA,-423,92,10.6,98,0.3,1022.1,100,0,26,4.4,58,0,0
2025-06-21,28.7001,-17.8643,1186,0,in-cloud,GCLA,-88,85,12,98,0.3,1023.1,39,0,0,8.4,67,0,0
2025-07-06,28.7001,-17.8643,1186,1,above-cloud,GCLA,-363,73,13.6,85,2.4,1021.5,60,0,0,12.5,84,0,0
2025-07-19,28.7001,-17.8643,1186,1,above-cloud,GCLA,-302,84,14.5,92,1.3,1020.5,49,0,0,8.1,84,0,0
2025-08-04,28.7001,-17.8643,1186,0,in-cloud,GCLA,-58,87,11.1,94,0.9,1021.2,0,0,0,4,82,0,0
2025-08-20,28.7001,-17.8643,1186,1,above-cloud,GCLA,-241,83,14,100,0.1,1019,100,0,0,8.8,81,0,0
2025-08-28,28.7001,-17.8643,1186,0,in-cloud,GCLA,-149,81,14.1,100,0,1021,100,0,0,7.2,96,0,0.2
2025-09-09,28.7001,-17.8643,1186,1,above-cloud,GCLA,-393,75,15,100,0,1023.1,100,0,0,9.2,92,0,0.3
2025-09-29,28.7001,-17.8643,1186,0,in-cloud,GCLA,-88,84,11.6,100,0,1022.6,100,0,0,5.1,86,0,0
2025-10-07,28.7001,-17.8643,1186,0,in-cloud,GCLA,64,79,12.6,100,0,1023.6,100,0,0,8.6,82,0,0
2025-10-13,28.7001,-17.8643,1186,0,in-cloud,GCLA,-88,92,11.6,100,0.1,1018.1,100,0,11,3.2,71,0,0
2025-10-23,28.7001,-17.8643,1186,0,in-cloud,GCLA,34,91,13.5,92,1.3,1022,99,0,0,2.9,90,0,0
2025-11-17,28.7001,-17.8643,1186,0,in-cloud,GCLA,64,92,9.3,100,0,1024.9,96,0,2,4.7,67,0,0
2025-11-27,28.7001,-17.8643,1186,0,below-cloud,GCLA,278,88,9.5,99,0.1,1021.2,97,0,0,6.5,62,0,0.2
2025-12-03,28.7001,-17.8643,1186,1,above-cloud,GCLA,-241,70,9.2,100,0,1025.4,100,1,0,5.8,92,0,0
2025-12-25,28.7001,-17.8643,1186,0,in-cloud,GCLA,64,82,7.5,100,0,1018.5,100,0,0,10.2,45,0,0.2
2026-01-07,28.7001,-17.8643,1186,0,below-cloud,GCLA,369,76,5.4,100,0,1030.4,99,0,0,7.4,103,0,0
2026-01-19,28.7001,-17.8643,1186,0,below-cloud,GCLA,217,91,5.3,97,0.4,1024.5,44,0,0,5.6,88,0,0
2026-01-31,28.7001,-17.8643,1186,1,above-cloud,GCLA,-271,93,7.8,96,0.6,1026.1,84,0,0,5.2,70,0,0
2026-02-20,28.7001,-17.8643,1186,1,above-cloud,GCLA,-302,92,5.6,93,1,1024.2,30,0,0,5.5,79,0,0
2026-03-01,28.7001,-17.8643,1186,0,in-cloud,GCLA,64,85,6.2,100,0,1022.5,95,22,0,7.6,82,0,0.4
2026-03-11,28.7001,-17.8643,1186,0,in-cloud,GCLA,64,71,6.3,100,0,1024.2,100,0,0,8.1,94,0,0.4
2026-03-18,28.7001,-17.8643,1186,0,in-cloud,GCLA,3,61,6.7,100,0,1008.9,100,27,0,11.8,282,0,1.8
2026-03-27,28.7001,-17.8643,1186,0,in-cloud,GCLA,-88,82,6.8,100,0,1017.6,100,0,0,7.7,72,0,0
2026-04-12,28.7001,-17.8643,1186,1,above-cloud,GCLA,-241,78,7.8,100,0,1023.9,100,0,0,6.8,90,0,0.3
2026-04-20,28.7001,-17.8643,1186,1,above-cloud,GCLA,-241,82,8.2,100,0,1009.9,100,0,0,4.6,11,0,0
2026-05-07,28.7001,-17.8643,1186,1,above-cloud,GCLA,-393,82,9.2,100,0,1015.6,100,0,0,7.2,104,0,0.6
2026-05-25,28.7001,-17.8643,1186,1,above-cloud,GCLA,-545,72,11.5,65,6.2,1018.6,2,0,0,2.5,150,0,0
2026-06-07,28.7001,-17.8643,1186,1,above-cloud,GCLA,-180,91,11.5,99,0.1,1021.9,100,0,0,8.3,94,0,0
2026-06-14,28.7001,-17.8643,1186,1,above-cloud,GCLA,-271,72,10.7,84,2.6,1021.5,28,0,2,8.5,92,0,0
2026-06-27,28.7001,-17.8643,1186,1,above-cloud,GCLA,-393,85,13.7,98,0.3,1022.1,100,0,0,6.8,40,0,0
2026-07-11,28.7001,-17.8643,1186,1,above-cloud,GCLA,-393,70,15.1,99,0.1,1017.7,100,0,0,5.9,40,0,0
2024-01-03,45.711,6.0314,1376,0,below-cloud,LFLB,1423,69,1.6,80,3,1012.3,8,0,0,7.2,186,0,0
2024-01-10,45.711,6.0314,1376,1,above-cloud,LFLB,-497,81,-6.6,79,3.1,1022.2,9,100,100,4.8,132,0,0
2024-01-17,45.711,6.0314,1376,0,below-cloud,LFLB,1240,75,1.8,84,2.4,997.8,20,99,97,9.8,156,0,0.1
2024-02-01,45.711,6.0314,1376,0,in-cloud,LFLB,82,82,1.2,81,2.8,1034.2,100,40,100,2.2,171,0,0.3
2024-02-10,45.711,6.0314,1376,1,above-cloud,LFLB,-436,70,2.1,86,2.2,986.2,0,100,100,2.2,99,0,0
2024-02-20,45.711,6.0314,1376,0,in-cloud,LFLB,143,87,-0.5,100,0,1032,99,96,82,5.2,326,0,0
2024-03-01,45.711,6.0314,1376,0,below-cloud,LFLB,296,80,0.6,99,0.2,1010.9,100,99,100,5.4,312,0,0.4
2024-03-11,45.711,6.0314,1376,0,below-cloud,LFLB,509,82,0.3,73,4.3,1004.3,0,58,81,2.1,211,0,0
2024-03-23,45.711,6.0314,1376,0,below-cloud,LFLB,997,62,6.4,76,4,1015.8,36,100,42,9.3,257,0,0.1
2024-04-09,45.711,6.0314,1376,0,in-cloud,LFLB,-40,78,6.2,93,1,1015,100,100,100,6.3,204,0,2.1
2024-04-23,45.711,6.0314,1376,0,in-cloud,LFLB,-70,79,-4.1,98,0.3,1015.1,99,92,41,7.6,341,0,0.1
2024-05-02,45.711,6.0314,1376,1,above-cloud,LFLB,-253,62,5.7,98,0.2,1001.8,100,100,99,5.4,250,0,0.8
2024-05-15,45.711,6.0314,1376,0,below-cloud,LFLB,1240,80,6,100,0.1,1006.2,99,100,97,3.6,127,0,0
2024-05-25,45.711,6.0314,1376,1,above-cloud,LFLB,-588,87,3.7,98,0.3,1018.9,18,0,0,0.7,180,0,0
2024-06-03,45.711,6.0314,1376,0,in-cloud,LFLB,113,82,7.9,100,0.1,1017.3,100,7,15,4.6,321,0,0
2024-06-22,45.711,6.0314,1376,0,below-cloud,LFLB,814,92,9.1,99,0.2,1019.1,70,7,5,1.4,180,0,0.1
2024-07-07,45.711,6.0314,1376,1,above-cloud,LFLB,-558,87,9.8,99,0.1,1014.8,100,48,88,5.7,325,0,0.1
2024-08-15,45.711,6.0314,1376,1,above-cloud,LFLB,-619,91,13,99,0.1,1018.4,100,0,0,1.4,180,0,0
2024-09-04,45.711,6.0314,1376,0,below-cloud,LFLB,2216,90,11.5,99,0.1,1017.2,95,100,78,3.8,131,0,0
2024-09-13,45.711,6.0314,1376,0,below-cloud,LFLB,570,87,0.2,99,0.2,1020.3,98,12,0,5.4,323,0,0
2024-09-26,45.711,6.0314,1376,0,below-cloud,LFLB,1423,74,8.6,93,1,1006.3,95,100,92,5.4,178,0,1.6
2024-10-04,45.711,6.0314,1376,0,in-cloud,LFLB,-40,73,2.7,97,0.5,1012.5,100,20,97,8.8,341,0,0.1
2024-10-13,45.711,6.0314,1376,0,in-cloud,LFLB,143,87,7.4,93,1.1,1018.8,49,52,12,3.3,158,0,1.1
2024-10-23,45.711,6.0314,1376,0,in-cloud,LFLB,21,74,8.1,98,0.4,1029.8,100,1,0,4.6,347,0,0
2024-11-01,45.711,6.0314,1376,1,above-cloud,LFLB,-924,86,4.3,82,2.9,1024.8,14,0,0,2.8,162,0,0
2024-11-10,45.711,6.0314,1376,1,above-cloud,LFLB,-710,79,4.6,73,4.5,1024.5,0,46,0,1.1,198,0,0
2024-11-18,45.711,6.0314,1376,0,below-cloud,LFLB,570,81,0.9,94,0.9,1019.7,86,1,45,2.8,63,0,0
2024-11-29,45.711,6.0314,1376,0,in-cloud,LFLB,-101,83,0.4,82,2.7,1027,100,0,0,2.7,8,0,0
2024-12-09,45.711,6.0314,1376,1,above-cloud,LFLB,-314,71,-3.5,97,0.4,1011.3,100,25,6,2.6,326,0,0
2024-12-16,45.711,6.0314,1376,1,above-cloud,LFLB,-985,84,-5.6,81,2.7,1040.5,17,0,0,0.6,162,0,0
2024-12-25,45.711,6.0314,1376,1,above-cloud,LFLB,-314,95,-8.8,96,0.5,1033.1,55,0,0,0.6,214,0,0
2025-01-05,45.711,6.0314,1376,0,below-cloud,LFLB,1606,82,1.6,90,1.4,1010.6,5,69,61,6,189,0,0
2025-01-12,45.711,6.0314,1376,0,in-cloud,LFLB,-40,73,-7.9,90,1.4,1031.5,99,0,0,6.6,347,0,0
2025-01-23,45.711,6.0314,1376,0,in-cloud,LFLB,113,79,1.3,95,0.6,1011.8,100,100,0,4.2,234,0,3.2
2025-02-03,45.711,6.0314,1376,1,above-cloud,LFLB,-558,82,-3,83,2.4,1024.8,40,0,0,0.4,207,0,0
2025-02-12,45.711,6.0314,1376,1,above-cloud,LFLB,-985,82,-0.6,87,2,1017.7,7,47,0,2.7,148,0,0
2025-02-25,45.711,6.0314,1376,0,below-cloud,LFLB,997,70,2.7,83,2.5,1017.6,10,100,100,6.7,243,0,0
2025-03-14,45.711,6.0314,1376,0,below-cloud,LFLB,936,84,-2.5,96,0.6,1001.6,100,82,99,3.6,342,0,0
2025-03-26,45.711,6.0314,1376,0,below-cloud,LFLB,296,89,1.7,93,1,1019.3,65,69,28,0.6,342,0,0
2025-04-16,45.711,6.0314,1376,0,in-cloud,LFLB,113,76,4.9,99,0.1,1006.4,100,91,99,6.3,252,0,0.6
2025-04-28,45.711,6.0314,1376,1,above-cloud,LFLB,-924,88,4,97,0.4,1022.9,25,37,8,0.4,180,0,0
2025-05-09,45.711,6.0314,1376,0,in-cloud,LFLB,21,91,1.1,92,1.2,1013.5,53,43,0,0,270,0,0
2025-05-26,45.711,6.0314,1376,0,below-cloud,LFLB,448,84,6.8,97,0.4,1020.4,100,91,99,0.4,360,0,0.4
2025-07-13,45.711,6.0314,1376,0,below-cloud,LFLB,1484,72,12.7,85,2.4,1013.8,26,67,17,3.8,172,0,0.2
2025-07-28,45.711,6.0314,1376,0,below-cloud,LFLB,326,86,7.6,98,0.3,1015.7,95,99,8,3.9,338,0,0.6
2025-09-01,45.711,6.0314,1376,0,below-cloud,LFLB,692,79,10.6,99,0.1,1011.1,84,100,92,3.1,130,0,3.3
2025-09-12,45.711,6.0314,1376,0,below-cloud,LFLB,509,85,7.9,99,0.1,1021,100,14,0,6.3,263,0,0.3
2025-09-26,45.711,6.0314,1376,0,below-cloud,LFLB,1058,88,2.5,99,0.1,1019.4,100,100,69,0.4,360,0,0.1
2025-10-05,45.711,6.0314,1376,0,below-cloud,LFLB,387,82,1.7,99,0.2,1021.6,100,17,0,0.7,104,0,0.3
2025-10-14,45.711,6.0314,1376,1,above-cloud,LFLB,-345,84,3.8,93,1,1021.1,100,0,0,1.5,144,0,0
2025-10-22,45.711,6.0314,1376,0,below-cloud,LFLB,509,82,7.6,97,0.5,1005.7,85,59,100,6.9,189,0,0.2
2025-10-30,45.711,6.0314,1376,0,in-cloud,LFLB,-131,81,5.2,98,0.3,1011.7,100,91,0,1.5,126,0,1.3
2025-11-17,45.711,6.0314,1376,0,below-cloud,LFLB,204,83,2.9,98,0.3,1009.4,96,72,20,5.6,202,0,0.3
2025-11-26,45.711,6.0314,1376,1,above-cloud,LFLB,-162,83,-4.2,100,0.1,1015.9,100,36,0,4.9,321,0,0.2
2025-12-08,45.711,6.0314,1376,0,below-cloud,LFLB,631,83,5,86,2.1,1022.1,86,2,0,1.2,153,0,0
2025-12-27,45.711,6.0314,1376,1,above-cloud,LFLB,-527,52,-3.6,65,5.7,1025.6,0,0,0,3.2,133,0,0
2026-01-07,45.711,6.0314,1376,0,in-cloud,LFLB,52,81,-10.6,84,2.2,1020.3,52,0,0,1,292,0,0
2026-01-23,45.711,6.0314,1376,1,above-cloud,LFLB,-954,85,-2.6,97,0.4,996.1,43,2,98,4.6,154,0,0
2026-02-01,45.711,6.0314,1376,0,below-cloud,LFLB,448,84,-5.3,97,0.4,1011.1,100,5,2,1.1,189,0,0
2026-02-10,45.711,6.0314,1376,0,below-cloud,LFLB,387,74,-1.9,100,0,1004.8,100,100,96,7.7,144,0,1.4
2026-02-17,45.711,6.0314,1376,0,in-cloud,LFLB,52,74,-4.9,98,0.3,1015.8,100,31,0,6.8,233,0,0.4
2026-03-01,45.711,6.0314,1376,0,below-cloud,LFLB,1545,84,0.8,98,0.2,1026.9,100,29,91,0.9,11,0,0
2026-03-22,45.711,6.0314,1376,0,below-cloud,LFLB,570,83,-0.8,98,0.3,1011.4,100,100,0,5.6,178,0,0.6
2026-04-01,45.711,6.0314,1376,0,in-cloud,LFLB,52,92,-5.2,96,0.5,1023.5,85,26,0,3.5,309,0,0
2026-04-29,45.711,6.0314,1376,1,above-cloud,LFLB,-253,92,5.7,96,0.7,1015.2,18,28,35,1.1,81,0,0
2026-05-15,45.711,6.0314,1376,1,above-cloud,LFLB,-253,81,-2,100,0,1002.7,100,100,86,4.2,252,0,1.9
2024-01-01,45.844,6.2569,1579,0,below-cloud,LFLP,530,85,-5.6,81,2.7,1018.1,9,22,100,6.9,81,0,0
2024-01-07,45.844,6.2569,1579,1,above-cloud,LFLP,-232,64,-4.5,97,0.3,1010.2,100,100,2,8.4,313,0,0.2
2024-01-13,45.844,6.2569,1579,1,above-cloud,LFLP,-689,90,-8.5,81,2.6,1025.8,43,0,0,3,76,0,0
2024-01-19,45.844,6.2569,1579,0,in-cloud,LFLP,42,81,-7.5,93,1,1017.1,99,29,0,7.3,349,0,0.1
2024-02-01,45.844,6.2569,1579,1,above-cloud,LFLP,-415,79,-0.7,73,4.2,1034.2,100,76,100,4.3,95,0,0
2024-02-12,45.844,6.2569,1579,0,in-cloud,LFLP,-110,85,-3.2,87,1.8,1006.9,93,5,93,4.2,70,0,0
2024-02-24,45.844,6.2569,1579,0,below-cloud,LFLP,1018,73,-7.5,77,3.4,1004.8,5,18,60,4.4,81,0,0
2024-03-01,45.844,6.2569,1579,0,below-cloud,LFLP,286,84,-1.9,99,0.1,1011.1,100,100,100,3.7,331,0,0.1
2024-03-10,45.844,6.2569,1579,0,below-cloud,LFLP,1140,67,-0.4,66,5.6,994.3,1,100,100,4.5,166,0,0.1
2024-03-21,45.844,6.2569,1579,0,below-cloud,LFLP,835,76,2.3,77,3.5,1024.5,21,33,0,6.2,83,0,0
2024-04-02,45.844,6.2569,1579,0,below-cloud,LFLP,225,87,-3.5,93,0.9,1018,61,100,72,6.9,99,0,0
2024-04-18,45.844,6.2569,1579,1,above-cloud,LFLP,-628,67,-4.6,96,0.6,1014.9,100,100,36,5.8,292,0,1.2
2024-04-26,45.844,6.2569,1579,0,below-cloud,LFLP,591,60,-2.2,64,5.8,1007.6,7,67,16,4.3,90,0,0
2024-05-06,45.844,6.2569,1579,0,below-cloud,LFLP,652,72,4,100,0.1,1010.6,5,64,100,2.5,90,0,0.8
2024-05-17,45.844,6.2569,1579,1,above-cloud,LFLP,-872,87,-0.1,89,1.6,1010.7,30,0,0,4,80,0,0
2024-05-30,45.844,6.2569,1579,1,above-cloud,LFLP,-659,80,6.2,99,0.1,1011.9,100,100,66,3.4,108,0,1.2
2024-06-07,45.844,6.2569,1579,0,below-cloud,LFLP,591,70,8.2,78,3.7,1019.7,20,6,94,3.6,96,0,0
2024-06-22,45.844,6.2569,1579,0,in-cloud,LFLP,103,93,5.5,98,0.2,1019.2,25,27,2,3.3,77,0,0.1
2024-07-06,45.844,6.2569,1579,0,below-cloud,LFLP,1261,76,10.9,82,2.9,1011.5,0,0,100,3.3,96,0,0
2024-07-22,45.844,6.2569,1579,0,below-cloud,LFLP,1566,86,8.9,100,0,1018.4,100,2,0,4.1,315,0,0
2024-08-19,45.844,6.2569,1579,0,in-cloud,LFLP,-49,88,8.9,96,0.7,1015.9,100,7,100,5.5,328,0,0.1
2024-09-04,45.844,6.2569,1579,1,above-cloud,LFLP,-659,74,10.6,87,2,1017.3,10,97,100,3.3,96,0,0
2024-09-12,45.844,6.2569,1579,0,below-cloud,LFLP,652,87,1.3,95,0.7,1014.9,96,6,100,2.9,300,0,0
2024-09-24,45.844,6.2569,1579,0,below-cloud,LFLP,347,74,4.2,93,1,1012.6,95,13,98,3.2,90,0,0
2024-10-02,45.844,6.2569,1579,1,above-cloud,LFLP,-232,82,4.5,99,0.1,1011,100,1,0,5.3,308,0,0
2024-10-10,45.844,6.2569,1579,0,below-cloud,LFLP,195,82,5.2,90,1.5,1004.3,100,41,13,2.6,214,0,0.1
2024-10-18,45.844,6.2569,1579,0,below-cloud,LFLP,1505,85,6,99,0.1,1013,1,100,100,3.6,81,0,1.4
2024-10-25,45.844,6.2569,1579,1,above-cloud,LFLP,-598,70,3.5,81,2.9,1019.8,0,8,1,3.5,78,0,0
2024-11-05,45.844,6.2569,1579,1,above-cloud,LFLP,-994,60,2,67,5.6,1024.3,0,0,23,4.3,85,0,0
2024-11-14,45.844,6.2569,1579,1,above-cloud,LFLP,-506,85,-2.2,89,1.6,1024.7,4,0,0,2.6,16,0,0
2024-11-22,45.844,6.2569,1579,0,in-cloud,LFLP,73,69,-7.6,97,0.5,1009.9,100,100,0,4,280,0,0.4
2024-12-03,45.844,6.2569,1579,0,below-cloud,LFLP,591,89,-2.9,100,0,1022.5,100,27,0,2.3,302,0,0
2024-12-11,45.844,6.2569,1579,1,above-cloud,LFLP,-445,90,-8.8,93,1,1024.1,11,0,0,2.4,81,0,0
2024-12-21,45.844,6.2569,1579,0,below-cloud,LFLP,774,82,-8.7,64,5.7,1027.7,5,4,0,6.8,79,0,0
2025-01-04,45.844,6.2569,1579,1,above-cloud,LFLP,-476,82,-9.5,73,4,1021,36,0,94,4.5,88,0,0
2025-01-11,45.844,6.2569,1579,1,above-cloud,LFLP,-781,73,-2.6,98,0.3,1019.2,100,99,100,2.1,285,0,0
2025-01-19,45.844,6.2569,1579,1,above-cloud,LFLP,-994,51,-4.2,51,8.7,1020.8,0,22,0,3.1,83,0,0
2025-01-30,45.844,6.2569,1579,0,below-cloud,LFLP,1079,71,-4.4,88,1.7,1012.4,0,100,88,5.4,84,0,0
2025-02-05,45.844,6.2569,1579,1,above-cloud,LFLP,-842,50,-5.5,59,6.8,1034,8,0,0,0.6,56,0,0
2025-02-14,45.844,6.2569,1579,0,below-cloud,LFLP,195,78,-6.6,93,0.9,1020.7,90,0,0,1.8,307,0,0
2025-02-25,45.844,6.2569,1579,0,below-cloud,LFLP,408,77,0.3,64,6,1017.4,0,100,100,1.7,108,0,0.1
2025-03-14,45.844,6.2569,1579,0,below-cloud,LFLP,652,84,-4.8,94,0.8,1001.4,90,73,99,3.4,58,0,0
2025-03-26,45.844,6.2569,1579,0,below-cloud,LFLP,164,95,-3.4,99,0.1,1019,93,56,33,1.9,73,0,0
2025-04-15,45.844,6.2569,1579,0,below-cloud,LFLP,774,75,3.4,98,0.3,1001.5,5,100,100,3.9,112,0,0.7
2025-04-23,45.844,6.2569,1579,0,below-cloud,LFLP,408,84,0,91,1.2,1019.4,100,28,0,0.2,90,0,0
2025-05-06,45.844,6.2569,1579,1,above-cloud,LFLP,-384,68,0.9,93,0.9,1010,100,27,81,1.1,261,0,0.1
2025-05-20,45.844,6.2569,1579,1,above-cloud,LFLP,-537,77,4.9,90,1.5,1014.4,0,99,100,3.3,81,0,0
2025-06-07,45.844,6.2569,1579,0,below-cloud,LFLP,713,90,8.7,99,0.2,1017.3,55,73,57,5.8,116,0,0.3
2025-07-14,45.844,6.2569,1579,0,below-cloud,LFLP,652,92,9.9,99,0.2,1021.4,64,75,31,4.8,151,0,3.4
2025-07-27,45.844,6.2569,1579,1,above-cloud,LFLP,-811,80,7.5,89,1.6,1018.1,18,2,94,0.9,79,0,0
2025-08-22,45.844,6.2569,1579,1,above-cloud,LFLP,-964,91,9,99,0.2,1015.9,54,1,0,1.9,311,0,0.3
2025-09-05,45.844,6.2569,1579,0,below-cloud,LFLP,408,84,7,99,0.1,1021.8,100,3,0,4.2,282,0,0.7
2025-09-16,45.844,6.2569,1579,0,in-cloud,LFLP,134,90,6.5,95,0.8,1025.3,79,3,0,3.5,305,0,0
2025-09-27,45.844,6.2569,1579,1,above-cloud,LFLP,-750,94,1,95,0.7,1021.2,42,4,0,2,80,0,0
2025-10-05,45.844,6.2569,1579,0,in-cloud,LFLP,103,87,0.2,95,0.6,1021.7,100,7,0,1.3,74,0,0.1
2025-10-13,45.844,6.2569,1579,1,above-cloud,LFLP,-537,90,2.5,94,0.9,1022.1,20,0,0,1.8,96,0,0
2025-10-20,45.844,6.2569,1579,0,below-cloud,LFLP,713,76,4.2,94,0.9,1007.6,48,100,100,5.6,105,0,1.7
2025-10-26,45.844,6.2569,1579,0,below-cloud,LFLP,164,72,-0.3,94,0.8,1014.2,100,49,0,2.3,157,0,0.4
2025-11-03,45.844,6.2569,1579,0,below-cloud,LFLP,1140,86,0.3,84,2.3,1025.3,100,100,0,0.9,79,0,0
2025-11-22,45.844,6.2569,1579,0,in-cloud,LFLP,-110,82,-8,84,2.2,1025.2,100,2,0,5.6,50,0,0
2025-12-01,45.844,6.2569,1579,1,above-cloud,LFLP,-324,87,-3.1,89,1.5,1020.1,80,0,0,2.5,30,0,0
2025-12-08,45.844,6.2569,1579,0,below-cloud,LFLP,195,79,3.3,84,2.5,1022.4,77,26,0,5.4,88,0,0
2025-12-27,45.844,6.2569,1579,1,above-cloud,LFLP,-750,49,-5.9,59,6.6,1026,4,0,0,3.5,78,0,0
2026-01-03,45.844,6.2569,1579,1,above-cloud,LFLP,-324,74,-6.8,81,2.8,1010.6,95,1,0,2.3,29,0,0
2026-01-11,45.844,6.2569,1579,1,above-cloud,LFLP,-598,90,-10.6,85,2,1025.8,100,0,8,4.5,50,0,0
2026-01-28,45.844,6.2569,1579,1,above-cloud,LFLP,-903,65,-4,98,0.2,993.3,100,100,100,1.7,283,0,1.6
2026-02-06,45.844,6.2569,1579,1,above-cloud,LFLP,-202,74,-2.3,96,0.6,994,100,100,0,6.1,114,0,0.2
2026-02-13,45.844,6.2569,1579,1,above-cloud,LFLP,-263,82,-3,90,1.4,1000.6,42,5,1,7.6,102,0,0
2026-02-20,45.844,6.2569,1579,1,above-cloud,LFLP,-659,70,-3,97,0.4,1021,100,100,5,2.8,320,0,1.3
2026-03-12,45.844,6.2569,1579,1,above-cloud,LFLP,-842,85,-1.4,96,0.5,1026,100,13,0,0.4,27,0,0
2026-03-30,45.844,6.2569,1579,0,below-cloud,LFLP,835,84,-5.6,91,1.3,1027.9,53,100,0,4,72,0,0
2026-04-20,45.844,6.2569,1579,0,below-cloud,LFLP,195,75,0.2,91,1.2,1016.7,1,0,0,2.7,82,0,0
2026-05-11,45.844,6.2569,1579,0,in-cloud,LFLP,73,82,3.2,97,0.4,1009.4,90,100,99,7.1,106,0,3.4
2026-05-20,45.844,6.2569,1579,0,in-cloud,LFLP,-110,85,4.2,89,1.7,1024.4,100,18,33,3.1,97,0,0.1
2026-07-27,45.844,6.2569,1579,0,below-cloud,LFLP,1322,85,10.2,92,1.3,1018.3,29,10,0,0.4,63,0,0
2024-01-03,45.7162,6.0305,1318,0,below-cloud,LFLB,1481,69,2,80,3.1,1012.3,8,0,0,7.2,186,0,0
2024-01-10,45.7162,6.0305,1318,1,above-cloud,LFLB,-439,81,-6.3,79,3,1022.2,9,100,100,4.8,132,0,0
2024-01-17,45.7162,6.0305,1318,0,below-cloud,LFLB,1298,75,2.1,84,2.4,997.8,20,99,97,9.8,156,0,0.1
2024-02-01,45.7162,6.0305,1318,0,in-cloud,LFLB,140,83,1.6,81,2.9,1034.2,100,40,100,2.2,171,0,0.3
2024-02-10,45.7162,6.0305,1318,1,above-cloud,LFLB,-378,70,2.4,86,2.1,986.2,0,100,100,2.2,99,0,0
2024-02-20,45.7162,6.0305,1318,0,below-cloud,LFLB,201,87,-0.2,100,0,1032,99,96,82,5.2,326,0,0
2024-03-01,45.7162,6.0305,1318,0,below-cloud,LFLB,354,80,0.9,99,0.1,1010.9,100,99,100,5.4,312,0,0.4
2024-03-11,45.7162,6.0305,1318,0,below-cloud,LFLB,567,82,0.6,73,4.2,1004.3,0,58,81,2.1,211,0,0
2024-03-23,45.7162,6.0305,1318,0,below-cloud,LFLB,1055,63,6.7,76,4,1015.8,36,100,42,9.3,257,0,0.1
2024-04-09,45.7162,6.0305,1318,0,in-cloud,LFLB,18,77,6.5,93,1,1015,100,100,100,6.3,204,0,2.1
2024-04-23,45.7162,6.0305,1318,0,in-cloud,LFLB,-12,79,-3.8,98,0.2,1015.1,99,92,41,7.6,341,0,0.1
2024-05-02,45.7162,6.0305,1318,1,above-cloud,LFLB,-195,62,6.1,98,0.3,1001.8,100,100,99,5.4,250,0,0.8
2024-05-15,45.7162,6.0305,1318,0,below-cloud,LFLB,1298,80,6.3,100,0,1006.2,99,100,97,3.6,127,0,0
2024-05-25,45.7162,6.0305,1318,1,above-cloud,LFLB,-530,87,4,98,0.3,1018.9,18,0,0,0.7,180,0,0
2024-06-03,45.7162,6.0305,1318,0,below-cloud,LFLB,171,82,8.2,100,0,1017.3,100,7,15,4.6,321,0,0
2024-06-22,45.7162,6.0305,1318,0,below-cloud,LFLB,872,92,9.4,99,0.1,1019.1,70,7,5,1.4,180,0,0.1
2024-07-07,45.7162,6.0305,1318,1,above-cloud,LFLB,-500,87,10.1,99,0.1,1014.8,100,48,88,5.7,325,0,0.1
2024-08-15,45.7162,6.0305,1318,1,above-cloud,LFLB,-561,91,13.4,99,0.1,1018.4,100,0,0,1.4,180,0,0
2024-09-04,45.7162,6.0305,1318,0,below-cloud,LFLB,2274,90,11.8,99,0.1,1017.2,95,100,78,3.8,131,0,0
2024-09-13,45.7162,6.0305,1318,0,below-cloud,LFLB,628,87,0.6,99,0.2,1020.3,98,12,0,5.4,323,0,0
2024-09-26,45.7162,6.0305,1318,0,below-cloud,LFLB,1481,74,8.9,93,1,1006.3,95,100,92,5.4,178,0,1.6
2024-10-04,45.7162,6.0305,1318,0,in-cloud,LFLB,18,73,3,97,0.5,1012.5,100,20,97,8.8,341,0,0.1
2024-10-13,45.7162,6.0305,1318,0,below-cloud,LFLB,201,87,7.7,93,1.1,1018.8,49,52,12,3.3,158,0,1.1
2024-10-23,45.7162,6.0305,1318,0,in-cloud,LFLB,79,74,8.4,98,0.3,1029.8,100,1,0,4.6,347,0,0
2024-11-01,45.7162,6.0305,1318,1,above-cloud,LFLB,-866,86,4.6,82,2.8,1024.8,14,0,0,2.8,162,0,0
2024-11-10,45.7162,6.0305,1318,1,above-cloud,LFLB,-652,79,4.9,73,4.5,1024.5,0,46,0,1.1,198,0,0
2024-11-18,45.7162,6.0305,1318,0,below-cloud,LFLB,628,91,1.2,94,0.8,1019.7,86,1,45,2.8,63,0,0
2024-11-29,45.7162,6.0305,1318,0,in-cloud,LFLB,-43,84,0.7,82,2.7,1027,100,0,0,2.7,8,0,0
2024-12-09,45.7162,6.0305,1318,1,above-cloud,LFLB,-256,71,-3.1,97,0.4,1011.3,100,25,6,2.6,326,0,0
2024-12-16,45.7162,6.0305,1318,1,above-cloud,LFLB,-927,84,-5.2,81,2.7,1040.5,17,0,0,0.6,162,0,0
2024-12-25,45.7162,6.0305,1318,1,above-cloud,LFLB,-256,95,-8.4,96,0.6,1033.1,55,0,0,0.6,214,0,0
2025-01-05,45.7162,6.0305,1318,0,below-cloud,LFLB,1664,82,1.9,90,1.4,1010.6,5,69,61,6,189,0,0
2025-01-12,45.7162,6.0305,1318,0,in-cloud,LFLB,18,73,-7.6,90,1.4,1031.5,99,0,0,6.6,347,0,0
2025-01-23,45.7162,6.0305,1318,0,below-cloud,LFLB,171,78,1.7,95,0.7,1011.8,100,100,0,4.2,234,0,3.2
2025-02-03,45.7162,6.0305,1318,1,above-cloud,LFLB,-500,82,-2.6,83,2.5,1024.8,40,0,0,0.4,207,0,0
2025-02-12,45.7162,6.0305,1318,1,above-cloud,LFLB,-927,81,-0.3,87,1.9,1017.7,7,47,0,2.7,148,0,0
2025-02-25,45.7162,6.0305,1318,0,below-cloud,LFLB,1055,70,3.1,83,2.6,1017.6,10,100,100,6.7,243,0,0
2025-03-14,45.7162,6.0305,1318,0,below-cloud,LFLB,994,83,-2.2,96,0.5,1001.6,100,82,99,3.6,342,0,0
2025-03-26,45.7162,6.0305,1318,0,below-cloud,LFLB,354,89,2,93,1,1019.3,65,69,28,0.6,342,0,0
2025-04-16,45.7162,6.0305,1318,0,below-cloud,LFLB,171,76,5.3,99,0.1,1006.4,100,91,99,6.3,252,0,0.6
2025-04-28,45.7162,6.0305,1318,1,above-cloud,LFLB,-866,88,4.3,97,0.4,1022.9,25,37,8,0.4,180,0,0
2025-05-09,45.7162,6.0305,1318,0,in-cloud,LFLB,79,91,1.5,92,1.2,1013.5,53,43,0,0,270,0,0
2025-05-26,45.7162,6.0305,1318,0,below-cloud,LFLB,506,84,7.2,97,0.5,1020.4,100,91,99,0.4,360,0,0.4
2025-07-13,45.7162,6.0305,1318,0,below-cloud,LFLB,1542,72,13.1,85,2.4,1013.8,26,67,17,3.8,172,0,0.2
2025-07-28,45.7162,6.0305,1318,0,below-cloud,LFLB,384,86,7.9,98,0.3,1015.7,95,99,8,3.9,338,0,0.6
2025-09-01,45.7162,6.0305,1318,0,below-cloud,LFLB,750,79,10.9,99,0.1,1011.1,84,100,92,3.1,130,0,3.3
2025-09-12,45.7162,6.0305,1318,0,below-cloud,LFLB,567,84,8.3,99,0.2,1021,100,14,0,6.3,263,0,0.3
2025-09-26,45.7162,6.0305,1318,0,below-cloud,LFLB,1116,88,2.9,99,0.1,1019.4,100,100,69,0.4,360,0,0.1
2025-10-05,45.7162,6.0305,1318,0,below-cloud,LFLB,445,82,2,99,0.1,1021.6,100,17,0,0.7,104,0,0.3
2025-10-14,45.7162,6.0305,1318,1,above-cloud,LFLB,-287,85,4.1,93,1,1021.1,100,0,0,1.5,144,0,0
2025-10-22,45.7162,6.0305,1318,0,below-cloud,LFLB,567,82,8,97,0.5,1005.7,85,59,100,6.9,189,0,0.2
2025-10-30,45.7162,6.0305,1318,0,in-cloud,LFLB,-73,81,5.5,98,0.2,1011.7,100,91,0,1.5,126,0,1.3
2025-11-17,45.7162,6.0305,1318,0,below-cloud,LFLB,262,83,3.3,98,0.4,1009.4,96,72,20,5.6,202,0,0.3
2025-11-26,45.7162,6.0305,1318,0,in-cloud,LFLB,-104,83,-3.9,100,0,1015.9,100,36,0,4.9,321,0,0.2
2025-12-08,45.7162,6.0305,1318,0,below-cloud,LFLB,689,82,5.3,86,2.1,1022.1,86,2,0,1.2,153,0,0
2025-12-27,45.7162,6.0305,1318,1,above-cloud,LFLB,-469,52,-3.3,65,5.6,1025.6,0,0,0,3.2,133,0,0
2026-01-07,45.7162,6.0305,1318,0,in-cloud,LFLB,110,81,-10.3,84,2.1,1020.3,52,0,0,1,292,0,0
2026-01-23,45.7162,6.0305,1318,1,above-cloud,LFLB,-896,85,-2.2,97,0.4,996.1,43,2,98,4.6,154,0,0
2026-02-01,45.7162,6.0305,1318,0,below-cloud,LFLB,506,85,-4.9,97,0.4,1011.1,100,5,2,1.1,189,0,0
2026-02-10,45.7162,6.0305,1318,0,below-cloud,LFLB,445,74,-1.5,100,0.1,1004.8,100,100,96,7.7,144,0,1.4
2026-02-17,45.7162,6.0305,1318,0,in-cloud,LFLB,110,74,-4.6,98,0.3,1015.8,100,31,0,6.8,233,0,0.4
2026-03-01,45.7162,6.0305,1318,0,below-cloud,LFLB,1603,84,1.2,98,0.3,1026.9,100,29,91,0.9,11,0,0
2026-03-22,45.7162,6.0305,1318,0,below-cloud,LFLB,628,83,-0.5,98,0.3,1011.4,100,100,0,5.6,178,0,0.6
2026-04-01,45.7162,6.0305,1318,0,in-cloud,LFLB,110,92,-4.8,96,0.5,1023.5,85,26,0,3.5,309,0,0
2026-04-29,45.7162,6.0305,1318,1,above-cloud,LFLB,-195,91,6,96,0.6,1015.2,18,28,35,1.1,81,0,0
2026-05-15,45.7162,6.0305,1318,1,above-cloud,LFLB,-195,81,-1.6,100,0,1002.7,100,100,86,4.2,252,0,1.9
2024-01-12,56.7435,-5.0303,965,1,above-cloud,EGEO,-563,82,-6.1,98,0.3,1040.5,91,0,0,1.5,104,0,0
2024-01-28,56.7435,-5.0303,965,1,above-cloud,EGEO,-349,59,3.1,97,0.4,1005.6,99,99,100,21.6,183,0,0
2024-02-11,56.7435,-5.0303,965,0,below-cloud,EGEO,504,76,-4.1,100,0,988,100,0,0,8.1,103,0,0
2024-02-28,56.7435,-5.0303,965,1,above-cloud,EGEO,-167,59,-0.8,96,0.5,1008.4,100,90,0,13,166,0,0
2024-03-15,56.7435,-5.0303,965,1,above-cloud,EGEO,-167,66,-0.7,94,0.9,992.8,100,100,0,10.8,30,0,1.4
2024-03-27,56.7435,-5.0303,965,0,in-cloud,EGEO,-75,54,-3.6,79,3,980.6,3,100,100,21.2,69,0,0.8
2024-04-07,56.7435,-5.0303,965,0,below-cloud,EGEO,474,61,1,82,2.8,984.6,89,24,0,24.5,183,0,0
2024-04-15,56.7435,-5.0303,965,1,above-cloud,EGEO,-410,75,-2.8,96,0.6,995.3,70,47,0,10.8,268,0,0.1
2024-04-29,56.7435,-5.0303,965,0,below-cloud,EGEO,413,76,-0.7,87,1.9,1001.9,100,37,0,3.7,151,0,0.1
2024-05-09,56.7435,-5.0303,965,1,above-cloud,EGEO,-746,60,4.9,99,0.2,1024.3,100,98,4,12.7,215,0,0.3
2024-05-26,56.7435,-5.0303,965,0,below-cloud,EGEO,382,68,5.7,89,1.6,1012.8,73,88,91,15.5,90,0,0
2024-06-05,56.7435,-5.0303,965,0,below-cloud,EGEO,321,79,0,92,1.1,1005.6,71,61,0,14.5,251,0,0.3
2024-06-20,56.7435,-5.0303,965,0,in-cloud,EGEO,-14,70,5.6,100,0,1019.5,100,0,0,11.4,235,0,0.1
2024-07-01,56.7435,-5.0303,965,1,above-cloud,EGEO,-563,57,4.8,98,0.3,1013.8,100,100,63,12.8,230,0,0.5
2024-07-06,56.7435,-5.0303,965,0,below-cloud,EGEO,199,87,2.3,100,0,999.8,55,9,0,4.4,235,0,0
2024-07-20,56.7435,-5.0303,965,1,above-cloud,EGEO,-654,67,9.7,97,0.4,1006.2,100,100,100,4.5,151,0,0.5
2024-08-04,56.7435,-5.0303,965,0,below-cloud,EGEO,260,69,6.1,99,0.2,1009.3,100,100,100,8.3,182,0,0.3
2024-08-09,56.7435,-5.0303,965,0,in-cloud,EGEO,77,74,6.6,96,0.6,1000.6,100,46,0,20.8,247,0,0.2
2024-08-16,56.7435,-5.0303,965,0,below-cloud,EGEO,230,76,5,96,0.6,1010.3,69,28,0,15.8,225,0,0.1
2024-08-27,56.7435,-5.0303,965,1,above-cloud,EGEO,-502,67,10.1,93,1.1,1001,100,100,100,23.9,169,0,5.5
2024-09-11,56.7435,-5.0303,965,0,in-cloud,EGEO,-45,79,0.3,95,0.7,1002.5,49,38,3,10.8,272,0,0.1
2024-10-04,56.7435,-5.0303,965,1,above-cloud,EGEO,-227,58,4.8,89,1.7,1015,92,100,99,18,147,0,0
2024-12-04,56.7435,-5.0303,965,0,in-cloud,EGEO,-75,86,-4.8,100,0.1,1019.1,100,0,100,7.8,136,0,0
2025-01-15,56.7435,-5.0303,965,0,in-cloud,EGEO,-45,59,4.3,100,0,1027.1,100,0,29,14.5,205,0,0.1
2025-02-11,56.7435,-5.0303,965,0,in-cloud,EGEO,138,53,-2.9,87,1.8,1028,100,88,37,12.9,69,0,0
2025-03-22,56.7435,-5.0303,965,0,below-cloud,EGEO,413,71,0.7,98,0.3,997.6,32,99,99,9.8,107,0,0.2
2025-03-27,56.7435,-5.0303,965,1,above-cloud,EGEO,-715,58,3.1,100,0.1,1012.3,100,100,65,13.5,225,0,0.1
2025-04-17,56.7435,-5.0303,965,0,in-cloud,EGEO,-45,83,-1.7,97,0.3,1005.3,100,58,4,1.5,277,0,0
2025-05-24,56.7435,-5.0303,965,1,above-cloud,EGEO,-654,54,6.7,100,0,1004.4,100,100,79,13,223,0,0.9
2025-06-01,56.7435,-5.0303,965,1,above-cloud,EGEO,-288,71,2.2,99,0.2,1004.6,100,97,13,12,213,0,0.8
2025-06-07,56.7435,-5.0303,965,1,above-cloud,EGEO,-167,91,1.4,99,0.2,1002.1,71,28,62,1.9,151,0,0
2025-06-16,56.7435,-5.0303,965,1,above-cloud,EGEO,-685,58,6.6,100,0.1,1021.4,100,10,8,17.5,220,0,0.8
2025-06-24,56.7435,-5.0303,965,0,in-cloud,EGEO,-106,55,6.3,99,0.2,1002.6,100,57,0,17.7,248,0,0.2
2025-07-05,56.7435,-5.0303,965,0,in-cloud,EGEO,-106,64,6.3,100,0,1005.8,100,100,1,17.7,251,0,0.8
2025-07-21,56.7435,-5.0303,965,0,in-cloud,EGEO,-45,82,10.1,97,0.5,998.8,52,43,99,5.9,70,0,0
2025-08-01,56.7435,-5.0303,965,0,below-cloud,EGEO,443,92,3.6,100,0,1019.2,100,12,0,2.4,283,0,0
2025-08-11,56.7435,-5.0303,965,1,above-cloud,EGEO,-837,77,8.6,100,0,1019.9,100,28,65,11.8,216,0,0.1
2025-08-28,56.7435,-5.0303,965,1,above-cloud,EGEO,-441,74,6.9,98,0.3,994.7,100,22,29,8.1,115,0,0.1
2025-09-10,56.7435,-5.0303,965,0,below-cloud,EGEO,352,61,7.2,76,3.9,1000.3,65,29,0,20.8,122,0,0
2025-09-15,56.7435,-5.0303,965,0,in-cloud,EGEO,77,81,4.7,99,0.1,986,100,29,100,1.1,279,0,0
2025-09-19,56.7435,-5.0303,965,0,in-cloud,EGEO,77,72,7.2,99,0.1,1008.7,100,95,100,17.6,229,0,0.2
2025-09-27,56.7435,-5.0303,965,0,below-cloud,EGEO,535,69,5,86,2.1,1013.4,41,0,100,17.2,142,0,0
2025-10-07,56.7435,-5.0303,965,0,in-cloud,EGEO,77,60,7.2,100,0,1012.7,100,99,86,20,221,0,1
2025-10-13,56.7435,-5.0303,965,1,above-cloud,EGEO,-624,88,3.4,98,0.3,1031.2,75,0,88,6,99,0,0
2025-10-21,56.7435,-5.0303,965,1,above-cloud,EGEO,-441,68,5.1,99,0.1,983,100,100,1,4.6,167,0,0.1
2025-11-06,56.7435,-5.0303,965,1,above-cloud,EGEO,-410,69,6.6,99,0.2,1000.9,80,98,100,7.7,115,0,0.2
2025-12-03,56.7435,-5.0303,965,1,above-cloud,EGEO,-319,62,-1.1,94,0.8,997.5,100,23,78,16.5,142,0,0
2025-12-17,56.7435,-5.0303,965,1,above-cloud,EGEO,-471,53,1,97,0.4,997.5,100,68,61,21.3,178,0,0.7
2026-01-08,56.7435,-5.0303,965,1,above-cloud,EGEO,-258,75,-8.3,99,0.1,1000.7,100,19,0,9.1,112,0,0
2026-01-23,56.7435,-5.0303,965,1,above-cloud,EGEO,-197,46,-1.8,85,2.2,987.9,100,13,0,29.9,97,0,0
2026-02-01,56.7435,-5.0303,965,0,below-cloud,EGEO,474,73,-0.9,96,0.5,996.9,100,68,0,8.3,90,0,0
2026-02-16,56.7435,-5.0303,965,0,in-cloud,EGEO,138,81,-2.9,99,0.1,988.3,98,4,67,5.4,214,0,0
2026-03-04,56.7435,-5.0303,965,1,above-cloud,EGEO,-471,78,-1.3,90,1.4,1021.3,100,99,1,9,116,0,0
2026-03-13,56.7435,-5.0303,965,0,in-cloud,EGEO,108,62,-4.4,100,0,980.4,99,91,98,13.7,203,0,0.1
2026-03-28,56.7435,-5.0303,965,0,in-cloud,EGEO,16,57,-3.4,99,0.2,1013.9,100,100,100,14.3,258,0,0.2
2026-04-04,56.7435,-5.0303,965,1,above-cloud,EGEO,-258,87,-6,95,0.7,1009,45,17,1,6.3,175,0,0
2026-04-16,56.7435,-5.0303,965,1,above-cloud,EGEO,-410,65,0.8,97,0.4,1003.4,100,66,2,18,208,0,0.5
2026-05-03,56.7435,-5.0303,965,0,in-cloud,EGEO,108,67,3,93,0.9,1013.5,58,48,100,8.8,75,0,0
2026-05-17,56.7435,-5.0303,965,0,in-cloud,EGEO,108,82,0.2,99,0.2,1001.6,92,29,0,9,224,0,0.3
2026-05-22,56.7435,-5.0303,965,1,above-cloud,EGEO,-441,71,6.3,92,1.2,1018.8,0,95,35,9.3,139,0,0
2026-05-31,56.7435,-5.0303,965,0,below-cloud,EGEO,230,80,6.1,99,0.2,1010.9,100,29,32,4.7,184,0,0.2
2026-06-09,56.7435,-5.0303,965,1,above-cloud,EGEO,-319,76,2,99,0.2,1005.9,64,68,25,10.1,220,0,0.6
2026-06-18,56.7435,-5.0303,965,0,in-cloud,EGEO,16,68,6.7,100,0,1011.2,99,10,0,11.5,219,0,0.2
2026-06-29,56.7435,-5.0303,965,1,above-cloud,EGEO,-441,80,4.8,99,0.2,1016.5,100,20,0,17.3,223,0,0.3
2026-07-04,56.7435,-5.0303,965,1,above-cloud,EGEO,-624,65,7,99,0.2,1019.8,100,98,55,12.5,235,0,0.5
2026-07-21,56.7435,-5.0303,965,1,above-cloud,EGEO,-319,87,5.5,100,0,1030.4,100,0,2,2.6,335,0,0
2026-07-25,56.7435,-5.0303,965,0,in-cloud,EGEO,-75,77,8.2,99,0.1,1003.2,100,100,68,21.7,237,0,1.2
2026-07-30,56.7435,-5.0303,965,0,below-cloud,EGEO,352,87,4.7,99,0.1,1011.7,77,17,0,8.2,234,0,0.2
2026-08-05,56.7435,-5.0303,965,1,above-cloud,EGEO,-471,66,8,99,0.1,1002.5,100,5,0,7.1,199,0,0
2024-01-02,46.7284,6.3574,1449,0,below-cloud,LSMP,383,63,-0.6,91,1.4,1013.6,100,100,100,19.2,208,0,0.8
2024-01-10,46.7284,6.3574,1449,0,below-cloud,LSMP,566,87,-6.6,98,0.2,1024.9,100,100,99,1.3,236,0,0
2024-01-19,46.7284,6.3574,1449,0,below-cloud,LSMP,779,65,-8.2,80,2.9,1019.6,68,4,0,11.3,9,0,0
2024-02-07,46.7284,6.3574,1449,0,below-cloud,LSMP,383,86,-1.2,94,0.9,1019.1,76,1,81,7.7,242,0,0
2024-02-18,46.7284,6.3574,1449,0,in-cloud,LSMP,-74,91,1.6,99,0.2,1033.8,100,1,100,1.5,256,0,0
2024-03-01,46.7284,6.3574,1449,0,below-cloud,LSMP,718,80,-0.5,95,0.6,1010.6,100,100,100,9.7,270,0,0.3
2024-03-13,46.7284,6.3574,1449,0,below-cloud,LSMP,353,82,0.5,97,0.4,1021.3,100,5,0,8.9,230,0,0
2024-03-27,46.7284,6.3574,1449,0,in-cloud,LSMP,109,64,-0.9,95,0.7,989.5,100,100,100,13.4,301,0,0.5
2024-04-18,46.7284,6.3574,1449,0,below-cloud,LSMP,261,73,-4.1,97,0.4,1015.5,100,1,0,12.3,322,0,0.2
2024-05-02,46.7284,6.3574,1449,1,above-cloud,LSMP,-166,76,6.1,95,0.7,1001.3,100,100,100,3.1,306,0,3.8
2024-05-21,46.7284,6.3574,1449,0,below-cloud,LSMP,1023,83,5.7,94,0.9,1009.4,43,98,100,3.9,292,0,0.1
2024-06-03,46.7284,6.3574,1449,0,below-cloud,LSMP,657,77,7.6,96,0.7,1017.7,100,99,27,7.3,327,0,0.5
2024-06-26,46.7284,6.3574,1449,1,above-cloud,LSMP,-623,86,9.9,95,0.7,1012.6,8,34,28,4,260,0,0
2024-07-21,46.7284,6.3574,1449,0,below-cloud,LSMP,1602,73,12.8,93,1.2,1011.6,15,81,100,4.9,324,0,2.4
2024-08-20,46.7284,6.3574,1449,1,above-cloud,LSMP,-348,87,9.5,98,0.3,1015.2,29,0,0,0.7,270,0,0
2024-09-08,46.7284,6.3574,1449,0,below-cloud,LSMP,505,77,10.3,94,0.9,1014.4,93,87,41,8,306,0,1
2024-09-18,46.7284,6.3574,1449,0,in-cloud,LSMP,-13,88,3,100,0,1020.7,100,0,0,0.4,270,0,0
2024-09-28,46.7284,6.3574,1449,0,in-cloud,LSMP,48,63,3.9,92,1.2,1016.9,100,37,0,9.9,274,0,0.1
2024-10-08,46.7284,6.3574,1449,0,below-cloud,LSMP,566,68,7.2,87,2.1,1006,100,100,100,9.1,288,0,5.8
2024-10-16,46.7284,6.3574,1449,1,above-cloud,LSMP,-775,68,9.2,79,3.4,1014.3,1,93,98,4.1,180,0,0
2024-10-24,46.7284,6.3574,1449,1,above-cloud,LSMP,-226,83,3.5,98,0.3,1026.2,17,32,0,3.5,215,0,0
2024-11-01,46.7284,6.3574,1449,1,above-cloud,LSMP,-653,66,1.2,80,3.1,1025,0,0,18,4.8,248,0,0
2024-11-10,46.7284,6.3574,1449,1,above-cloud,LSMP,-897,85,5,75,4,1025.2,1,0,0,3.7,331,0,0
2024-11-27,46.7284,6.3574,1449,1,above-cloud,LSMP,-897,66,-2.9,84,2.4,1023.8,0,0,0,3.5,231,0,0
2024-12-06,46.7284,6.3574,1449,0,below-cloud,LSMP,353,69,1.2,98,0.3,1018,100,5,15,17.5,282,0,0.2
2024-12-14,46.7284,6.3574,1449,0,in-cloud,LSMP,17,81,-3,98,0.3,1024.2,100,100,100,4,238,0,0.5
2024-12-23,46.7284,6.3574,1449,0,in-cloud,LSMP,78,54,-4.4,92,1.1,1014.7,100,98,0,26.1,295,0,2.4
2025-01-01,46.7284,6.3574,1449,1,above-cloud,LSMP,-928,44,-3,51,8.7,1027.8,0,0,1,9.8,223,0,0
2025-01-11,46.7284,6.3574,1449,0,below-cloud,LSMP,353,82,-5,98,0.3,1022.7,100,0,100,5.1,72,0,0
2025-01-21,46.7284,6.3574,1449,1,above-cloud,LSMP,-928,55,-3.4,73,4.2,1018.3,0,0,0,0.4,243,0,0
2025-01-31,46.7284,6.3574,1449,0,below-cloud,LSMP,688,70,-2.6,100,0,1027.4,100,17,0,6,291,0,0
2025-02-09,46.7284,6.3574,1449,0,in-cloud,LSMP,17,87,-4.3,95,0.7,1027.8,93,100,100,0.6,198,0,0
2025-02-17,46.7284,6.3574,1449,1,above-cloud,LSMP,-592,78,-7.6,76,3.5,1018.4,26,15,86,0.4,243,0,0
2025-02-25,46.7284,6.3574,1449,0,below-cloud,LSMP,1298,73,-0.5,88,1.8,1016.9,29,100,100,3.9,246,0,0.7
2025-03-12,46.7284,6.3574,1449,0,in-cloud,LSMP,78,72,-1.5,100,0,1000.1,100,100,94,3.8,275,0,2.7
2025-03-26,46.7284,6.3574,1449,0,below-cloud,LSMP,871,84,0.2,94,0.8,1020,44,100,53,7.8,322,0,0
2025-04-17,46.7284,6.3574,1449,0,below-cloud,LSMP,292,60,-1.7,100,0.1,1010,100,100,99,7.5,303,0,2.2
2025-04-27,46.7284,6.3574,1449,0,below-cloud,LSMP,414,84,4,91,1.4,1019.5,23,100,11,0.8,117,0,0
2025-05-12,46.7284,6.3574,1449,0,below-cloud,LSMP,383,85,4.2,93,1,1012.8,100,55,77,1.6,264,0,0
2025-05-27,46.7284,6.3574,1449,0,below-cloud,LSMP,1480,81,4.8,86,2.1,1022.5,30,89,0,5.9,290,0,0
2025-06-16,46.7284,6.3574,1449,0,below-cloud,LSMP,383,86,8.4,99,0.1,1026,100,0,0,6.9,335,0,0
2025-07-17,46.7284,6.3574,1449,0,below-cloud,LSMP,200,81,10.8,95,0.7,1019.2,100,4,0,8,290,0,0
2025-08-02,46.7284,6.3574,1449,0,below-cloud,LSMP,566,78,8.4,97,0.5,1013.7,100,15,0,9.1,291,0,0.9
2025-09-04,46.7284,6.3574,1449,1,above-cloud,LSMP,-836,73,9.3,97,0.4,1015.9,1,55,100,6.1,227,0,0.1
2025-09-22,46.7284,6.3574,1449,1,above-cloud,LSMP,-287,73,8,98,0.2,1011.3,100,100,100,4.1,358,0,0.2
2025-09-30,46.7284,6.3574,1449,1,above-cloud,LSMP,-836,80,1.9,95,0.7,1022.7,21,0,99,1.5,300,0,0
2025-10-11,46.7284,6.3574,1449,1,above-cloud,LSMP,-318,91,3.5,100,0,1032.3,100,0,0,3.1,90,0,0
2025-10-20,46.7284,6.3574,1449,1,above-cloud,LSMP,-348,74,4.7,97,0.5,1007.5,100,100,100,7.7,179,0,2.2
2025-10-28,46.7284,6.3574,1449,0,below-cloud,LSMP,718,80,2,97,0.4,1019.6,100,2,0,10.1,258,0,0
2025-11-06,46.7284,6.3574,1449,1,above-cloud,LSMP,-928,47,1.8,53,8.6,1011.9,0,17,99,0.8,297,0,0
2025-11-17,46.7284,6.3574,1449,0,below-cloud,LSMP,475,82,2.7,97,0.4,1008,100,46,27,7.4,252,0,0.2
2025-11-30,46.7284,6.3574,1449,0,below-cloud,LSMP,1572,62,-1,83,2.5,1012.6,8,100,70,0.9,270,0,0.1
2025-12-08,46.7284,6.3574,1449,0,below-cloud,LSMP,505,83,3.8,97,0.5,1021.8,100,98,92,6.8,253,0,0.1
2025-12-16,46.7284,6.3574,1449,1,above-cloud,LSMP,-897,46,0,65,5.7,1013.3,0,75,100,0.8,153,0,0.6
2025-12-24,46.7284,6.3574,1449,1,above-cloud,LSMP,-348,64,-5.8,98,0.3,1015.9,100,0,0,17.8,78,0,0
2026-01-05,46.7284,6.3574,1449,0,in-cloud,LSMP,-105,87,-15.3,90,1.3,1016.9,91,0,0,3.5,282,0,0
2026-01-15,46.7284,6.3574,1449,0,below-cloud,LSMP,322,90,-0.6,96,0.6,1019.3,89,63,0,5.2,184,0,0.7
2026-01-23,46.7284,6.3574,1449,1,above-cloud,LSMP,-897,87,-3.4,97,0.3,997.5,97,9,100,2.2,180,0,0
2026-01-31,46.7284,6.3574,1449,1,above-cloud,LSMP,-531,90,-5.8,99,0.2,1001.1,68,77,95,0.5,270,0,0
2026-02-08,46.7284,6.3574,1449,1,above-cloud,LSMP,-897,87,-4.1,98,0.3,1007.3,100,0,0,0.8,315,0,0
2026-02-17,46.7284,6.3574,1449,0,in-cloud,LSMP,-105,63,-3.5,93,1,1013.1,100,30,0,14.1,268,0,0.4
2026-03-10,46.7284,6.3574,1449,0,below-cloud,LSMP,2395,87,-1.1,97,0.4,1021.1,2,90,13,6.7,289,0,0.2
2026-03-31,46.7284,6.3574,1449,0,below-cloud,LSMP,688,59,-5.4,97,0.5,1027,100,5,0,13.5,339,0,0
2026-04-28,46.7284,6.3574,1449,0,below-cloud,LSMP,1968,63,5.5,57,8,1015.5,0,61,100,0.6,214,0,0
2026-05-15,46.7284,6.3574,1449,0,in-cloud,LSMP,-44,84,-1.2,97,0.5,1001.6,77,99,87,4.7,298,0,0.1
2026-06-07,46.7284,6.3574,1449,0,below-cloud,LSMP,536,74,7,90,1.5,1024.4,100,100,38,8.7,284,0,0.2
2026-08-01,46.7284,6.3574,1449,0,below-cloud,LSMP,1115,77,11.4,92,1.2,1017.7,22,39,0,5.7,233,0,0.2
2024-01-12,56.8102,-4.997,960,1,above-cloud,EGEO,-558,75,-5.2,95,0.7,1040.4,100,0,0,1.9,292,0,0
2024-01-28,56.8102,-4.997,960,1,above-cloud,EGEO,-344,56,3.2,98,0.3,1005.4,100,99,100,15.7,171,0,0
2024-02-11,56.8102,-4.997,960,0,below-cloud,EGEO,509,65,-3.1,98,0.3,988.2,100,0,3,7,125,0,0
2024-02-28,56.8102,-4.997,960,1,above-cloud,EGEO,-162,69,-0.5,95,0.7,1008.3,100,59,2,10.3,168,0,0
2024-03-15,56.8102,-4.997,960,1,above-cloud,EGEO,-162,70,-1.9,100,0,993.5,100,100,1,7.9,24,0,1.2
2024-03-27,56.8102,-4.997,960,0,in-cloud,EGEO,-70,55,-3.6,81,2.8,981.4,6,100,100,17.6,64,0,0.7
2024-04-07,56.8102,-4.997,960,0,below-cloud,EGEO,479,64,0.7,84,2.4,984.5,99,13,0,23.1,183,0,0.1
2024-04-15,56.8102,-4.997,960,1,above-cloud,EGEO,-405,74,-2.7,95,0.8,994.8,45,25,1,10.8,266,0,0
2024-04-29,56.8102,-4.997,960,0,below-cloud,EGEO,418,76,-2.1,91,1.3,1001.8,100,49,0,3.8,139,0,0
2024-05-09,56.8102,-4.997,960,1,above-cloud,EGEO,-741,62,5.2,98,0.3,1024,100,74,0,9.5,217,0,0.3
2024-05-26,56.8102,-4.997,960,0,below-cloud,EGEO,387,74,5.4,92,1.2,1013.3,77,89,89,10.2,98,0,0
2024-06-05,56.8102,-4.997,960,0,below-cloud,EGEO,326,75,0.1,92,1.1,1005.1,100,82,0,13.4,256,0,0.5
2024-06-20,56.8102,-4.997,960,0,in-cloud,EGEO,-9,66,5.7,99,0.1,1019.3,100,0,0,9.2,239,0,0.1
2024-07-01,56.8102,-4.997,960,1,above-cloud,EGEO,-558,63,4.7,95,0.7,1013.6,100,100,42,9.2,222,0,0.1
2024-07-06,56.8102,-4.997,960,0,below-cloud,EGEO,204,82,2.6,99,0.1,999.7,31,19,0,4.3,270,0,0
2024-07-20,56.8102,-4.997,960,1,above-cloud,EGEO,-649,66,9.9,99,0.2,1006.2,100,100,100,4.8,167,0,0.5
2024-08-04,56.8102,-4.997,960,0,below-cloud,EGEO,265,76,6.3,95,0.7,1009.3,100,100,100,7.3,191,0,0.2
2024-08-09,56.8102,-4.997,960,0,in-cloud,EGEO,82,73,6.6,98,0.3,1000,100,50,0,19.1,248,0,0.2
2024-08-16,56.8102,-4.997,960,0,below-cloud,EGEO,235,75,5.1,95,0.8,1010,72,9,0,13,222,0,0
2024-08-27,56.8102,-4.997,960,1,above-cloud,EGEO,-497,68,9.7,93,1.1,1001,100,100,100,18.6,162,0,9.6
2024-09-11,56.8102,-4.997,960,0,in-cloud,EGEO,-40,66,0.5,95,0.7,1002.1,79,7,1,11.5,272,0,0.1
2024-10-04,56.8102,-4.997,960,1,above-cloud,EGEO,-222,54,4.6,91,1.4,1015.2,99,100,100,14.5,149,0,0
2024-12-04,56.8102,-4.997,960,0,in-cloud,EGEO,-70,91,-4.7,97,0.4,1019.1,100,0,100,6.3,143,0,0
2025-01-15,56.8102,-4.997,960,0,in-cloud,EGEO,-40,71,4.2,100,0,1026.8,100,0,41,11.1,200,0,0
2025-02-11,56.8102,-4.997,960,0,in-cloud,EGEO,143,62,-2.9,88,1.7,1028.4,100,96,15,8.8,71,0,0
2025-03-22,56.8102,-4.997,960,0,below-cloud,EGEO,418,75,1.1,98,0.2,997.8,61,100,100,10.1,129,0,0.3
2025-03-27,56.8102,-4.997,960,1,above-cloud,EGEO,-710,59,3.2,100,0,1012,100,91,47,11.6,227,0,0.2
2025-04-17,56.8102,-4.997,960,0,in-cloud,EGEO,-40,79,-0.9,91,1.3,1005.3,100,60,1,3,308,0,0
2025-05-24,56.8102,-4.997,960,1,above-cloud,EGEO,-649,60,6.3,99,0.1,1004.1,100,100,93,8.3,202,0,0.5
2025-06-01,56.8102,-4.997,960,1,above-cloud,EGEO,-283,74,2.2,98,0.4,1004.4,100,100,1,11.9,218,0,0.3
2025-06-07,56.8102,-4.997,960,1,above-cloud,EGEO,-162,87,1.7,95,0.8,1002.1,60,68,63,1.5,201,0,0
2025-06-16,56.8102,-4.997,960,1,above-cloud,EGEO,-680,58,6.8,99,0.1,1021.1,100,7,31,14,218,0,0.5
2025-06-24,56.8102,-4.997,960,0,in-cloud,EGEO,-101,57,6.5,99,0.2,1002.1,99,27,0,17.5,245,0,0.1
2025-07-05,56.8102,-4.997,960,0,in-cloud,EGEO,-101,54,6.4,99,0.1,1005.2,100,100,0,16.9,248,0,0.6
2025-07-21,56.8102,-4.997,960,0,in-cloud,EGEO,-40,73,10.5,94,0.8,999.3,86,33,93,5,103,0,0
2025-08-01,56.8102,-4.997,960,0,below-cloud,EGEO,448,91,4.6,98,0.3,1019.2,94,9,0,4.3,287,0,0.1
2025-08-11,56.8102,-4.997,960,1,above-cloud,EGEO,-832,73,8.8,100,0,1019.6,100,66,34,11.2,217,0,0.2
2025-08-28,56.8102,-4.997,960,1,above-cloud,EGEO,-436,67,7.4,96,0.6,994.8,100,26,9,9.2,133,0,0.1
2025-09-10,56.8102,-4.997,960,0,below-cloud,EGEO,357,51,7.5,74,4.3,1000.7,69,22,0,17.2,128,0,0
2025-09-15,56.8102,-4.997,960,0,in-cloud,EGEO,82,81,4.8,99,0.1,986,100,36,100,2.8,342,0,0.2
2025-09-19,56.8102,-4.997,960,0,in-cloud,EGEO,82,72,8,99,0.1,1007.8,100,90,99,16.3,226,0,0.2
2025-09-27,56.8102,-4.997,960,0,below-cloud,EGEO,540,64,5.3,85,2.3,1013.4,98,0,100,17.8,152,0,0
2025-10-07,56.8102,-4.997,960,0,in-cloud,EGEO,82,58,7.5,99,0.2,1012.1,100,67,27,16.9,225,0,0.5
2025-10-13,56.8102,-4.997,960,1,above-cloud,EGEO,-619,89,3.8,99,0.2,1031.4,96,0,90,5.3,125,0,0
2025-10-21,56.8102,-4.997,960,1,above-cloud,EGEO,-436,68,5.3,99,0.2,983,100,100,13,4.1,151,0,0.2
2025-11-06,56.8102,-4.997,960,1,above-cloud,EGEO,-405,65,7.1,98,0.3,1001.1,100,59,99,7.7,123,0,0.3
2025-12-03,56.8102,-4.997,960,1,above-cloud,EGEO,-314,68,-0.8,94,0.8,997.6,100,0,7,15.8,144,0,0
2025-12-17,56.8102,-4.997,960,1,above-cloud,EGEO,-466,54,1,96,0.5,997.3,100,48,83,18.7,173,0,0.3
2026-01-08,56.8102,-4.997,960,1,above-cloud,EGEO,-253,70,-7.9,93,1,1000.9,100,9,0,7.5,136,0,0
2026-01-23,56.8102,-4.997,960,1,above-cloud,EGEO,-192,47,-1.9,86,2,988.8,100,5,0,26.3,104,0,0.1
2026-02-01,56.8102,-4.997,960,0,below-cloud,EGEO,479,68,-0.9,97,0.4,997.2,100,5,0,7.8,97,0,0
2026-02-16,56.8102,-4.997,960,0,in-cloud,EGEO,143,78,-2.5,99,0.1,988,100,2,72,5.5,229,0,0
2026-03-04,56.8102,-4.997,960,1,above-cloud,EGEO,-466,74,-2.2,91,1.3,1021.5,100,35,9,10.7,135,0,0
2026-03-13,56.8102,-4.997,960,0,in-cloud,EGEO,113,66,-3.9,98,0.2,979.9,100,58,98,12.5,208,0,0.3
2026-03-28,56.8102,-4.997,960,0,in-cloud,EGEO,21,56,-3.6,100,0,1012.1,100,100,30,18.1,257,0,1.8
2026-04-04,56.8102,-4.997,960,1,above-cloud,EGEO,-253,87,-6.6,94,0.8,1008.9,42,5,51,4.8,160,0,0.2
2026-04-16,56.8102,-4.997,960,1,above-cloud,EGEO,-405,73,1.2,97,0.4,1003,100,51,0,17.8,212,0,0.3
2026-05-03,56.8102,-4.997,960,0,in-cloud,EGEO,113,71,3.2,98,0.3,1013.9,100,46,92,5.2,70,0,0
2026-05-17,56.8102,-4.997,960,0,in-cloud,EGEO,113,85,0.6,98,0.3,1001.4,76,20,0,7.7,234,0,0.1
2026-05-22,56.8102,-4.997,960,1,above-cloud,EGEO,-436,79,5.9,98,0.3,1018.8,1,30,34,7.5,143,0,0
2026-05-31,56.8102,-4.997,960,0,below-cloud,EGEO,235,71,6.3,99,0.2,1010.8,100,27,5,3.2,177,0,0.3
2026-06-09,56.8102,-4.997,960,1,above-cloud,EGEO,-314,87,2.4,96,0.5,1005.7,32,54,30,7,215,0,0.2
2026-06-18,56.8102,-4.997,960,0,in-cloud,EGEO,21,78,6.9,99,0.2,1011,91,13,4,9.7,220,0,0.5
2026-06-29,56.8102,-4.997,960,1,above-cloud,EGEO,-436,81,5,97,0.4,1016.2,98,13,0,14.9,223,0,0.2
2026-07-04,56.8102,-4.997,960,1,above-cloud,EGEO,-619,65,7.3,97,0.5,1019.3,98,91,38,10.8,234,0,0.1
2026-07-21,56.8102,-4.997,960,1,above-cloud,EGEO,-314,87,6,100,0,1030.3,97,0,0,3.5,339,0,0
2026-07-25,56.8102,-4.997,960,0,in-cloud,EGEO,-70,77,8.2,100,0.1,1002.4,100,100,6,18.4,234,0,0.9
2026-07-30,56.8102,-4.997,960,0,below-cloud,EGEO,357,84,5.2,98,0.4,1011.5,66,16,0,9.6,232,0,0.1
2026-08-05,56.8102,-4.997,960,1,above-cloud,EGEO,-466,74,8.4,99,0.1,1002.4,100,0,0,4.6,189,0,0
2024-01-01,47.8214,6.8423,1204,0,below-cloud,LFSX,380,67,-2.5,99,0.2,1014.8,100,43,22,20.4,238,0,0.2
2024-01-07,47.8214,6.8423,1204,1,above-cloud,LFSX,-626,62,-2.6,91,1.2,1014.4,100,100,100,8.6,15,0,0.1
2024-01-14,47.8214,6.8423,1204,1,above-cloud,LFSX,-779,64,-5.4,45,10.1,1015.4,1,0,12,6.2,306,0,0
2024-01-23,47.8214,6.8423,1204,0,below-cloud,LFSX,380,58,-1.5,98,0.3,1033,100,24,0,19.7,262,0,0.3
2024-02-03,47.8214,6.8423,1204,1,above-cloud,LFSX,-840,61,0,100,0,1033.6,100,0,0,11.6,292,0,0
2024-02-09,47.8214,6.8423,1204,0,below-cloud,LFSX,654,57,3.9,90,1.5,994.2,100,100,100,19.1,221,0,0.1
2024-02-18,47.8214,6.8423,1204,0,in-cloud,LFSX,44,87,2.7,94,0.8,1034.1,89,12,100,2.6,236,0,0
2024-02-25,47.8214,6.8423,1204,0,below-cloud,LFSX,258,74,-3.5,90,1.4,1008.5,89,42,0,11.5,229,0,0.1
2024-03-05,47.8214,6.8423,1204,0,in-cloud,LFSX,-78,75,-0.8,97,0.4,1016.4,100,77,100,12.4,253,0,0.2
2024-03-15,47.8214,6.8423,1204,0,in-cloud,LFSX,105,78,3.2,96,0.6,1016.4,44,3,41,12.3,249,0,0
2024-03-28,47.8214,6.8423,1204,0,below-cloud,LFSX,898,71,1.3,66,5.7,989.3,100,99,71,10.5,186,0,0.7
2024-04-15,47.8214,6.8423,1204,0,below-cloud,LFSX,258,78,8.5,91,1.5,1015,15,97,100,8.6,285,0,0
2024-04-24,47.8214,6.8423,1204,1,above-cloud,LFSX,-352,72,-3.2,82,2.7,1014.9,81,1,0,7.3,327,0,0
2024-05-05,47.8214,6.8423,1204,0,in-cloud,LFSX,-108,69,5.6,98,0.3,1013.5,100,100,9,14.4,233,0,0.6
2024-05-17,47.8214,6.8423,1204,0,below-cloud,LFSX,563,53,4.8,100,0.1,1008.3,100,100,100,16.2,267,0,2.9
2024-05-27,47.8214,6.8423,1204,0,below-cloud,LFSX,776,92,7.2,100,0.1,1019.8,94,38,5,4.1,255,0,0
2024-06-02,47.8214,6.8423,1204,1,above-cloud,LFSX,-657,85,6.7,100,0,1019.1,100,87,53,6.5,341,0,0
2024-06-16,47.8214,6.8423,1204,0,below-cloud,LFSX,563,74,6.2,98,0.3,1013.5,100,100,48,11.3,239,0,0.1
2024-07-22,47.8214,6.8423,1204,0,below-cloud,LFSX,288,75,12.8,97,0.4,1017,100,86,42,9.6,326,0,0.9
2024-08-18,47.8214,6.8423,1204,1,above-cloud,LFSX,-413,66,11.8,98,0.3,1011,21,93,100,6.5,267,0,0
2024-09-09,47.8214,6.8423,1204,1,above-cloud,LFSX,-626,74,8.2,100,0.1,1009.1,100,100,28,17.6,227,0,0.8
2024-09-17,47.8214,6.8423,1204,0,below-cloud,LFSX,1385,70,7,94,0.9,1021.4,100,1,0,11,41,0,0
2024-09-27,47.8214,6.8423,1204,0,below-cloud,LFSX,1325,59,6.3,97,0.5,1005.6,100,100,0,21.6,232,0,0.3
2024-10-08,47.8214,6.8423,1204,1,above-cloud,LFSX,-474,61,9.4,97,0.4,1005,6,100,100,13.2,236,0,3.7
2024-10-19,47.8214,6.8423,1204,0,below-cloud,LFSX,258,81,7.4,100,0,1017.6,100,0,0,9.1,243,0,0.1
2024-11-01,47.8214,6.8423,1204,1,above-cloud,LFSX,-840,69,4.4,87,2,1024.8,1,0,0,6.9,321,0,0
2024-11-11,47.8214,6.8423,1204,1,above-cloud,LFSX,-809,71,0.4,91,1.4,1029.1,0,0,2,2.1,20,0,0
2024-11-20,47.8214,6.8423,1204,1,above-cloud,LFSX,-352,65,-4.1,97,0.3,1007.2,69,1,0,15.6,319,0,0
2024-12-03,47.8214,6.8423,1204,0,below-cloud,LFSX,837,63,-1.6,99,0.2,1021.7,100,0,0,12.1,282,0,0
2024-12-11,47.8214,6.8423,1204,0,in-cloud,LFSX,14,64,-4.2,99,0.1,1026.6,100,1,50,9.4,87,0,0
2024-12-19,47.8214,6.8423,1204,0,below-cloud,LFSX,258,58,2.9,98,0.3,1010.1,100,100,100,21.3,233,0,2
2024-12-30,47.8214,6.8423,1204,1,above-cloud,LFSX,-809,87,-6.8,85,2.2,1032,46,0,0,2.4,42,0,0
2025-01-09,47.8214,6.8423,1204,0,below-cloud,LFSX,288,58,3.3,88,1.8,1001.5,100,100,100,26.6,226,0,0.3
2025-01-18,47.8214,6.8423,1204,1,above-cloud,LFSX,-413,81,-5.8,95,0.7,1030.9,87,0,0,11.9,94,0,0
2025-01-29,47.8214,6.8423,1204,0,in-cloud,LFSX,-78,68,-0.7,100,0.1,1011.6,100,6,0,23.3,249,0,0.2
2025-02-06,47.8214,6.8423,1204,1,above-cloud,LFSX,-809,77,-3.6,100,0,1037.4,100,0,98,5.2,88,0,0
2025-02-20,47.8214,6.8423,1204,0,in-cloud,LFSX,-78,81,2.5,94,0.8,1025.7,100,2,54,7.5,235,0,0
2025-03-10,47.8214,6.8423,1204,1,above-cloud,LFSX,-504,65,1.8,96,0.5,1002.4,29,100,100,10.7,264,0,0.2
2025-03-23,47.8214,6.8423,1204,1,above-cloud,LFSX,-260,73,2.1,99,0.1,1005,100,100,100,12.1,252,0,0.2
2025-04-17,47.8214,6.8423,1204,1,above-cloud,LFSX,-687,69,1,99,0.2,1010.1,100,100,99,11,354,0,0.3
2025-04-25,47.8214,6.8423,1204,1,above-cloud,LFSX,-748,72,3.3,100,0,1017.6,100,100,0,10.9,299,0,0.5
2025-05-22,47.8214,6.8423,1204,1,above-cloud,LFSX,-474,85,4.7,99,0.1,1011.7,100,100,99,4.8,312,0,0.2
2025-06-04,47.8214,6.8423,1204,0,below-cloud,LFSX,1934,66,9.3,100,0,1013.9,100,100,100,6,159,0,1.1
2025-06-16,47.8214,6.8423,1204,0,below-cloud,LFSX,563,81,8.9,97,0.5,1026.7,100,100,0,6.9,9,0,0.1
2025-07-22,47.8214,6.8423,1204,1,above-cloud,LFSX,-169,68,9.7,100,0,1013.2,100,41,0,16,236,0,0.4
2025-08-02,47.8214,6.8423,1204,1,above-cloud,LFSX,-321,87,8.1,98,0.4,1012.9,1,100,99,4.4,341,0,0.7
2025-08-28,47.8214,6.8423,1204,0,below-cloud,LFSX,2117,59,11.9,97,0.5,1008.5,0,100,100,2.6,295,0,0.3
2025-09-05,47.8214,6.8423,1204,1,above-cloud,LFSX,-443,73,7.7,99,0.2,1020.2,100,23,23,11.1,278,0,0.1
2025-09-16,47.8214,6.8423,1204,1,above-cloud,LFSX,-382,72,5.9,99,0.2,1023.9,100,0,38,18.2,258,0,0.2
2025-09-27,47.8214,6.8423,1204,1,above-cloud,LFSX,-840,94,2.9,97,0.5,1021.6,79,2,0,1.6,27,0,0
2025-10-11,47.8214,6.8423,1204,1,above-cloud,LFSX,-809,76,1.9,97,0.4,1031.9,0,0,0,7.5,66,0,0
2025-10-24,47.8214,6.8423,1204,0,below-cloud,LFSX,166,67,-0.9,99,0.1,1009.8,99,31,0,17.8,258,0,0.4
2025-10-31,47.8214,6.8423,1204,1,above-cloud,LFSX,-169,73,4.1,77,3.7,1014.5,0,0,90,2.4,132,0,0
2025-11-19,47.8214,6.8423,1204,1,above-cloud,LFSX,-626,74,-5.7,98,0.3,1015.3,100,0,11,8.5,243,0,0
2025-11-28,47.8214,6.8423,1204,1,above-cloud,LFSX,-657,83,-2.4,98,0.3,1023.4,100,42,0,1.9,319,0,0
2025-12-07,47.8214,6.8423,1204,1,above-cloud,LFSX,-474,67,2.9,100,0,1014.8,100,100,100,12,231,0,0.5
2025-12-29,47.8214,6.8423,1204,1,above-cloud,LFSX,-809,58,-6.2,60,6.4,1023.6,1,0,0,3.1,66,0,0
2026-01-07,47.8214,6.8423,1204,1,above-cloud,LFSX,-748,91,-13.2,94,0.8,1019.7,85,0,0,3.2,218,0,0
2026-01-15,47.8214,6.8423,1204,0,below-cloud,LFSX,197,89,-0.4,100,0,1018.2,100,25,0,6.8,202,0,0
2026-01-28,47.8214,6.8423,1204,0,in-cloud,LFSX,75,66,-2.2,100,0,993.2,100,100,99,5.5,23,0,1
2026-02-05,47.8214,6.8423,1204,0,below-cloud,LFSX,471,66,-0.6,82,2.7,993,96,100,4,7,192,0,0
2026-02-14,47.8214,6.8423,1204,0,in-cloud,LFSX,-17,64,-0.5,98,0.3,996,100,100,100,7.3,7,0,0.8
2026-02-20,47.8214,6.8423,1204,1,above-cloud,LFSX,-565,84,-0.9,99,0.2,1019.3,100,7,13,3.3,306,0,0
2026-03-11,47.8214,6.8423,1204,0,below-cloud,LFSX,1751,79,1.5,100,0.1,1021.6,100,95,100,7.6,258,0,0
2026-03-26,47.8214,6.8423,1204,1,above-cloud,LFSX,-352,61,-4.9,99,0.2,1015.1,100,93,0,15.3,319,0,0.1
2026-04-12,47.8214,6.8423,1204,0,below-cloud,LFSX,319,74,2.2,99,0.1,1017.3,100,99,100,7.5,350,0,0.4
2026-05-11,47.8214,6.8423,1204,1,above-cloud,LFSX,-535,73,6.1,100,0,1006.6,100,34,21,17.7,235,0,0.5
2026-05-20,47.8214,6.8423,1204,1,above-cloud,LFSX,-260,72,6.5,100,0.1,1022.6,100,5,5,9.5,248,0,0.1
2026-06-12,47.8214,6.8423,1204,0,in-cloud,LFSX,-17,66,7.5,76,3.9,1024.7,99,100,10,14.8,257,0,0
2024-01-03,29.77,121.07,900,1,above-cloud,ZSNB,-286,70,-0.1,100,0,1025.6,100,73,0,13.1,328,0,0.2
2024-01-18,29.77,121.07,900,1,above-cloud,ZSNB,-408,87,3,100,0,1022.4,100,19,100,5.6,27,0,0
2024-01-22,29.77,121.07,900,0,in-cloud,ZSNB,18,57,-5.6,93,0.9,1036.2,100,100,100,18.8,348,0,0.6
2024-02-02,29.77,121.07,900,1,above-cloud,ZSNB,-408,69,-0.2,100,0,1026.9,100,98,11,14.8,26,0,1.9
2024-02-06,29.77,121.07,900,1,above-cloud,ZSNB,-286,72,-4.4,94,0.9,1029.2,38,100,21,5.5,79,0,0.3
2024-02-22,29.77,121.07,900,1,above-cloud,ZSNB,-408,59,-2.4,100,0,1026.8,100,100,100,14,360,0,2
2024-02-26,29.77,121.07,900,0,in-cloud,ZSNB,110,80,-4.2,99,0.2,1030.6,100,24,0,9.3,28,0,0
2024-03-04,29.77,121.07,900,0,in-cloud,ZSNB,18,73,6.1,88,1.9,1015.5,26,97,0,14.3,146,0,0
2024-03-17,29.77,121.07,900,0,below-cloud,ZSNB,323,79,12.1,94,1,1018,100,100,0,4.7,32,0,0
2024-04-01,29.77,121.07,900,1,above-cloud,ZSNB,-286,72,10.7,91,1.4,1014.2,0,0,91,4.8,138,0,0
2024-04-07,29.77,121.07,900,1,above-cloud,ZSNB,-286,75,9.5,88,1.9,1015.8,100,100,100,6.2,111,0,0.1
2024-04-17,29.77,121.07,900,1,above-cloud,ZSNB,-408,81,15.6,96,0.6,1009.2,27,100,99,5.2,155,0,1.6
2024-04-26,29.77,121.07,900,0,below-cloud,ZSNB,628,73,14,85,2.5,1006.5,100,16,25,10.1,182,0,0
2024-05-01,29.77,121.07,900,1,above-cloud,ZSNB,-408,70,7.7,99,0.1,1012.5,98,100,0,14,360,0,0.5
2024-05-12,29.77,121.07,900,1,above-cloud,ZSNB,-408,59,16.8,100,0.1,1011.1,100,100,100,5.1,352,0,2.3
2024-06-06,29.77,121.07,900,1,above-cloud,ZSNB,-286,69,13.4,89,1.8,1014.4,100,100,0,6.2,111,0,0.2
2024-06-12,29.77,121.07,900,1,above-cloud,ZSNB,-408,87,19.2,97,0.6,1004.6,51,10,61,5.6,225,0,0
2024-06-27,29.77,121.07,900,0,in-cloud,ZSNB,110,63,20.9,96,0.7,1012.1,12,100,100,9.7,219,0,0.3
2024-07-26,29.77,121.07,900,1,above-cloud,ZSNB,-286,61,22.2,95,0.8,995.1,100,78,73,30.3,122,0,0.8
2024-09-15,29.77,121.07,900,1,above-cloud,ZSNB,-195,77,21.4,98,0.3,1005.5,75,3,9,14.6,33,0,0
2024-09-19,29.77,121.07,900,1,above-cloud,ZSNB,-408,60,21.7,98,0.3,1006.7,100,14,90,12.5,44,0,0.2
2024-09-25,29.77,121.07,900,1,above-cloud,ZSNB,-408,83,17.3,98,0.2,1013.2,100,100,0,1.9,338,0,0
2024-10-04,29.77,121.07,900,0,below-cloud,ZSNB,323,61,11.7,83,2.8,1021.7,98,24,0,12.9,30,0,0
2024-10-08,29.77,121.07,900,1,above-cloud,ZSNB,-408,68,11.7,100,0,1020.2,100,100,96,10.5,348,0,0.6
2024-10-17,29.77,121.07,900,0,in-cloud,ZSNB,18,82,17.5,98,0.2,1018.6,100,4,0,4.1,77,0,0
2024-10-22,29.77,121.07,900,0,below-cloud,ZSNB,628,89,14.1,99,0.2,1019.6,100,0,0,6.7,333,0,0
2024-10-27,29.77,121.07,900,0,in-cloud,ZSNB,-104,73,16.9,100,0.1,1014.5,100,45,0,3.1,353,0,0
2024-11-02,29.77,121.07,900,1,above-cloud,ZSNB,-286,79,10.3,99,0.1,1020.1,100,0,0,14.4,326,0,0
2024-11-16,29.77,121.07,900,1,above-cloud,ZSNB,-286,81,15.9,100,0.1,1015.6,100,0,0,6.4,22,0,0
2024-12-04,29.77,121.07,900,0,in-cloud,ZSNB,110,75,6.9,89,1.8,1023.8,96,0,0,9.5,69,0,0
2024-12-19,29.77,121.07,900,0,below-cloud,ZSNB,323,77,-4.3,88,1.7,1033.8,28,0,88,8.5,355,0,0
2025-01-26,29.77,121.07,900,1,above-cloud,ZSNB,-408,61,2.9,100,0,1025.6,100,100,100,10.9,8,0,0.4
2025-02-12,29.77,121.07,900,0,below-cloud,ZSNB,628,73,5.8,99,0.2,1020.6,100,22,0,6.5,354,0,0
2025-02-23,29.77,121.07,900,1,above-cloud,ZSNB,-408,78,-1.9,100,0,1034.9,100,100,0,10.7,31,0,0.1
2025-03-05,29.77,121.07,900,1,above-cloud,ZSNB,-408,71,0.8,100,0,1022.7,100,11,0,11.2,354,0,0.1
2025-03-11,29.77,121.07,900,0,below-cloud,ZSNB,628,87,8.9,92,1.2,1018.3,100,4,0,3.3,151,0,0
2025-03-16,29.77,121.07,900,0,below-cloud,ZSNB,628,81,1.2,91,1.4,1024.1,98,85,27,8.9,324,0,0
2025-04-20,29.77,121.07,900,0,in-cloud,ZSNB,110,82,14.8,100,0,1010.5,100,1,98,7.7,329,0,0.1
2025-05-05,29.77,121.07,900,0,in-cloud,ZSNB,18,76,12.8,91,1.4,1007.5,5,100,100,15.1,149,0,1.4
2025-05-20,29.77,121.07,900,0,in-cloud,ZSNB,110,54,20.5,90,1.8,1007.6,0,57,97,13.5,181,0,0.1
2025-06-01,29.77,121.07,900,0,in-cloud,ZSNB,-104,76,16.3,99,0.2,1004.6,89,100,100,19,132,0,3.9
2025-06-10,29.77,121.07,900,1,above-cloud,ZSNB,-408,78,20.6,97,0.5,1005.6,19,100,100,4.9,246,0,0
2025-06-22,29.77,121.07,900,0,in-cloud,ZSNB,-104,82,21.2,100,0,1007.4,100,4,100,2.3,209,0,0
2025-07-09,29.77,121.07,900,0,in-cloud,ZSNB,-104,66,21.3,97,0.4,1002.2,100,12,11,21,102,0,0.1
2025-07-20,29.77,121.07,900,1,above-cloud,ZSNB,-286,55,22.1,96,0.7,1005.9,100,7,100,14.7,114,0,0.1
2025-07-25,29.77,121.07,900,1,above-cloud,ZSNB,-286,66,21.4,98,0.3,1004,100,6,97,15.6,50,0,0.3
2025-07-30,29.77,121.07,900,1,above-cloud,ZSNB,-408,54,20.7,100,0,990.7,100,99,100,19.7,305,0,11.1
2025-09-21,29.77,121.07,900,0,in-cloud,ZSNB,18,70,18.1,98,0.4,1014.9,100,30,100,15,56,0,0
2025-10-15,29.77,121.07,900,1,above-cloud,ZSNB,-286,91,17.7,100,0,1017,100,5,0,4.1,124,0,0
2025-10-22,29.77,121.07,900,0,in-cloud,ZSNB,110,71,9.2,98,0.3,1027.1,100,9,38,17.7,4,0,0.2
2025-11-08,29.77,121.07,900,0,in-cloud,ZSNB,-104,77,16,84,2.8,1018.6,6,9,0,5.8,164,0,0
2025-12-13,29.77,121.07,900,0,in-cloud,ZSNB,-104,87,4.9,88,1.8,1025.3,10,63,63,7.6,14,0,0
2025-12-25,29.77,121.07,900,1,above-cloud,ZSNB,-408,80,0.1,99,0.1,1026.2,97,13,1,21.5,339,0,0.2
2026-01-21,29.77,121.07,900,0,in-cloud,ZSNB,-104,67,-6,91,1.2,1032.9,100,91,0,16.2,351,0,0
2026-02-06,29.77,121.07,900,0,in-cloud,ZSNB,18,58,4.3,100,0,1021.6,100,100,77,14.5,44,0,0.4
2026-02-24,29.77,121.07,900,1,above-cloud,ZSNB,-408,73,9.8,99,0.2,1013.2,16,100,99,7.7,198,0,0.1
2026-03-01,29.77,121.07,900,1,above-cloud,ZSNB,-408,77,8.3,98,0.3,1015.1,100,49,25,11.9,138,0,0
2026-03-05,29.77,121.07,900,1,above-cloud,ZSNB,-408,86,5.1,97,0.4,1021.3,35,100,0,7.7,127,0,0
2026-03-18,29.77,121.07,900,1,above-cloud,ZSNB,-286,70,9.6,99,0.1,1015.5,100,6,0,6.7,326,0,0
2026-03-23,29.77,121.07,900,0,in-cloud,ZSNB,-104,81,9.3,99,0.1,1018,100,100,11,5.7,103,0,0.1
2026-03-31,29.77,121.07,900,1,above-cloud,ZSNB,-286,75,8.6,99,0.2,1014.8,100,41,4,9.9,15,0,0
2026-04-13,29.77,121.07,900,0,in-cloud,ZSNB,-104,89,11.7,100,0,1012.7,94,100,53,4.9,358,0,0
2026-04-18,29.77,121.07,900,1,above-cloud,ZSNB,-286,92,11.3,99,0.1,1014.2,28,100,42,7.1,56,0,3.5
2026-04-29,29.77,121.07,900,1,above-cloud,ZSNB,-286,51,7.5,99,0.1,1017.9,100,100,100,22,45,0,2.2
2026-05-25,29.77,121.07,900,1,above-cloud,ZSNB,-286,66,21.4,96,0.7,1005,0,100,100,7.6,187,0,1
2026-06-15,29.77,121.07,900,1,above-cloud,ZSNB,-286,84,17.4,100,0,1007.9,100,2,66,3.6,30,0,0
2026-06-22,29.77,121.07,900,1,above-cloud,ZSNB,-408,80,20.8,99,0.2,1006.1,42,1,74,10.5,149,0,0
2026-06-30,29.77,121.07,900,0,below-cloud,ZSNB,628,60,20.4,98,0.2,1009.5,13,98,100,4.4,125,0,0.9
2026-08-08,29.77,121.07,900,0,in-cloud,ZSNB,-104,52,20.6,100,0,1001,100,72,98,16,12,0,1.8
2024-01-01,45.8133,6.1215,1336,0,below-cloud,LFLP,773,78,-3.5,88,1.7,1017.7,3,15,97,6.2,144,0,0
2024-01-07,45.8133,6.1215,1336,0,in-cloud,LFLP,11,58,-3.2,99,0.1,1010.8,100,98,55,12.2,332,0,0.2
2024-01-13,45.8133,6.1215,1336,1,above-cloud,LFLP,-446,83,-8,80,2.8,1027.2,84,0,0,4.3,156,0,0
2024-01-19,45.8133,6.1215,1336,0,below-cloud,LFLP,285,68,-6.3,97,0.5,1017.5,100,25,0,8.4,320,0,0.2
2024-02-01,45.8133,6.1215,1336,1,above-cloud,LFLP,-172,82,1,72,4.6,1034.2,100,50,100,4.7,157,0,0.1
2024-02-12,45.8133,6.1215,1336,0,in-cloud,LFLP,133,87,-1.9,94,0.8,1006.8,86,2,84,3.1,159,0,0
2024-02-24,45.8133,6.1215,1336,0,below-cloud,LFLP,1261,66,-3.6,72,4.4,1004.4,4,17,86,5.2,168,0,0
2024-03-01,45.8133,6.1215,1336,0,below-cloud,LFLP,529,80,0.8,96,0.6,1010.9,100,100,100,3.3,311,0,0.6
2024-03-10,45.8133,6.1215,1336,0,below-cloud,LFLP,1383,60,0.4,84,2.4,994.6,0,100,100,5.9,194,0,0.3
2024-03-21,45.8133,6.1215,1336,0,below-cloud,LFLP,1078,86,3.8,91,1.3,1024.5,21,29,0,4.9,144,0,0.2
2024-04-02,45.8133,6.1215,1336,0,below-cloud,LFLP,468,75,-1.3,88,1.8,1017.6,30,100,67,6,155,0,0
2024-04-18,45.8133,6.1215,1336,1,above-cloud,LFLP,-385,79,-2.7,98,0.2,1015.1,100,100,50,6.5,276,0,0.9
2024-04-26,45.8133,6.1215,1336,0,below-cloud,LFLP,834,65,0.3,76,3.7,1007.4,15,99,46,2.7,157,0,0
2024-05-06,45.8133,6.1215,1336,0,below-cloud,LFLP,895,66,6.4,95,0.7,1010.6,27,82,100,0.4,180,0,1.4
2024-05-17,45.8133,6.1215,1336,1,above-cloud,LFLP,-629,85,2.4,92,1.1,1010.6,18,1,0,3.8,163,0,0
2024-05-30,45.8133,6.1215,1336,1,above-cloud,LFLP,-416,67,8.9,93,1,1011.6,100,100,79,3.8,163,0,1.7
2024-06-07,45.8133,6.1215,1336,0,below-cloud,LFLP,834,81,9.3,90,1.5,1019.3,19,13,97,2.6,164,0,0
2024-06-22,45.8133,6.1215,1336,0,below-cloud,LFLP,346,92,9,96,0.6,1018.9,74,8,11,2.6,164,0,0
2024-07-06,45.8133,6.1215,1336,0,below-cloud,LFLP,1504,69,11.9,88,1.9,1011.2,1,1,100,2.8,220,0,0
2024-07-22,45.8133,6.1215,1336,0,below-cloud,LFLP,1809,92,11.9,99,0.2,1018.1,52,4,0,3.2,297,0,0
2024-08-19,45.8133,6.1215,1336,0,below-cloud,LFLP,194,86,9.6,96,0.6,1016.1,100,6,91,7.4,317,0,0.1
2024-09-04,45.8133,6.1215,1336,1,above-cloud,LFLP,-416,84,12.1,95,0.7,1016.9,35,100,100,2.8,130,0,0
2024-09-12,45.8133,6.1215,1336,0,below-cloud,LFLP,895,76,2.4,94,0.9,1015.1,20,20,99,3.1,291,0,0
2024-09-24,45.8133,6.1215,1336,0,below-cloud,LFLP,590,87,6.3,93,1.1,1012.3,45,18,99,3.1,159,0,0
2024-10-02,45.8133,6.1215,1336,0,in-cloud,LFLP,11,80,6.4,99,0.1,1010.8,100,10,0,7.8,318,0,0.1
2024-10-10,45.8133,6.1215,1336,0,below-cloud,LFLP,438,69,7.1,89,1.7,1004.1,90,62,5,4,234,0,0
2024-10-18,45.8133,6.1215,1336,0,below-cloud,LFLP,1748,76,8,95,0.7,1013,0,100,100,2.1,142,0,0.4
2024-10-25,45.8133,6.1215,1336,1,above-cloud,LFLP,-355,77,5.3,86,2.1,1020,0,21,1,3.6,143,0,0
2024-11-05,45.8133,6.1215,1336,1,above-cloud,LFLP,-751,58,3.9,78,3.5,1024.6,0,0,56,5.9,162,0,0
2024-11-14,45.8133,6.1215,1336,1,above-cloud,LFLP,-263,85,-2.1,99,0.1,1025.8,100,0,0,6.4,313,0,0
2024-11-22,45.8133,6.1215,1336,0,below-cloud,LFLP,316,76,-6.3,92,1,1010.3,100,90,9,5,308,0,0.2
2024-12-03,45.8133,6.1215,1336,0,below-cloud,LFLP,834,82,-0.4,98,0.3,1022.2,91,38,0,3.4,344,0,0.1
2024-12-11,45.8133,6.1215,1336,1,above-cloud,LFLP,-202,78,-5.8,80,3,1025.1,45,0,0,4.2,160,0,0
2024-12-21,45.8133,6.1215,1336,0,below-cloud,LFLP,1017,69,-4.6,60,6.6,1027.8,19,21,0,6,147,0,0
2025-01-04,45.8133,6.1215,1336,1,above-cloud,LFLP,-233,82,-8.3,84,2.3,1021.9,32,0,94,6.5,152,0,0
2025-01-11,45.8133,6.1215,1336,1,above-cloud,LFLP,-538,73,-2.2,99,0.2,1020,100,72,100,3.9,323,0,0
2025-01-19,45.8133,6.1215,1336,1,above-cloud,LFLP,-751,52,-4.5,60,6.7,1021.6,0,28,0,4,141,0,0
2025-01-30,45.8133,6.1215,1336,0,below-cloud,LFLP,1322,75,-2.3,70,4.7,1012.8,0,100,67,7.4,141,0,0
2025-02-05,45.8133,6.1215,1336,1,above-cloud,LFLP,-599,75,-4.4,86,2,1035.2,28,0,0,1.2,231,0,0
2025-02-14,45.8133,6.1215,1336,0,below-cloud,LFLP,438,88,-5.6,92,1.1,1020.8,100,0,0,3.6,323,0,0
2025-02-25,45.8133,6.1215,1336,0,below-cloud,LFLP,651,80,1.9,86,2.1,1017.8,9,100,100,4.1,214,0,0
2025-03-14,45.8133,6.1215,1336,0,below-cloud,LFLP,895,83,-2.7,99,0.1,1001.7,99,90,100,3.2,326,0,0
2025-03-26,45.8133,6.1215,1336,0,below-cloud,LFLP,407,93,-0.2,100,0,1019.5,54,77,55,1.6,153,0,0
2025-04-15,45.8133,6.1215,1336,0,below-cloud,LFLP,1017,87,5.4,96,0.6,1001.5,35,100,100,3,147,0,0.8
2025-04-23,45.8133,6.1215,1336,0,below-cloud,LFLP,651,89,2.4,95,0.7,1019.1,100,62,0,0.9,180,0,0
2025-05-06,45.8133,6.1215,1336,0,in-cloud,LFLP,-141,68,1.4,95,0.7,1010.6,100,40,81,5.9,305,0,0
2025-05-20,45.8133,6.1215,1336,1,above-cloud,LFLP,-294,76,6.4,97,0.5,1014.4,0,93,100,2.8,145,0,0.1
2025-06-07,45.8133,6.1215,1336,0,below-cloud,LFLP,956,85,11.5,98,0.4,1016.8,32,60,56,3.3,171,0,0.9
2025-07-14,45.8133,6.1215,1336,0,below-cloud,LFLP,895,82,11.7,98,0.3,1021.3,95,70,14,4.4,142,0,3.1
2025-07-27,45.8133,6.1215,1336,1,above-cloud,LFLP,-568,90,8.4,94,0.9,1017.9,13,5,89,1.3,164,0,0
2025-08-22,45.8133,6.1215,1336,1,above-cloud,LFLP,-721,84,10.1,100,0,1015.9,100,53,0,3.8,301,0,0.1
2025-09-05,45.8133,6.1215,1336,0,below-cloud,LFLP,651,91,8.3,98,0.3,1021.9,56,4,0,3.6,270,0,0.1
2025-09-16,45.8133,6.1215,1336,0,below-cloud,LFLP,377,89,8.3,98,0.3,1025.2,98,12,0,6.1,328,0,0
2025-09-27,45.8133,6.1215,1336,1,above-cloud,LFLP,-507,93,2.4,96,0.5,1021.1,72,6,0,2.2,166,0,0
2025-10-05,45.8133,6.1215,1336,0,below-cloud,LFLP,346,78,2.2,98,0.3,1021.3,100,18,0,3,155,0,0.2
2025-10-13,45.8133,6.1215,1336,1,above-cloud,LFLP,-294,86,3.4,99,0.2,1023.2,100,0,0,2.9,150,0,0
2025-10-20,45.8133,6.1215,1336,0,below-cloud,LFLP,956,76,6.5,90,1.5,1007.6,10,100,100,4.3,147,0,1.4
2025-10-26,45.8133,6.1215,1336,0,below-cloud,LFLP,407,79,1.5,96,0.5,1014.1,100,40,0,5.9,211,0,0.1
2025-11-03,45.8133,6.1215,1336,0,below-cloud,LFLP,1383,90,1.7,96,0.6,1025.5,99,93,0,1.4,203,0,0
2025-11-22,45.8133,6.1215,1336,0,in-cloud,LFLP,133,78,-6.1,87,1.8,1025.2,98,2,0,8.5,343,0,0.1
2025-12-01,45.8133,6.1215,1336,0,in-cloud,LFLP,-81,76,-2.5,100,0,1020.3,100,0,3,3,303,0,0
2025-12-08,45.8133,6.1215,1336,0,below-cloud,LFLP,438,75,4.7,83,2.6,1022.3,35,0,0,3.9,137,0,0
2025-12-27,45.8133,6.1215,1336,1,above-cloud,LFLP,-507,62,-4.9,66,5.4,1027.2,0,0,0,3.3,135,0,0
2026-01-03,45.8133,6.1215,1336,0,in-cloud,LFLP,-81,62,-5.6,71,4.5,1010.7,88,8,0,1.2,219,0,0
2026-01-11,45.8133,6.1215,1336,1,above-cloud,LFLP,-355,87,-6.9,95,0.7,1026.1,98,0,11,1.4,23,0,0
2026-01-28,45.8133,6.1215,1336,1,above-cloud,LFLP,-660,64,-3.3,99,0.1,993.8,100,100,100,1.5,277,0,1.5
2026-02-06,45.8133,6.1215,1336,0,in-cloud,LFLP,41,83,-0.4,95,0.7,993.2,98,100,0,9,134,0,0.5
2026-02-13,45.8133,6.1215,1336,0,in-cloud,LFLP,-20,73,-1.7,97,0.4,1000.2,0,0,13,8.8,136,0,0
2026-02-20,45.8133,6.1215,1336,1,above-cloud,LFLP,-416,72,-1.8,95,0.7,1020.8,99,100,4,3.8,205,0,0.1
2026-03-12,45.8133,6.1215,1336,1,above-cloud,LFLP,-599,90,0.1,97,0.5,1025.8,99,1,1,0.9,323,0,0
2026-03-30,45.8133,6.1215,1336,0,below-cloud,LFLP,1078,76,-2.6,78,3.3,1027.6,9,100,0,2.5,159,0,0
2026-04-20,45.8133,6.1215,1336,0,below-cloud,LFLP,438,66,2.6,85,2.2,1016.8,0,0,2,1,121,0,0
2026-05-11,45.8133,6.1215,1336,0,below-cloud,LFLP,316,87,6.1,97,0.5,1008.8,100,100,99,2.1,149,0,2.7
2026-05-20,45.8133,6.1215,1336,0,in-cloud,LFLP,133,84,5.9,90,1.6,1024.2,91,20,55,2.7,143,0,0.2
2026-07-27,45.8133,6.1215,1336,0,below-cloud,LFLP,1565,77,11.8,88,1.9,1017.8,23,21,0,1.7,221,0,0
2024-01-02,53.0732,-3.934,857,1,above-cloud,EGCK,-457,63,4.1,98,0.3,982.7,100,100,100,19.6,212,0,1.9
2024-01-23,53.0732,-3.934,857,1,above-cloud,EGCK,-640,66,2.6,99,0.2,1013.9,100,100,100,27.6,195,0,1.2
2024-02-03,53.0732,-3.934,857,1,above-cloud,EGCK,-152,58,5.2,100,0,1024.7,100,15,49,21.4,253,0,0.4
2024-02-14,53.0732,-3.934,857,1,above-cloud,EGCK,-701,55,4.1,99,0.2,1006.1,100,100,100,18,209,0,2.2
2024-02-23,53.0732,-3.934,857,1,above-cloud,EGCK,-274,58,-1.9,96,0.5,981.7,100,36,80,15.2,256,0,0
2024-03-12,53.0732,-3.934,857,1,above-cloud,EGCK,-609,54,3.4,97,0.4,1003.9,100,100,100,16.6,184,0,1.7
2024-04-03,53.0732,-3.934,857,1,above-cloud,EGCK,-396,66,3.5,100,0.1,992.5,100,100,23,5.6,130,0,0.1
2024-04-12,53.0732,-3.934,857,1,above-cloud,EGCK,-518,70,4.6,100,0,1024.6,100,53,100,22.8,219,0,0.1
2024-04-29,53.0732,-3.934,857,1,above-cloud,EGCK,-396,65,2.3,100,0.1,1007.7,100,25,50,19,195,0,0.4
2024-05-17,53.0732,-3.934,857,1,above-cloud,EGCK,-243,89,6.6,100,0,1006.5,100,3,3,5,120,0,0
2024-05-28,53.0732,-3.934,857,1,above-cloud,EGCK,-640,67,6.1,98,0.3,1010.8,100,66,100,14.4,183,0,0
2024-06-08,53.0732,-3.934,857,0,in-cloud,EGCK,92,60,5.5,97,0.5,1012.7,100,65,74,9.7,285,0,0.2
2024-06-17,53.0732,-3.934,857,1,above-cloud,EGCK,-213,70,6.2,100,0,1006.1,100,40,0,5.9,259,0,0.2
2024-06-29,53.0732,-3.934,857,1,above-cloud,EGCK,-548,63,6.6,96,0.6,1015.6,91,100,91,14.5,215,0,0.2
2024-07-10,53.0732,-3.934,857,1,above-cloud,EGCK,-762,60,9.6,99,0.1,1005.7,100,20,0,12,213,0,0.6
2024-07-22,53.0732,-3.934,857,1,above-cloud,EGCK,-731,65,10.4,100,0,1008.8,100,0,0,17.1,221,0,0.9
2024-08-05,53.0732,-3.934,857,1,above-cloud,EGCK,-640,66,12.1,100,0,1007.9,100,0,0,26.7,207,0,0.3
2024-08-18,53.0732,-3.934,857,0,below-cloud,EGCK,397,74,6.7,96,0.5,1011.7,41,0,100,11.4,259,0,0
2024-08-28,53.0732,-3.934,857,1,above-cloud,EGCK,-731,66,10.6,97,0.5,1011.8,100,15,68,11.9,183,0,0.2
2024-09-11,53.0732,-3.934,857,1,above-cloud,EGCK,-152,71,3.1,92,1.2,1008.2,45,37,0,22.2,283,0,1.2
2024-09-27,53.0732,-3.934,857,0,in-cloud,EGCK,31,52,3.4,91,1.4,1000.5,98,53,100,24.5,1,0,0.1
2024-10-11,53.0732,-3.934,857,0,below-cloud,EGCK,519,84,-2.1,94,0.9,1015.8,31,0,0,6,241,0,0
2024-10-28,53.0732,-3.934,857,1,above-cloud,EGCK,-762,64,8.6,99,0.1,1016.4,100,77,0,14.8,213,0,0.5
2024-11-05,53.0732,-3.934,857,0,in-cloud,EGCK,-121,86,3.7,98,0.4,1021.3,100,62,96,5.6,174,0,0.1
2024-11-16,53.0732,-3.934,857,1,above-cloud,EGCK,-274,61,5.6,100,0.1,1018.5,100,0,0,11,255,0,0.1
2024-12-01,53.0732,-3.934,857,1,above-cloud,EGCK,-182,57,6.6,99,0.1,1008.1,100,42,56,16.5,209,0,1.4
2024-12-16,53.0732,-3.934,857,0,below-cloud,EGCK,336,60,3.8,99,0.2,1028.4,100,0,70,21.7,242,0,0
2024-12-25,53.0732,-3.934,857,1,above-cloud,EGCK,-731,59,4.6,100,0.1,1029.8,100,4,0,23.7,229,0,0
2025-01-04,53.0732,-3.934,857,0,below-cloud,EGCK,183,68,-3.6,95,0.7,1016.8,100,0,100,7.9,192,0,0
2025-01-17,53.0732,-3.934,857,1,above-cloud,EGCK,-426,59,1.7,100,0.1,1032.2,100,0,76,22.9,212,0,0
2025-01-27,53.0732,-3.934,857,0,in-cloud,EGCK,-61,68,-2,95,0.6,971.4,100,100,98,29.1,195,0,4.6
2025-02-10,53.0732,-3.934,857,0,in-cloud,EGCK,-61,58,-1.9,95,0.7,1031.2,100,0,0,17,49,0,0
2025-02-20,53.0732,-3.934,857,1,above-cloud,EGCK,-792,56,6.2,100,0.1,1002.9,100,100,95,25.2,197,0,2.8
2025-03-14,53.0732,-3.934,857,0,below-cloud,EGCK,580,75,-3.9,80,2.9,1008.7,29,22,0,1.2,117,0,0
2025-04-14,53.0732,-3.934,857,1,above-cloud,EGCK,-152,66,1.4,99,0.2,1001.5,100,53,0,19.8,195,0,0.4
2025-05-04,53.0732,-3.934,857,0,below-cloud,EGCK,519,94,0.5,100,0,1019.3,92,1,0,1.4,113,0,0
2025-05-30,53.0732,-3.934,857,1,above-cloud,EGCK,-182,72,8.9,100,0,1014.9,100,0,24,22.4,219,0,0.2
2025-06-15,53.0732,-3.934,857,0,below-cloud,EGCK,153,86,6.9,100,0.1,1018.5,100,86,0,3.8,251,0,0
2025-06-28,53.0732,-3.934,857,1,above-cloud,EGCK,-701,58,12,100,0.1,1017.8,100,1,0,23,215,0,1.6
2025-07-09,53.0732,-3.934,857,1,above-cloud,EGCK,-396,85,9.3,100,0,1021.1,100,3,0,7.5,226,0,0
2025-07-21,53.0732,-3.934,857,1,above-cloud,EGCK,-243,81,7.6,100,0,998.6,35,0,24,7.4,227,0,0
2025-07-31,53.0732,-3.934,857,1,above-cloud,EGCK,-365,81,11,100,0,1017.2,100,1,100,4.5,307,0,0
2025-08-15,53.0732,-3.934,857,1,above-cloud,EGCK,-335,92,10,100,0,1025.1,47,0,0,1.5,324,0,0
2025-09-01,53.0732,-3.934,857,1,above-cloud,EGCK,-152,68,7.9,100,0,994.8,100,14,100,22.8,196,0,0.4
2025-09-15,53.0732,-3.934,857,1,above-cloud,EGCK,-152,65,6.9,95,0.7,994,100,94,2,34,236,0,0.3
2025-09-30,53.0732,-3.934,857,0,below-cloud,EGCK,336,71,6,100,0.1,1024.4,100,5,0,10.6,201,0,0
2025-10-08,53.0732,-3.934,857,0,in-cloud,EGCK,122,86,2.8,99,0.1,1023.8,8,0,0,3.2,286,0,0
2025-10-16,53.0732,-3.934,857,1,above-cloud,EGCK,-213,94,0.4,100,0,1029.2,96,0,0,2,180,0,0
2025-10-25,53.0732,-3.934,857,0,below-cloud,EGCK,397,76,2.5,90,1.4,1004.5,74,46,2,21.5,330,0,0.1
2025-11-05,53.0732,-3.934,857,1,above-cloud,EGCK,-335,54,9.6,97,0.5,1000.7,100,55,100,21.6,173,0,0.9
2025-11-18,53.0732,-3.934,857,0,in-cloud,EGCK,-91,67,-0.5,86,2,1019.4,100,99,0,13.8,233,0,0
2025-11-30,53.0732,-3.934,857,1,above-cloud,EGCK,-274,88,-1.6,98,0.2,1012.6,95,1,0,5.6,270,0,0
2025-12-10,53.0732,-3.934,857,1,above-cloud,EGCK,-274,58,3.9,96,0.6,1005.7,100,52,54,28,227,0,0.6
2026-01-01,53.0732,-3.934,857,1,above-cloud,EGCK,-426,63,-0.6,100,0,1011.9,100,30,95,14.6,303,0,0.1
2026-01-24,53.0732,-3.934,857,0,in-cloud,EGCK,0,55,0.2,97,0.4,987.3,100,7,93,23.5,109,0,0.1
2026-02-07,53.0732,-3.934,857,0,below-cloud,EGCK,366,76,-0.2,100,0,989.9,100,53,32,4.4,102,0,0
2026-02-15,53.0732,-3.934,857,1,above-cloud,EGCK,-457,63,-0.2,98,0.3,1000.2,78,94,0,18.6,206,0,0
2026-02-26,53.0732,-3.934,857,1,above-cloud,EGCK,-670,57,4.3,100,0,1010.1,100,96,100,26,209,0,0.3
2026-03-12,53.0732,-3.934,857,1,above-cloud,EGCK,-518,54,2.7,97,0.5,1004,100,0,100,41,214,0,0.2
2026-03-29,53.0732,-3.934,857,0,below-cloud,EGCK,458,65,-0.8,98,0.3,1028.9,90,13,100,17.2,230,0,0
2026-04-14,53.0732,-3.934,857,0,below-cloud,EGCK,519,68,0.5,83,2.6,1013.1,3,100,1,8.1,149,0,0
2026-05-09,53.0732,-3.934,857,1,above-cloud,EGCK,-487,87,3.2,98,0.3,1019.3,34,63,88,3.8,41,0,0
2026-05-18,53.0732,-3.934,857,1,above-cloud,EGCK,-396,71,1.9,100,0,1007.4,100,14,0,9,215,0,0.2
2026-06-03,53.0732,-3.934,857,1,above-cloud,EGCK,-426,60,6.6,99,0.2,1003.8,94,7,96,16.8,222,0,0.2
2026-06-12,53.0732,-3.934,857,0,in-cloud,EGCK,-121,70,8.6,99,0.1,1016.4,100,28,20,19.7,252,0,0.1
2026-06-30,53.0732,-3.934,857,0,below-cloud,EGCK,183,79,8.3,95,0.7,1022.5,52,6,1,14,188,0,0.1
2026-07-20,53.0732,-3.934,857,1,above-cloud,EGCK,-426,90,6.5,90,1.5,1027.9,1,14,51,1.5,330,0,0
2026-07-29,53.0732,-3.934,857,0,in-cloud,EGCK,122,68,11.5,100,0,1013.8,100,0,0,15.9,222,0,0
2024-01-02,40.7706,-3.8965,1561,1,above-cloud,LECV,-821,76,2,54,8.5,1019.1,0,30,100,9.5,295,0,0
2024-01-04,40.7706,-3.8965,1561,1,above-cloud,LECV,-729,86,1.3,91,1.4,1018.3,39,0,20,6.8,302,0,0
2024-01-09,40.7706,-3.8965,1561,1,above-cloud,LECV,-394,70,0,92,1.1,1020.2,100,0,80,4.4,305,0,0
2024-01-14,40.7706,-3.8965,1561,0,below-cloud,LECV,1191,71,7.2,48,10.4,1018.8,100,100,100,7.1,229,0,0
2024-01-16,40.7706,-3.8965,1561,1,above-cloud,LECV,-821,80,6,100,0,1012.7,100,43,100,6.4,243,0,0
2024-01-19,40.7706,-3.8965,1561,0,in-cloud,LECV,-89,64,2.5,98,0.4,1008.5,100,100,99,7.2,87,0,1.2
2024-01-31,40.7706,-3.8965,1561,1,above-cloud,LECV,-821,62,7.9,44,11.6,1031.7,0,0,0,4.9,17,0,0
2024-02-08,40.7706,-3.8965,1561,1,above-cloud,LECV,-668,73,1.8,100,0,1016.4,100,15,100,7.3,169,0,0
2024-02-10,40.7706,-3.8965,1561,0,below-cloud,LECV,673,66,-2.2,99,0.1,998.9,100,0,0,27.8,313,0,0
2024-02-13,40.7706,-3.8965,1561,0,below-cloud,LECV,673,91,2.6,97,0.4,1022,39,0,34,7.4,313,0,0
2024-02-22,40.7706,-3.8965,1561,1,above-cloud,LECV,-821,64,7.6,42,12.2,1015.6,0,0,96,4.5,331,0,0
2024-03-04,40.7706,-3.8965,1561,1,above-cloud,LECV,-821,68,1.3,100,0.1,1017.4,100,3,85,8,297,0,0
2024-03-25,40.7706,-3.8965,1561,1,above-cloud,LECV,-729,77,4.8,97,0.5,1002.4,100,99,100,3.8,131,0,0.7
2024-03-31,40.7706,-3.8965,1561,1,above-cloud,LECV,-760,72,-1.5,100,0,995,100,100,12,7.4,151,0,0.8
2024-04-02,40.7706,-3.8965,1561,1,above-cloud,LECV,-821,82,2.1,43,11.3,1019,0,45,99,7.2,153,0,0
2024-05-06,40.7706,-3.8965,1561,0,below-cloud,LECV,673,78,4.9,99,0.2,1013.8,100,8,43,8.4,310,0,0.1
2024-05-17,40.7706,-3.8965,1561,0,in-cloud,LECV,63,77,4.6,100,0,1009,100,11,0,6.9,298,0,0.2
2024-05-28,40.7706,-3.8965,1561,0,below-cloud,LECV,216,66,8.4,86,2.3,1020.4,0,0,98,7.6,82,0,0
2024-06-20,40.7706,-3.8965,1561,0,below-cloud,LECV,368,76,5.9,91,1.4,1015.3,0,48,69,6.8,93,0,0
2024-08-30,40.7706,-3.8965,1561,0,in-cloud,LECV,-89,87,14,99,0.2,1018.7,100,0,20,6.4,117,0,0
2024-09-14,40.7706,-3.8965,1561,1,above-cloud,LECV,-180,48,6.2,58,7.6,1024.1,2,0,0,7,102,0,0
2024-09-21,40.7706,-3.8965,1561,1,above-cloud,LECV,-607,86,9.9,99,0.2,1014.5,100,100,98,4.3,138,0,0.1
2024-09-26,40.7706,-3.8965,1561,1,above-cloud,LECV,-211,79,10.7,100,0.1,1012.4,100,25,3,8.9,198,0,0
2024-10-09,40.7706,-3.8965,1561,1,above-cloud,LECV,-668,70,8.1,100,0,1006.7,100,31,0,14.2,180,0,0.5
2024-10-15,40.7706,-3.8965,1561,1,above-cloud,LECV,-668,57,10.2,99,0.1,1010.4,100,53,0,16.7,142,0,1.1
2024-10-17,40.7706,-3.8965,1561,0,below-cloud,LECV,612,72,4.9,97,0.4,1014.8,100,88,35,12.3,293,0,2.2
2024-10-23,40.7706,-3.8965,1561,0,below-cloud,LECV,246,94,7,99,0.1,1027.9,33,0,0,7.1,135,0,0
2024-10-25,40.7706,-3.8965,1561,1,above-cloud,LECV,-790,79,8.4,100,0,1017.2,100,23,63,5.7,189,0,0.5
2024-11-04,40.7706,-3.8965,1561,1,above-cloud,LECV,-363,81,7.1,99,0.1,1021.5,100,91,86,8,117,0,0
2024-11-07,40.7706,-3.8965,1561,1,above-cloud,LECV,-485,77,7.7,97,0.5,1024.3,12,0,0,5.1,122,0,0
2024-11-15,40.7706,-3.8965,1561,1,above-cloud,LECV,-516,79,6.2,100,0,1020.9,100,78,100,9.4,116,0,0.2
2024-11-25,40.7706,-3.8965,1561,0,in-cloud,LECV,124,61,6,99,0.2,1015,100,99,100,12.6,175,0,0.9
2024-12-12,40.7706,-3.8965,1561,0,below-cloud,LECV,216,86,-3.5,98,0.3,1022.6,100,0,0,4.7,106,0,0
2024-12-19,40.7706,-3.8965,1561,1,above-cloud,LECV,-790,74,5.2,95,0.8,1022.4,100,4,0,13.7,289,0,0.2
2025-01-08,40.7706,-3.8965,1561,1,above-cloud,LECV,-821,72,1,100,0,1020.3,100,0,100,4.9,184,0,0
2025-01-10,40.7706,-3.8965,1561,1,above-cloud,LECV,-821,92,2.6,97,0.5,1026.3,85,0,0,6,333,0,0
2025-01-21,40.7706,-3.8965,1561,1,above-cloud,LECV,-638,72,2.2,100,0,1013.1,100,38,100,3.4,164,0,0
2025-01-23,40.7706,-3.8965,1561,1,above-cloud,LECV,-790,82,3.5,99,0.1,1015.8,100,22,0,1.9,241,0,0
2025-01-25,40.7706,-3.8965,1561,1,above-cloud,LECV,-790,69,1.3,100,0.1,1016.8,100,100,100,3.9,164,0,3.6
2025-01-29,40.7706,-3.8965,1561,1,above-cloud,LECV,-760,79,-1.2,73,4.2,1020.8,34,51,100,6.8,305,0,0
2025-02-10,40.7706,-3.8965,1561,0,in-cloud,LECV,63,89,1.9,97,0.4,1022,51,28,99,3.1,130,0,0
2025-02-12,40.7706,-3.8965,1561,0,in-cloud,LECV,-89,76,1.1,99,0.1,1016.8,100,57,0,13.4,323,0,0.7
2025-03-03,40.7706,-3.8965,1561,0,in-cloud,LECV,-89,68,0.4,100,0.1,1019.3,100,63,100,13.6,105,0,0.3
2025-03-05,40.7706,-3.8965,1561,0,in-cloud,LECV,63,58,2.3,95,0.6,1018.1,100,19,12,12.8,116,0,0
2025-03-07,40.7706,-3.8965,1561,1,above-cloud,LECV,-729,62,2.6,100,0,1014.2,100,18,0,8.2,130,0,0.2
2025-03-11,40.7706,-3.8965,1561,1,above-cloud,LECV,-455,76,0.9,100,0,1000.7,100,83,76,4.4,171,0,0.3
2025-03-17,40.7706,-3.8965,1561,1,above-cloud,LECV,-180,76,-2.7,90,1.4,1017.4,100,100,0,6.9,107,0,0.1
2025-03-19,40.7706,-3.8965,1561,1,above-cloud,LECV,-821,76,1.9,100,0,1018,100,0,0,10.8,126,0,0.5
2025-03-21,40.7706,-3.8965,1561,1,above-cloud,LECV,-790,69,1.1,100,0,1009,100,79,0,8.1,198,0,0.4
2025-04-02,40.7706,-3.8965,1561,1,above-cloud,LECV,-790,71,3.9,86,2.2,1002.7,0,44,98,3.5,351,0,0
2025-04-04,40.7706,-3.8965,1561,1,above-cloud,LECV,-790,70,3.8,100,0,1009.2,100,6,33,17,141,0,0.3
2025-04-12,40.7706,-3.8965,1561,1,above-cloud,LECV,-760,83,5.2,99,0.2,1012,100,6,1,1,45,0,0
2025-04-14,40.7706,-3.8965,1561,1,above-cloud,LECV,-485,92,3.8,100,0,1007.6,92,87,68,2.4,117,0,0
2025-04-20,40.7706,-3.8965,1561,1,above-cloud,LECV,-607,78,-0.5,99,0.2,1009.5,100,3,0,10.4,323,0,1.1
2025-04-30,40.7706,-3.8965,1561,0,in-cloud,LECV,-89,72,3.7,94,0.8,1017,1,0,0,8,95,0,0
2025-05-03,40.7706,-3.8965,1561,0,in-cloud,LECV,-89,73,5.5,100,0,1016.2,100,0,0,9.6,167,0,0
2025-05-05,40.7706,-3.8965,1561,0,below-cloud,LECV,673,83,4.5,100,0.1,1013,100,0,0,7.5,325,0,0.1
2025-05-08,40.7706,-3.8965,1561,1,above-cloud,LECV,-485,75,4,89,1.7,1011.3,8,17,100,1.3,124,0,0
2025-05-10,40.7706,-3.8965,1561,1,above-cloud,LECV,-790,91,4.1,98,0.3,1011.3,100,67,92,7,125,0,0
2025-05-14,40.7706,-3.8965,1561,0,below-cloud,LECV,673,78,3.4,87,2,1014.2,27,0,8,2.7,62,0,0
2025-10-21,40.7706,-3.8965,1561,0,below-cloud,LECV,185,72,10.3,99,0.1,1012.2,100,15,21,9.6,291,0,0.3
2025-11-11,40.7706,-3.8965,1561,1,above-cloud,LECV,-455,88,1.9,100,0,1017.3,97,13,99,2,185,0,0
2025-12-02,40.7706,-3.8965,1561,1,above-cloud,LECV,-516,83,-0.1,90,1.5,1016.3,100,100,0,6.8,312,0,1.7
2026-01-27,40.7706,-3.8965,1561,1,above-cloud,LECV,-790,61,1.8,99,0.1,998.9,100,100,98,13.1,192,0,2
2026-02-13,40.7706,-3.8965,1561,1,above-cloud,LECV,-760,66,1.5,100,0,995,100,100,94,5.2,274,0,0.3
2026-03-03,40.7706,-3.8965,1561,0,below-cloud,LECV,673,82,2.3,97,0.4,1018,100,100,0,6.5,67,0,0.1
2026-03-09,40.7706,-3.8965,1561,1,above-cloud,LECV,-760,87,-1.3,92,1.1,1021.8,15,95,100,1.2,321,0,0
2026-04-12,40.7706,-3.8965,1561,0,below-cloud,LECV,216,78,3.3,97,0.4,1013.7,100,78,100,8.2,320,0,0
2026-04-29,40.7706,-3.8965,1561,1,above-cloud,LECV,-302,79,7.7,100,0.1,1009.1,100,53,100,6.6,171,0,0.1
2026-05-04,40.7706,-3.8965,1561,0,below-cloud,LECV,368,96,3.5,98,0.4,1012.8,47,2,0,2.2,90,0,0
2026-05-07,40.7706,-3.8965,1561,1,above-cloud,LECV,-180,90,3,92,1.2,1011.7,81,0,0,3.1,66,0,0
2026-05-09,40.7706,-3.8965,1561,1,above-cloud,LECV,-546,74,5.4,100,0,1010,100,94,100,16.1,145,0,0.1
2026-05-13,40.7706,-3.8965,1561,0,below-cloud,LECV,673,80,4.1,98,0.3,1019.6,100,0,0,6.2,327,0,0
2024-01-01,47.3629,7.8107,1031,0,below-cloud,LFSB,490,54,-1.1,87,1.9,1015.6,7,7,80,19.1,223,0,0
2024-01-09,47.3629,7.8107,1031,0,in-cloud,LFSB,32,51,-7.3,73,4.1,1025.6,98,0,0,11.6,60,0,0
2024-01-17,47.3629,7.8107,1031,0,below-cloud,LFSB,612,74,-2.3,95,0.8,998,100,100,100,7,145,0,1
2024-01-25,47.3629,7.8107,1031,1,above-cloud,LFSB,-211,82,5.6,95,0.7,1032.7,100,89,1,11.3,261,0,0
2024-02-04,47.3629,7.8107,1031,0,in-cloud,LFSB,-150,87,-0.7,98,0.3,1033.3,98,0,38,6.4,223,0,0
2024-02-12,47.3629,7.8107,1031,0,below-cloud,LFSB,520,68,0.9,90,1.5,1006.3,99,47,95,6.9,242,0,0.4
2024-02-22,47.3629,7.8107,1031,0,below-cloud,LFSB,734,58,4,86,2.1,1008,81,100,100,28.3,220,0,1.2
2024-03-01,47.3629,7.8107,1031,0,in-cloud,LFSB,124,68,1.7,95,0.7,1009.6,100,100,83,5.6,225,0,0.9
2024-03-12,47.3629,7.8107,1031,0,below-cloud,LFSB,612,75,-0.2,93,1,1018.2,48,100,4,8.1,238,0,0.1
2024-03-23,47.3629,7.8107,1031,0,below-cloud,LFSB,734,64,5.5,74,4.3,1011.4,87,100,0,11.2,276,0,0
2024-04-02,47.3629,7.8107,1031,0,below-cloud,LFSB,947,70,1.9,88,1.8,1015,83,25,0,17.4,230,0,0
2024-04-17,47.3629,7.8107,1031,0,below-cloud,LFSB,215,72,0,90,1.5,1012.6,86,73,0,12.8,259,0,0.2
2024-04-23,47.3629,7.8107,1031,1,above-cloud,LFSB,-516,81,-3.1,90,1.3,1017.6,71,100,7,7.9,344,0,0
2024-05-05,47.3629,7.8107,1031,0,below-cloud,LFSB,429,57,7.9,87,2.1,1013.8,1,100,28,17.9,220,0,0.3
2024-05-16,47.3629,7.8107,1031,0,below-cloud,LFSB,1922,79,5.6,97,0.5,1007.5,2,82,4,7.1,240,0,0.1
2024-06-01,47.3629,7.8107,1031,0,below-cloud,LFSB,1191,86,6.7,95,0.7,1015.5,69,100,100,5.7,252,0,0.1
2024-06-08,47.3629,7.8107,1031,0,below-cloud,LFSB,947,75,11.3,97,0.5,1016.3,1,26,88,2.9,210,0,0.7
2024-06-22,47.3629,7.8107,1031,0,below-cloud,LFSB,886,78,10,97,0.5,1017.8,29,8,2,9.4,212,0,0
2024-07-07,47.3629,7.8107,1031,0,below-cloud,LFSB,1313,79,9.8,88,1.9,1015.3,100,100,100,6.9,321,0,0.2
2024-07-24,47.3629,7.8107,1031,0,below-cloud,LFSB,764,79,13.4,94,0.9,1021,100,100,100,6,335,0,0.3
2024-08-15,47.3629,7.8107,1031,1,above-cloud,LFSB,-516,89,12.8,98,0.4,1018.4,2,0,33,4.3,312,0,0
2024-08-26,47.3629,7.8107,1031,0,below-cloud,LFSB,1252,82,10.2,91,1.4,1022,99,0,0,4.7,337,0,0
2024-09-10,47.3629,7.8107,1031,0,below-cloud,LFSB,703,64,9.8,89,1.8,1016.4,100,64,55,10.1,274,0,0
2024-09-17,47.3629,7.8107,1031,1,above-cloud,LFSB,-547,83,6.7,97,0.5,1021.6,100,40,1,0.7,270,0,0.1
2024-10-01,47.3629,7.8107,1031,0,below-cloud,LFSB,734,63,8.1,89,1.7,1015.6,2,100,100,4,265,0,0
2024-10-11,47.3629,7.8107,1031,0,below-cloud,LFSB,947,89,4.7,94,1,1015,33,49,0,5.8,236,0,0
2024-10-23,47.3629,7.8107,1031,1,above-cloud,LFSB,-455,64,8.1,91,1.3,1032.5,100,100,17,10,39,0,0.1
2024-11-03,47.3629,7.8107,1031,1,above-cloud,LFSB,-181,86,3.7,93,1.1,1029.6,93,0,1,5.8,141,0,0
2024-11-13,47.3629,7.8107,1031,0,in-cloud,LFSB,32,61,-0.6,89,1.5,1029.1,100,0,31,7.7,74,0,0
2024-11-28,47.3629,7.8107,1031,0,in-cloud,LFSB,93,82,4,96,0.6,1023.4,100,90,94,15.5,230,0,0.3
2024-12-10,47.3629,7.8107,1031,0,below-cloud,LFSB,307,49,-2.4,87,1.8,1021.4,100,3,18,15.2,51,0,0
2024-12-20,47.3629,7.8107,1031,0,below-cloud,LFSB,764,77,-3.4,92,1.2,1024.3,100,41,0,9.7,255,0,0
2025-01-03,47.3629,7.8107,1031,1,above-cloud,LFSB,-272,82,-6.7,97,0.4,1024.3,100,0,0,3.7,281,0,0
2025-01-16,47.3629,7.8107,1031,1,above-cloud,LFSB,-638,58,-2.7,92,1.1,1033.1,100,0,0,16.4,61,0,0
2025-01-26,47.3629,7.8107,1031,0,below-cloud,LFSB,3507,67,0,87,1.9,1015.1,3,27,0,13.8,244,0,0
2025-02-04,47.3629,7.8107,1031,1,above-cloud,LFSB,-333,86,-4.6,89,1.6,1031.3,100,0,0,4.2,173,0,0
2025-02-13,47.3629,7.8107,1031,0,in-cloud,LFSB,93,74,0,98,0.3,1017.1,96,99,55,6.4,225,0,0.3
2025-02-25,47.3629,7.8107,1031,0,below-cloud,LFSB,1069,86,2.7,93,1,1017.2,11,100,100,1.1,180,0,0.1
2025-03-12,47.3629,7.8107,1031,0,below-cloud,LFSB,703,76,1.9,94,0.8,998.7,100,100,100,2.9,292,0,0.1
2025-03-23,47.3629,7.8107,1031,0,below-cloud,LFSB,734,79,4.1,98,0.2,1004.6,100,100,100,3.8,301,0,0.5
2025-04-16,47.3629,7.8107,1031,0,below-cloud,LFSB,459,83,6.4,97,0.4,1005.7,71,24,96,8.5,332,0,0
2025-04-26,47.3629,7.8107,1031,1,above-cloud,LFSB,-547,70,4.5,98,0.3,1017.5,100,0,0,13.5,59,0,0
2025-05-13,47.3629,7.8107,1031,1,above-cloud,LFSB,-242,92,6.1,97,0.5,1016.1,56,40,93,1.3,262,0,0
2025-05-29,47.3629,7.8107,1031,0,below-cloud,LFSB,947,89,8.4,99,0.2,1024.8,100,95,30,6.6,259,0,0.1
2025-06-16,47.3629,7.8107,1031,0,below-cloud,LFSB,307,87,11.2,95,0.8,1026,100,100,0,6.8,331,0,0
2025-07-25,47.3629,7.8107,1031,0,below-cloud,LFSB,1252,82,9.6,97,0.4,1016.1,6,47,27,1.9,241,0,0
2025-08-17,47.3629,7.8107,1031,0,below-cloud,LFSB,581,81,12.6,97,0.4,1019,8,9,0,6.2,322,0,0
2025-09-01,47.3629,7.8107,1031,0,below-cloud,LFSB,2044,68,10.7,96,0.6,1010.3,10,100,83,7.6,252,0,0.5
2025-09-14,47.3629,7.8107,1031,0,below-cloud,LFSB,673,81,8.9,97,0.4,1018.9,8,15,0,12,227,0,0
2025-09-26,47.3629,7.8107,1031,1,above-cloud,LFSB,-608,78,4.6,98,0.3,1019.6,100,12,100,3.2,322,0,0
2025-10-04,47.3629,7.8107,1031,0,below-cloud,LFSB,246,62,7.3,77,3.8,1014.2,14,20,49,15.7,216,0,0
2025-10-14,47.3629,7.8107,1031,0,below-cloud,LFSB,154,63,6.4,90,1.6,1023.9,100,0,0,8.6,51,0,0
2025-10-27,47.3629,7.8107,1031,0,below-cloud,LFSB,581,62,1.3,94,0.8,1011.7,100,100,100,28.8,226,0,0.7
2025-11-08,47.3629,7.8107,1031,1,above-cloud,LFSB,-608,87,-1.1,100,0,1014.9,100,0,0,1.5,135,0,0
2025-11-20,47.3629,7.8107,1031,0,below-cloud,LFSB,1313,64,-3.7,91,1.2,1011.2,3,63,20,11.8,242,0,0.4
2025-11-27,47.3629,7.8107,1031,1,above-cloud,LFSB,-547,74,-3.2,100,0,1025.7,100,0,0,4.1,29,0,0
2025-12-05,47.3629,7.8107,1031,0,in-cloud,LFSB,-150,76,-1.1,100,0.1,1012.2,91,100,2,4.3,225,0,0.1
2025-12-14,47.3629,7.8107,1031,1,above-cloud,LFSB,-486,72,-2.5,96,0.6,1030.4,100,0,0,3.4,162,0,0
2025-12-27,47.3629,7.8107,1031,1,above-cloud,LFSB,-242,68,-4.8,94,0.8,1031.2,100,0,0,5.5,128,0,0
2026-01-05,47.3629,7.8107,1031,0,below-cloud,LFSB,429,71,-10.3,85,2,1016.6,2,0,0,0.3,45,0,0
2026-01-11,47.3629,7.8107,1031,1,above-cloud,LFSB,-425,74,-5.8,95,0.6,1026.5,100,100,0,4.9,303,0,0
2026-01-25,47.3629,7.8107,1031,1,above-cloud,LFSB,-608,77,-2.6,94,0.8,1000.7,100,94,100,3.6,217,0,0
2026-02-02,47.3629,7.8107,1031,0,below-cloud,LFSB,520,81,-2.2,100,0,1004.2,100,100,0,5.4,69,0,0.2
2026-02-11,47.3629,7.8107,1031,0,below-cloud,LFSB,1008,57,3.6,92,1.1,992.8,100,100,99,20.5,238,0,2.1
2026-02-17,47.3629,7.8107,1031,0,below-cloud,LFSB,215,75,-2.4,92,1,1010.7,17,36,0,13.7,252,0,0
2026-02-28,47.3629,7.8107,1031,0,below-cloud,LFSB,581,76,0.9,85,2.3,1023,25,6,92,6.4,223,0,0
2026-03-27,47.3629,7.8107,1031,0,below-cloud,LFSB,1008,93,-6.8,98,0.3,1023.1,45,34,0,2.1,308,0,0
2026-04-04,47.3629,7.8107,1031,0,below-cloud,LFSB,642,80,3.3,92,1.1,1024.4,91,96,0,9.2,215,0,0
2026-05-05,47.3629,7.8107,1031,0,below-cloud,LFSB,703,78,6.1,94,0.9,1010.7,0,83,100,4.7,220,0,0.1
2026-05-15,47.3629,7.8107,1031,0,below-cloud,LFSB,215,86,0.2,96,0.6,1001.4,42,27,78,2.2,270,0,0.2
2026-06-03,47.3629,7.8107,1031,0,below-cloud,LFSB,1374,77,7.4,98,0.2,1014,8,16,5,9.7,220,0,0.1
2026-07-19,47.3629,7.8107,1031,0,below-cloud,LFSB,1556,72,12,90,1.7,1015.7,3,3,0,6.6,259,0,0
2024-01-03,30.35,120.06,800,0,in-cloud,ZSHC,-56,71,4.4,89,1.7,1025.6,51,2,0,14.8,334,0,0
2024-01-15,30.35,120.06,800,0,in-cloud,ZSHC,-147,57,4.9,69,5.2,1032.1,100,13,0,17.3,4,0,0
2024-01-22,30.35,120.06,800,0,below-cloud,ZSHC,157,42,-0.7,67,5.5,1037.4,45,93,100,18.9,347,0,0
2024-02-02,30.35,120.06,800,1,above-cloud,ZSHC,-544,61,2.6,94,0.8,1028.2,100,100,99,10.8,4,0,0.2
2024-02-07,30.35,120.06,800,1,above-cloud,ZSHC,-239,59,0.6,91,1.3,1028.7,98,100,100,9.3,332,0,0.1
2024-02-22,30.35,120.06,800,1,above-cloud,ZSHC,-483,56,1,91,1.4,1028.4,53,100,97,16.9,336,0,0.7
2024-02-26,30.35,120.06,800,0,below-cloud,ZSHC,462,56,0.2,77,3.6,1030.9,0,100,38,8.7,343,0,0
2024-03-06,30.35,120.06,800,1,above-cloud,ZSHC,-239,63,6.1,87,2,1018.5,100,100,0,15.5,338,0,0
2024-04-04,30.35,120.06,800,0,in-cloud,ZSHC,-56,56,12.7,75,4.2,1016.3,0,100,100,12,33,0,0.2
2024-04-12,30.35,120.06,800,1,above-cloud,ZSHC,-544,88,15.3,99,0.2,1013.1,32,100,2,2.1,31,0,0
2024-04-21,30.35,120.06,800,0,in-cloud,ZSHC,-147,71,15.7,96,0.7,1010.6,0,100,100,3.2,360,0,0.1
2024-04-27,30.35,120.06,800,1,above-cloud,ZSHC,-269,79,16.4,95,0.8,1008.3,100,0,0,3.8,343,0,0
2024-05-03,30.35,120.06,800,0,below-cloud,ZSHC,462,93,13.6,98,0.4,1017.4,97,16,7,6.6,41,0,0.6
2024-05-12,30.35,120.06,800,1,above-cloud,ZSHC,-513,76,18.9,97,0.4,1011.4,100,82,100,12.6,358,0,0.6
2024-06-01,30.35,120.06,800,0,below-cloud,ZSHC,249,70,17.9,94,1,1013.7,0,100,13,3.9,214,0,0
2024-06-10,30.35,120.06,800,0,in-cloud,ZSHC,35,64,21.7,93,1.1,1008.9,2,100,93,3.5,336,0,5.3
2024-06-19,30.35,120.06,800,0,below-cloud,ZSHC,645,66,22.7,94,1,1004.1,32,90,100,8.5,168,0,0.9
2024-06-26,30.35,120.06,800,0,in-cloud,ZSHC,-147,81,21.1,97,0.5,1009.5,44,91,100,14.5,145,0,2.7
2024-07-12,30.35,120.06,800,1,above-cloud,ZSHC,-269,77,24.9,99,0.2,1001.8,20,17,100,1.9,68,0,0
2024-09-16,30.35,120.06,800,1,above-cloud,ZSHC,-239,56,25.6,87,2.4,1005.4,100,2,100,22.8,322,0,0
2024-09-21,30.35,120.06,800,0,below-cloud,ZSHC,462,63,25.8,94,1,1006.2,100,58,85,5.4,312,0,0.3
2024-09-27,30.35,120.06,800,0,in-cloud,ZSHC,-147,86,22.3,97,0.5,1012.6,87,49,36,5,15,0,0.9
2024-10-07,30.35,120.06,800,1,above-cloud,ZSHC,-513,53,17.7,88,2.1,1019.6,99,100,91,11.5,346,0,0
2024-10-17,30.35,120.06,800,1,above-cloud,ZSHC,-513,82,20.2,97,0.5,1018.3,100,9,0,3.9,34,0,0
2024-10-22,30.35,120.06,800,0,below-cloud,ZSHC,249,82,15.8,98,0.3,1019.6,11,2,30,4.2,353,0,0
2024-10-28,30.35,120.06,800,0,in-cloud,ZSHC,-56,80,15.4,94,0.9,1017.2,46,100,100,7.7,349,0,0.5
2024-11-10,30.35,120.06,800,0,below-cloud,ZSHC,462,63,15.9,91,1.4,1020.8,20,92,100,8.8,12,0,0
2024-11-17,30.35,120.06,800,0,in-cloud,ZSHC,-147,56,17.4,91,1.4,1020.7,100,100,0,11,15,0,0
2024-12-03,30.35,120.06,800,0,below-cloud,ZSHC,462,88,6,96,0.6,1022.6,0,0,0,5.4,20,0,0
2024-12-11,30.35,120.06,800,1,above-cloud,ZSHC,-574,56,6.3,96,0.5,1024.1,100,100,38,14.7,345,0,0.6
2025-01-24,30.35,120.06,800,1,above-cloud,ZSHC,-483,78,9.4,95,0.7,1020.7,100,33,0,6.9,60,0,0
2025-02-02,30.35,120.06,800,1,above-cloud,ZSHC,-452,78,4.7,94,0.9,1022.1,100,71,0,8.4,350,0,0.1
2025-02-16,30.35,120.06,800,0,below-cloud,ZSHC,157,85,5.2,99,0.2,1020.8,100,0,0,5.9,230,0,0
2025-02-23,30.35,120.06,800,0,in-cloud,ZSHC,-56,81,2.5,96,0.5,1035.4,17,93,0,5.4,4,0,0
2025-03-04,30.35,120.06,800,0,in-cloud,ZSHC,-56,66,6.3,85,2.3,1017.7,100,97,0,13.6,324,0,0
2025-03-11,30.35,120.06,800,0,below-cloud,ZSHC,462,82,8.9,98,0.2,1018.8,1,21,0,0.5,180,0,0
2025-03-15,30.35,120.06,800,1,above-cloud,ZSHC,-239,53,8.8,89,1.7,1019.9,100,100,0,14.6,336,0,0
2025-04-22,30.35,120.06,800,0,below-cloud,ZSHC,157,84,20,99,0.2,1006,28,6,100,1.6,276,0,0
2025-05-16,30.35,120.06,800,0,below-cloud,ZSHC,462,80,21.9,96,0.7,1008.2,2,100,100,8.2,206,0,0.1
2025-06-08,30.35,120.06,800,1,above-cloud,ZSHC,-544,84,23.1,98,0.3,1003.8,100,26,100,1.7,18,0,0.1
2025-06-12,30.35,120.06,800,0,in-cloud,ZSHC,-56,84,20.4,95,0.8,1011.4,63,100,18,4.4,81,0,0
2025-06-23,30.35,120.06,800,1,above-cloud,ZSHC,-483,79,22.3,98,0.3,1005,100,22,17,7.2,332,0,0
2025-07-09,30.35,120.06,800,1,above-cloud,ZSHC,-239,76,25.2,95,0.8,1002.2,18,6,0,15.1,57,0,0
2025-07-18,30.35,120.06,800,1,above-cloud,ZSHC,-300,89,25,97,0.5,1002.8,100,1,0,0.7,346,0,0
2025-07-28,30.35,120.06,800,0,in-cloud,ZSHC,-147,73,25,97,0.5,999.1,44,84,29,8.5,63,0,1.5
2025-09-10,30.35,120.06,800,1,above-cloud,ZSHC,-239,90,24.3,100,0.1,1011.4,79,23,21,2.7,37,0,0
2025-09-21,30.35,120.06,800,0,below-cloud,ZSHC,249,66,21.2,88,2.1,1015,100,100,0,9.2,28,0,0.3
2025-09-30,30.35,120.06,800,1,above-cloud,ZSHC,-239,82,22.6,98,0.2,1013,10,30,44,0.8,243,0,0
2025-10-13,30.35,120.06,800,1,above-cloud,ZSHC,-483,75,24.4,87,2.3,1013.6,28,7,0,7.8,355,0,0
2025-10-17,30.35,120.06,800,0,in-cloud,ZSHC,-147,81,22.2,89,1.9,1018.9,100,1,9,4.5,34,0,0
2025-10-22,30.35,120.06,800,0,below-cloud,ZSHC,462,60,11.9,78,3.7,1028.8,23,2,0,14.5,345,0,0
2025-10-28,30.35,120.06,800,0,in-cloud,ZSHC,35,58,13.7,74,4.7,1026.4,100,0,0,6.6,22,0,0
2025-11-09,30.35,120.06,800,1,above-cloud,ZSHC,-269,67,15.6,92,1.3,1020.2,100,98,0,11.7,331,0,0
2025-12-12,30.35,120.06,800,0,in-cloud,ZSHC,35,53,9.8,72,4.9,1027.9,100,0,41,11.7,46,0,0
2025-12-25,30.35,120.06,800,0,in-cloud,ZSHC,-147,65,4,86,2.1,1027.8,14,25,10,14,331,0,0
2026-01-18,30.35,120.06,800,1,above-cloud,ZSHC,-422,82,8.9,89,1.7,1018,98,1,0,2.5,90,0,0
2026-01-27,30.35,120.06,800,1,above-cloud,ZSHC,-452,49,4.4,86,2.2,1029.2,100,100,0,11.8,13,0,0
2026-01-31,30.35,120.06,800,1,above-cloud,ZSHC,-605,78,1.3,99,0.1,1030.9,100,100,0,9.8,5,0,0.2
2026-02-07,30.35,120.06,800,1,above-cloud,ZSHC,-422,73,1.1,94,0.8,1030.5,100,0,0,9.9,29,0,0
2026-02-25,30.35,120.06,800,0,in-cloud,ZSHC,-86,70,7.6,87,2.1,1022.3,100,7,0,5.8,36,0,0
2026-03-03,30.35,120.06,800,0,in-cloud,ZSHC,-86,59,6.4,81,3,1024.1,69,95,99,10.2,352,0,0
2026-03-13,30.35,120.06,800,1,above-cloud,ZSHC,-178,88,4,98,0.4,1030.1,13,0,0,3.3,6,0,0
2026-03-22,30.35,120.06,800,0,below-cloud,ZSHC,554,82,11.1,92,1.2,1017.3,100,81,0,1.7,162,0,0
2026-03-27,30.35,120.06,800,1,above-cloud,ZSHC,-452,80,12.5,95,0.8,1014.1,100,100,0,4.7,74,0,1.1
2026-04-01,30.35,120.06,800,1,above-cloud,ZSHC,-513,91,11.6,98,0.2,1014.6,38,85,35,2.4,63,0,1.1
2026-04-13,30.35,120.06,800,0,in-cloud,ZSHC,-147,81,15.5,97,0.5,1012.8,100,86,100,4.8,15,0,0
2026-04-17,30.35,120.06,800,1,above-cloud,ZSHC,-452,92,14.9,99,0.1,1012.6,30,10,99,1,45,0,0
2026-04-23,30.35,120.06,800,0,in-cloud,ZSHC,-147,61,12.4,95,0.8,1011.2,92,100,89,12.8,351,0,0.2
2026-05-21,30.35,120.06,800,0,in-cloud,ZSHC,-56,78,22.5,92,1.3,1008.6,87,2,99,8,350,0,0
2026-05-28,30.35,120.06,800,0,in-cloud,ZSHC,-56,61,23.6,85,2.7,1007.9,100,42,95,10.1,350,0,0
2026-06-09,30.35,120.06,800,0,below-cloud,ZSHC,249,67,16.4,95,0.8,1009.8,0,100,57,6.8,230,0,0
2026-06-17,30.35,120.06,800,0,below-cloud,ZSHC,462,86,22.4,98,0.3,1008.3,1,23,14,2.8,63,0,0
2026-06-23,30.35,120.06,800,1,above-cloud,ZSHC,-483,67,22.3,98,0.3,1002.9,100,100,93,9.4,5,0,1.2
2026-06-30,30.35,120.06,800,0,below-cloud,ZSHC,462,58,24.6,98,0.3,1007.8,0,100,98,5.6,115,0,2.6
2026-07-09,30.35,120.06,800,0,in-cloud,ZSHC,-56,59,26.2,91,1.6,1005.4,1,100,94,7,212,0,2.6
2026-08-10,30.35,120.06,800,1,above-cloud,ZSHC,-422,60,25.5,96,0.7,991.7,3,95,96,18.1,73,0,0.3
2024-05-15,28.1249,-17.2079,951,0,below-cloud,GCGM,487,58,11.7,80,3.3,1016.6,54,0,0,19.8,27,0,0
2024-05-16,28.1249,-17.2079,951,0,below-cloud,GCGM,487,65,11.5,76,4,1016.7,55,0,0,16.1,34,0,0
2024-05-28,28.1249,-17.2079,951,0,below-cloud,GCGM,182,71,11.5,89,1.7,1020.8,55,0,0,13.2,11,0,0
2024-05-29,28.1249,-17.2079,951,0,below-cloud,GCGM,243,72,12.1,83,2.8,1019.3,48,0,0,9.4,7,0,0
2024-05-31,28.1249,-17.2079,951,0,below-cloud,GCGM,182,69,12,99,0.1,1015.3,100,0,0,12.2,2,0,0.1
2024-06-02,28.1249,-17.2079,951,1,above-cloud,GCGM,-275,82,12,100,0.1,1018,93,0,5,9.9,350,0,0
2024-06-06,28.1249,-17.2079,951,0,in-cloud,GCGM,121,92,11.6,96,0.6,1017.3,63,0,99,2.9,263,0,0
2024-06-18,28.1249,-17.2079,951,0,in-cloud,GCGM,-122,77,12.7,92,1.2,1019,82,0,0,16,14,0,0
2024-06-19,28.1249,-17.2079,951,0,in-cloud,GCGM,30,78,13.3,98,0.4,1021.3,81,0,0,18.2,27,0,0.1
2024-06-30,28.1249,-17.2079,951,1,above-cloud,GCGM,-275,69,12.9,100,0,1019.5,90,0,0,18.6,18,0,0
2024-07-04,28.1249,-17.2079,951,1,above-cloud,GCGM,-153,71,12.1,96,0.6,1016.8,15,0,0,9.1,351,0,0
2024-07-05,28.1249,-17.2079,951,0,in-cloud,GCGM,-122,78,13.1,98,0.3,1018,86,0,0,16.3,6,0,0
2024-07-07,28.1249,-17.2079,951,1,above-cloud,GCGM,-183,77,13.8,95,0.8,1018.2,64,0,0,21.1,27,0,0
2024-07-17,28.1249,-17.2079,951,1,above-cloud,GCGM,-427,81,12.7,98,0.4,1017.8,66,0,0,9.8,352,0,0
2024-07-29,28.1249,-17.2079,951,1,above-cloud,GCGM,-275,80,15.9,99,0.1,1016.1,100,0,0,10.5,352,0,0.1
2024-09-16,28.1249,-17.2079,951,0,in-cloud,GCGM,-61,77,13.9,94,1,1016.3,54,0,5,11.8,12,0,0
2024-09-18,28.1249,-17.2079,951,0,below-cloud,GCGM,182,91,13.6,95,0.8,1013.6,78,0,100,3.5,204,0,0
2024-09-19,28.1249,-17.2079,951,0,below-cloud,GCGM,1097,87,14,99,0.1,1013.2,95,16,70,5.5,328,0,0
2024-09-30,28.1249,-17.2079,951,1,above-cloud,GCGM,-183,50,13.8,86,2.2,1020,12,0,0,14.2,13,0,0
2024-10-06,28.1249,-17.2079,951,1,above-cloud,GCGM,-244,93,14.2,99,0.1,1017,72,0,0,6.3,336,0,0
2024-10-15,28.1249,-17.2079,951,0,in-cloud,GCGM,-122,73,16,91,1.5,1013.8,34,2,87,9.1,240,0,0
2024-10-16,28.1249,-17.2079,951,0,in-cloud,GCGM,-122,81,16.7,100,0,1016.1,100,1,0,8.6,345,0,0.4
2024-10-17,28.1249,-17.2079,951,0,below-cloud,GCGM,640,77,15.5,95,0.9,1023.2,64,0,0,15.8,17,0,0
2024-10-27,28.1249,-17.2079,951,0,in-cloud,GCGM,60,74,12.1,93,1.1,1022.9,72,27,0,18.5,24,0,0.2
2024-11-18,28.1249,-17.2079,951,0,in-cloud,GCGM,-122,77,12,90,1.6,1014.1,27,11,0,4.3,202,0,0
2024-11-24,28.1249,-17.2079,951,1,above-cloud,GCGM,-183,87,13.5,90,1.5,1013.3,8,0,100,5.4,210,0,0
2024-12-09,28.1249,-17.2079,951,0,below-cloud,GCGM,640,66,11.7,93,1.1,1021.5,21,0,93,16.9,31,0,0
2024-12-10,28.1249,-17.2079,951,0,below-cloud,GCGM,1005,68,11.7,78,3.7,1019.9,17,14,0,18,40,0,0
2025-01-21,28.1249,-17.2079,951,0,in-cloud,GCGM,30,89,11.3,98,0.3,1015.9,81,9,0,9.1,238,0,0.1
2025-01-29,28.1249,-17.2079,951,1,above-cloud,GCGM,-244,71,10,94,1,1028.5,15,0,0,16.5,16,0,0
2025-02-16,28.1249,-17.2079,951,0,below-cloud,GCGM,182,82,8,93,1.1,1018.5,100,0,0,8.2,19,0,0
2025-02-17,28.1249,-17.2079,951,0,in-cloud,GCGM,-61,86,7.9,91,1.4,1017.5,21,0,0,1.6,264,0,0
2025-03-02,28.1249,-17.2079,951,0,below-cloud,GCGM,1249,84,8.6,96,0.6,1012.6,11,95,0,0.4,90,0,0.2
2025-03-11,28.1249,-17.2079,951,0,below-cloud,GCGM,640,82,8.9,92,1.2,1016.9,2,2,0,5,226,0,0
2025-03-28,28.1249,-17.2079,951,0,below-cloud,GCGM,792,88,8.4,96,0.5,1013.4,67,12,0,6.6,33,0,0
2025-04-04,28.1249,-17.2079,951,0,below-cloud,GCGM,487,61,10,82,2.9,1014.8,19,0,0,7.7,254,0,0
2025-04-13,28.1249,-17.2079,951,0,below-cloud,GCGM,426,79,10.3,96,0.6,1017.1,80,0,0,13.2,4,0,0.1
2025-04-14,28.1249,-17.2079,951,0,below-cloud,GCGM,640,80,10.5,98,0.3,1019.1,70,0,0,11.7,9,0,0.3
2025-05-09,28.1249,-17.2079,951,0,below-cloud,GCGM,335,88,11.6,99,0.2,1012.9,14,4,98,4,252,0,0
2025-05-24,28.1249,-17.2079,951,0,below-cloud,GCGM,182,78,12.5,98,0.4,1019,36,0,0,14.6,24,0,0.1
2025-05-25,28.1249,-17.2079,951,0,below-cloud,GCGM,182,82,11.7,96,0.6,1020.1,25,0,0,9.8,17,0,0
2025-05-29,28.1249,-17.2079,951,0,in-cloud,GCGM,30,80,11.2,98,0.3,1020.1,39,0,0,9.5,359,0,0
2025-05-30,28.1249,-17.2079,951,0,below-cloud,GCGM,182,89,10.9,100,0,1020,96,0,0,6.5,357,0,0
2025-06-07,28.1249,-17.2079,951,0,in-cloud,GCGM,-122,71,11.8,93,1.1,1019.3,16,8,0,11.4,5,0,0
2025-06-08,28.1249,-17.2079,951,0,below-cloud,GCGM,182,81,10.8,98,0.4,1019.3,27,0,0,6.7,341,0,0
2025-07-09,28.1249,-17.2079,951,0,in-cloud,GCGM,30,81,13.8,100,0,1017.9,100,0,0,9.2,6,0,0.1
2025-07-10,28.1249,-17.2079,951,0,in-cloud,GCGM,-122,81,12.6,99,0.2,1020.8,39,0,0,10.6,351,0,0
2025-08-03,28.1249,-17.2079,951,0,in-cloud,GCGM,121,83,14.7,99,0.1,1018.2,84,0,0,9,22,0,0.1
2025-08-14,28.1249,-17.2079,951,1,above-cloud,GCGM,-244,83,14.3,100,0,1015.5,83,0,0,9.5,346,0,0
2025-08-26,28.1249,-17.2079,951,0,below-cloud,GCGM,335,78,15.8,100,0,1017.4,100,15,0,15.5,18,0,0.5
2026-02-27,28.1249,-17.2079,951,0,below-cloud,GCGM,335,72,10.7,98,0.4,1020.7,26,0,0,21.8,32,0,0.1
2026-03-03,28.1249,-17.2079,951,0,below-cloud,GCGM,640,62,8.8,57,8.1,1019.4,90,62,0,24,357,0,0
2026-03-04,28.1249,-17.2079,951,0,below-cloud,GCGM,335,69,9.7,80,3.4,1018.4,79,2,0,22.3,358,0,0.2
2026-03-06,28.1249,-17.2079,951,0,in-cloud,GCGM,0,68,9.5,98,0.3,1023.4,55,2,0,26,31,0,0.2
2026-03-08,28.1249,-17.2079,951,0,below-cloud,GCGM,335,52,8.9,73,4.7,1021.8,7,0,0,21.6,33,0,0
2026-03-09,28.1249,-17.2079,951,0,below-cloud,GCGM,335,60,9.5,72,4.8,1024.1,30,0,0,22.9,31,0,0
2026-03-10,28.1249,-17.2079,951,0,in-cloud,GCGM,30,69,8.8,95,0.8,1024.2,25,3,0,27.7,29,0,0
2026-03-18,28.1249,-17.2079,951,0,below-cloud,GCGM,182,76,9,96,0.6,1008.3,83,63,0,13.8,244,0,0.4
2026-03-19,28.1249,-17.2079,951,0,below-cloud,GCGM,1097,62,7,82,2.9,1002.8,34,100,0,11.6,244,0,0.2
2026-03-20,28.1249,-17.2079,951,0,below-cloud,GCGM,182,76,8.5,90,1.6,999.7,37,2,0,7.7,198,0,0.1
2026-04-22,28.1249,-17.2079,951,0,below-cloud,GCGM,640,92,9,99,0.2,1014,46,0,0,3.3,29,0,0.1
2026-04-23,28.1249,-17.2079,951,0,below-cloud,GCGM,640,93,8.7,97,0.4,1015.6,84,0,0,4.1,326,0,0
2026-04-27,28.1249,-17.2079,951,0,below-cloud,GCGM,487,80,9.9,98,0.4,1016.8,45,35,24,11.2,18,0,0.4
2026-04-29,28.1249,-17.2079,951,0,below-cloud,GCGM,487,91,9.2,98,0.3,1014.1,95,2,0,4.3,336,0,0
2026-05-07,28.1249,-17.2079,951,0,in-cloud,GCGM,30,87,11,92,1.2,1014.5,17,10,0,7.6,25,0,0
2026-05-16,28.1249,-17.2079,951,0,below-cloud,GCGM,213,69,10.8,78,3.6,1020.4,34,0,0,23,25,0,0
2026-05-29,28.1249,-17.2079,951,0,in-cloud,GCGM,-122,79,10.9,99,0.2,1023.3,60,0,0,15.4,7,0,0
2026-06-12,28.1249,-17.2079,951,1,above-cloud,GCGM,-244,92,11.4,100,0,1018.9,53,0,0,9,1,0,0
2026-06-13,28.1249,-17.2079,951,0,in-cloud,GCGM,-122,89,11,97,0.5,1019.9,38,0,0,12.6,357,0,0
2026-07-03,28.1249,-17.2079,951,0,below-cloud,GCGM,335,89,13.7,100,0,1016.4,95,0,0,8.9,353,0,0.1
2026-07-12,28.1249,-17.2079,951,0,below-cloud,GCGM,182,71,13.6,92,1.4,1018.1,17,0,0,5.1,36,0,0
2026-08-01,28.1249,-17.2079,951,1,above-cloud,GCGM,-580,94,17.2,97,0.5,1015.7,90,0,49,5.5,297,0,0
2024-01-05,55.651,-5.229,724,0,in-cloud,EGEC,-101,63,1.1,90,1.5,1001.5,38,16,1,13,316,0,0
2024-01-23,55.651,-5.229,724,0,below-cloud,EGEC,539,58,1.9,91,1.4,1006.1,100,100,100,30.5,173,0,1.6
2024-02-20,55.651,-5.229,724,1,above-cloud,EGEC,-193,66,4.8,91,1.3,1014.8,100,100,100,27.7,198,0,0.1
2024-03-08,55.651,-5.229,724,0,below-cloud,EGEC,600,61,-0.3,81,2.8,1015.4,100,4,0,27.3,102,0,0
2024-03-15,55.651,-5.229,724,1,above-cloud,EGEC,-284,66,3.9,100,0.1,990.9,100,78,51,6.1,270,0,0.1
2024-03-26,55.651,-5.229,724,0,below-cloud,EGEC,661,57,-1,88,1.7,994.6,78,0,0,20,60,0,0
2024-04-05,55.651,-5.229,724,1,above-cloud,EGEC,-345,64,-0.5,95,0.7,990.5,100,100,93,23.9,85,0,0.8
2024-04-18,55.651,-5.229,724,0,in-cloud,EGEC,-101,66,0.7,90,1.5,1021.5,13,100,100,10,232,0,0
2024-05-13,55.651,-5.229,724,0,in-cloud,EGEC,-71,68,7.5,97,0.5,1004.7,25,13,100,8.9,137,0,0
2024-05-28,55.651,-5.229,724,1,above-cloud,EGEC,-589,74,5.9,93,1,1008.3,6,3,100,16.9,164,0,0
2024-06-07,55.651,-5.229,724,1,above-cloud,EGEC,-162,61,4.2,83,2.6,1013.3,94,100,95,22.1,240,0,0
2024-06-20,55.651,-5.229,724,1,above-cloud,EGEC,-406,55,7.7,84,2.5,1020.7,100,29,0,11.7,225,0,0.1
2024-06-28,55.651,-5.229,724,0,below-cloud,EGEC,295,58,7.4,89,1.7,1002.7,100,100,0,34.3,274,0,0.1
2024-07-05,55.651,-5.229,724,0,below-cloud,EGEC,173,52,6.5,87,2,1001.1,100,100,0,30,265,0,0.3
2024-07-18,55.651,-5.229,724,0,below-cloud,EGEC,234,63,9.4,97,0.5,1015.8,100,100,100,21,175,0,0.5
2024-08-01,55.651,-5.229,724,1,above-cloud,EGEC,-406,70,10.1,94,1,1013.1,100,100,57,8,190,0,0.1
2024-08-09,55.651,-5.229,724,0,in-cloud,EGEC,21,69,8.6,93,1.1,1003.1,91,32,0,26.8,255,0,0.2
2024-08-21,55.651,-5.229,724,0,below-cloud,EGEC,203,53,6.9,82,2.8,1009.5,100,27,98,21.3,248,0,0
2024-08-30,55.651,-5.229,724,0,below-cloud,EGEC,630,75,6.3,91,1.4,1021.3,14,0,0,8.7,277,0,0
2024-09-13,55.651,-5.229,724,0,below-cloud,EGEC,722,71,2.1,81,2.8,1025.7,30,100,100,6.1,242,0,0
2024-09-30,55.651,-5.229,724,0,in-cloud,EGEC,-132,49,5.8,83,2.7,1007.7,100,100,100,12.1,70,0,0
2024-10-16,55.651,-5.229,724,1,above-cloud,EGEC,-528,51,8,95,0.8,998.5,100,100,100,14.6,114,0,1.9
2024-10-29,55.651,-5.229,724,1,above-cloud,EGEC,-528,62,7,95,0.8,1022.2,100,0,0,11.5,273,0,0
2024-11-04,55.651,-5.229,724,0,below-cloud,EGEC,447,63,5.5,91,1.4,1026.5,100,0,0,10.1,151,0,0
2024-11-08,55.651,-5.229,724,1,above-cloud,EGEC,-376,55,5.9,93,1.1,1025.6,100,0,0,16.8,137,0,0
2024-11-22,55.651,-5.229,724,1,above-cloud,EGEC,-406,58,-2.6,85,2.2,1003.1,37,72,86,6.3,257,0,0
2024-12-11,55.651,-5.229,724,1,above-cloud,EGEC,-406,77,-2.7,94,0.8,1037.2,100,0,0,3.8,357,0,0
2024-12-18,55.651,-5.229,724,0,below-cloud,EGEC,234,52,5.2,93,1.1,990.2,100,15,100,35.3,279,0,0.1
2024-12-30,55.651,-5.229,724,0,in-cloud,EGEC,21,74,5.2,96,0.5,1012.4,100,100,100,36.6,230,0,1
2025-01-13,55.651,-5.229,724,1,above-cloud,EGEC,-315,60,5.1,99,0.1,1025.2,100,100,100,29.8,195,0,0.1
2025-01-23,55.651,-5.229,724,1,above-cloud,EGEC,-345,58,0.5,93,0.9,992.1,48,100,100,18,168,0,0
2025-02-12,55.651,-5.229,724,0,in-cloud,EGEC,-101,54,-0.1,81,2.9,1023.3,100,0,0,25.9,91,0,0
2025-02-19,55.651,-5.229,724,0,in-cloud,EGEC,112,57,0.2,60,6.9,1009.1,38,100,100,22.4,129,0,0
2025-02-26,55.651,-5.229,724,0,in-cloud,EGEC,51,67,-0.2,97,0.4,1005,100,100,66,17.2,151,0,0.7
2025-03-31,55.651,-5.229,724,0,below-cloud,EGEC,386,77,3.5,93,1.1,1025.2,88,11,2,11.5,214,0,0
2025-04-21,55.651,-5.229,724,0,below-cloud,EGEC,722,67,3.6,90,1.5,1005.5,53,100,2,10.6,100,0,0
2025-05-22,55.651,-5.229,724,0,below-cloud,EGEC,508,59,4.8,76,3.8,1020.4,11,0,6,13.2,86,0,0
2025-06-03,55.651,-5.229,724,0,below-cloud,EGEC,203,48,5.2,95,0.7,993.3,15,8,0,20.2,234,0,0
2025-06-16,55.651,-5.229,724,0,in-cloud,EGEC,-40,75,7.5,94,0.9,1023,4,17,0,12.6,217,0,0
2025-06-24,55.651,-5.229,724,0,below-cloud,EGEC,539,66,8.7,98,0.3,1004.5,100,100,0,17.9,246,0,0.4
2025-07-03,55.651,-5.229,724,0,below-cloud,EGEC,569,63,5.3,91,1.4,1023.9,2,0,1,10.6,220,0,0
2025-07-14,55.651,-5.229,724,1,above-cloud,EGEC,-345,74,12.1,97,0.5,1008.3,95,98,100,18.1,100,0,0.1
2025-07-22,55.651,-5.229,724,0,in-cloud,EGEC,142,65,10,96,0.5,1005.4,100,0,0,16.4,272,0,0.1
2025-07-28,55.651,-5.229,724,0,below-cloud,EGEC,478,69,7.8,96,0.6,1018.4,59,0,32,11.1,282,0,0
2025-08-05,55.651,-5.229,724,1,above-cloud,EGEC,-223,64,6.9,83,2.7,1011.3,45,45,0,23,271,0,0
2025-08-22,55.651,-5.229,724,0,below-cloud,EGEC,356,59,8.4,77,3.8,1020.2,60,28,29,10.2,291,0,0
2025-08-29,55.651,-5.229,724,0,below-cloud,EGEC,203,75,8.3,97,0.5,989.6,96,5,0,17,196,0,0
2025-09-15,55.651,-5.229,724,1,above-cloud,EGEC,-406,77,6.1,96,0.6,986.4,100,31,3,11.2,260,0,0.1
2025-09-30,55.651,-5.229,724,1,above-cloud,EGEC,-162,67,8.3,98,0.4,1020.4,77,100,0,19,184,0,0.2
2025-10-07,55.651,-5.229,724,0,below-cloud,EGEC,569,58,8.5,97,0.5,1015.3,100,84,100,19.3,219,0,0.3
2025-10-13,55.651,-5.229,724,1,above-cloud,EGEC,-345,82,5,98,0.3,1031,100,0,90,4.8,117,0,0
2025-10-17,55.651,-5.229,724,0,in-cloud,EGEC,-132,86,3.9,98,0.3,1026.5,100,0,0,0.7,76,0,0
2025-10-28,55.651,-5.229,724,0,in-cloud,EGEC,-101,58,5.6,73,4.5,995.1,45,17,0,32.2,258,0,0
2025-11-05,55.651,-5.229,724,1,above-cloud,EGEC,-528,60,8.4,99,0.1,999.7,100,100,100,15.3,115,0,0.1
2025-11-13,55.651,-5.229,724,0,below-cloud,EGEC,691,47,2.1,94,0.8,1002.1,100,100,100,32.6,51,0,1.8
2025-12-09,55.651,-5.229,724,1,above-cloud,EGEC,-589,54,6.2,97,0.4,987.1,100,100,100,27.4,127,0,2.1
2026-01-13,55.651,-5.229,724,0,below-cloud,EGEC,417,65,0.7,96,0.6,998.3,31,100,84,13.6,277,0,1
2026-01-23,55.651,-5.229,724,1,above-cloud,EGEC,-315,61,1.2,88,1.8,985.3,100,72,2,33,88,0,0
2026-02-04,55.651,-5.229,724,1,above-cloud,EGEC,-254,58,-0.9,92,1.1,992.5,98,100,92,25.5,95,0,0
2026-02-11,55.651,-5.229,724,0,in-cloud,EGEC,-40,52,0.3,97,0.5,982,100,100,100,26.3,86,0,0.9
2026-02-23,55.651,-5.229,724,0,below-cloud,EGEC,722,57,2.5,94,0.8,1002.4,100,46,0,31.4,250,0,0.1
2026-03-04,55.651,-5.229,724,0,below-cloud,EGEC,234,58,3.3,92,1.1,1021.6,100,73,0,19.9,173,0,0.1
2026-03-16,55.651,-5.229,724,0,below-cloud,EGEC,691,65,-0.9,93,1,1003.7,100,84,0,21,231,0,0.1
2026-03-31,55.651,-5.229,724,1,above-cloud,EGEC,-620,71,5.2,99,0.1,1025.9,100,0,0,13.4,253,0,0
2026-04-09,55.651,-5.229,724,0,below-cloud,EGEC,539,59,4,98,0.3,1013,100,100,98,11.9,203,0,0.4
2026-04-27,55.651,-5.229,724,1,above-cloud,EGEC,-620,82,2.7,97,0.4,1025.8,100,52,0,5.5,259,0,0
2026-05-20,55.651,-5.229,724,1,above-cloud,EGEC,-223,79,5.3,98,0.3,1003.1,75,94,0,10.6,220,0,0
2026-05-29,55.651,-5.229,724,0,in-cloud,EGEC,-71,71,8.4,90,1.5,1014.3,21,23,2,19.2,212,0,0
2026-06-04,55.651,-5.229,724,1,above-cloud,EGEC,-467,66,6.9,98,0.4,980.9,100,10,1,7.7,231,0,0
2026-06-12,55.651,-5.229,724,0,below-cloud,EGEC,478,66,6.2,96,0.6,1012,98,0,21,19.8,258,0,0
2026-06-19,55.651,-5.229,724,1,above-cloud,EGEC,-467,68,9.8,99,0.1,1003.8,100,100,89,28.5,182,0,1.3
2026-07-01,55.651,-5.229,724,1,above-cloud,EGEC,-345,90,8.3,97,0.4,1021.6,80,2,88,5.3,294,0,0
2026-07-07,55.651,-5.229,724,1,above-cloud,EGEC,-650,68,9.4,99,0.2,1012.4,100,5,94,19.2,262,0,0.2
2026-07-24,55.651,-5.229,724,1,above-cloud,EGEC,-162,61,9.4,93,1.1,1019.4,100,0,0,18,254,0,0
2026-07-30,55.651,-5.229,724,0,below-cloud,EGEC,478,77,6.8,94,0.9,1012.6,28,60,0,11.9,241,0,0.1
2024-01-01,43.678,40.263,698,0,below-cloud,URSS,537,86,0.8,87,1.9,1024,25,6,0,2.4,63,0,0
2024-01-09,43.678,40.263,698,1,above-cloud,URSS,-194,71,4.6,95,0.8,1015.3,100,99,0,5.7,198,0,0.5
2024-01-16,43.678,40.263,698,0,below-cloud,URSS,1756,64,-0.6,71,4.6,1015.3,49,83,58,12,49,0,0.1
2024-01-26,43.678,40.263,698,0,below-cloud,URSS,842,78,-1.5,85,2.2,1016.5,96,98,85,5.4,20,0,0
2024-02-05,43.678,40.263,698,0,in-cloud,URSS,19,63,1.2,96,0.5,1012.4,100,100,100,9.4,176,0,1.6
2024-02-16,43.678,40.263,698,0,below-cloud,URSS,842,92,3.8,94,0.9,1017.6,91,95,0,3.7,61,0,0
2024-02-23,43.678,40.263,698,0,below-cloud,URSS,537,91,2.2,92,1.2,1025.1,100,36,0,1.1,90,0,0
2024-03-10,43.678,40.263,698,0,below-cloud,URSS,1756,87,-2.4,91,1.3,1021.3,32,7,0,5.3,62,0,0
2024-03-21,43.678,40.263,698,0,below-cloud,URSS,537,92,-0.6,95,0.7,1018.7,100,11,87,3.6,45,0,0
2024-03-31,43.678,40.263,698,1,above-cloud,URSS,-621,66,1,70,4.9,1022.6,0,0,100,7.1,60,0,0
2024-04-20,43.678,40.263,698,1,above-cloud,URSS,-408,72,6.4,96,0.6,1009.8,11,1,84,8.6,57,0,0
2024-05-01,43.678,40.263,698,0,in-cloud,URSS,-72,84,11.4,98,0.3,1015.8,100,0,13,1.8,270,0,0
2024-05-08,43.678,40.263,698,0,below-cloud,URSS,629,93,9.1,97,0.5,1016.3,100,10,63,3.3,186,0,0
2024-05-15,43.678,40.263,698,0,below-cloud,URSS,1756,83,5,96,0.6,1019.7,12,16,42,3.7,79,0,0
2024-05-29,43.678,40.263,698,0,below-cloud,URSS,232,84,13.3,89,1.8,1012.9,59,42,100,6.4,196,0,0
2024-06-19,43.678,40.263,698,0,below-cloud,URSS,2061,93,15.7,96,0.7,1018,50,28,0,7.1,60,0,0
2024-07-27,43.678,40.263,698,0,below-cloud,URSS,842,80,16.1,88,1.9,1008.2,67,28,85,1.8,53,0,1.8
2024-08-11,43.678,40.263,698,0,below-cloud,URSS,2366,82,16.3,89,1.9,1013.7,0,29,3,3.1,54,0,0
2024-09-17,43.678,40.263,698,0,below-cloud,URSS,842,86,13.4,91,1.5,1011.8,16,58,41,2.3,51,0,0
2024-10-02,43.678,40.263,698,0,below-cloud,URSS,2366,82,12,97,0.5,1007.5,71,22,100,3,33,0,0.7
2024-10-18,43.678,40.263,698,0,below-cloud,URSS,1147,78,6.2,83,2.7,1013.7,16,56,97,4,54,0,0
2024-10-26,43.678,40.263,698,0,below-cloud,URSS,537,75,5.7,92,1.2,1022.2,13,4,0,3.3,77,0,0
2024-11-05,43.678,40.263,698,0,below-cloud,URSS,1756,86,0.4,71,4.7,1019.2,1,0,0,4.4,21,0,0
2024-11-22,43.678,40.263,698,0,below-cloud,URSS,415,85,6.1,97,0.5,1019.1,100,100,100,6.1,34,0,0.7
2024-12-01,43.678,40.263,698,0,below-cloud,URSS,1147,84,-1.8,73,4.1,1028.6,34,22,98,9.7,62,0,0
2024-12-17,43.678,40.263,698,0,below-cloud,URSS,232,61,0.5,92,1.1,1023.4,100,100,100,7.3,169,0,6.5
2024-12-29,43.678,40.263,698,0,in-cloud,URSS,-42,73,2.3,93,1,1022.1,100,33,0,2.7,318,0,0
2025-01-14,43.678,40.263,698,0,below-cloud,URSS,232,68,2.5,99,0.2,1027.7,100,100,100,0.6,326,0,1.4
2025-01-25,43.678,40.263,698,0,below-cloud,URSS,994,82,-0.7,81,2.8,1023.1,47,6,0,1.6,84,0,0
2025-02-09,43.678,40.263,698,0,below-cloud,URSS,537,85,-6.4,88,1.6,1025.8,45,31,0,6.9,49,0,0
2025-02-19,43.678,40.263,698,0,in-cloud,URSS,-11,70,-2.8,95,0.6,1020.9,100,100,82,0.6,124,0,0.2
2025-03-01,43.678,40.263,698,0,below-cloud,URSS,324,81,-15,71,4.2,1023.8,6,1,2,11.5,63,0,0
2025-03-18,43.678,40.263,698,0,below-cloud,URSS,842,78,6.9,98,0.3,1005.8,44,99,100,11.8,61,0,1.3
2025-03-27,43.678,40.263,698,0,below-cloud,URSS,1147,82,3.8,95,0.7,1016.7,7,9,100,8.9,61,0,0
2025-04-05,43.678,40.263,698,1,above-cloud,URSS,-530,86,3.7,70,4.9,1009.7,7,9,11,9.5,57,0,0
2025-04-14,43.678,40.263,698,0,below-cloud,URSS,2366,66,-0.1,86,2.1,1021.4,10,78,0,7.6,47,0,0
2025-04-24,43.678,40.263,698,1,above-cloud,URSS,-438,76,4.2,97,0.4,1010.4,15,66,76,7.3,59,0,0
2025-05-04,43.678,40.263,698,1,above-cloud,URSS,-408,84,6.2,98,0.3,1016.3,26,32,28,3.7,61,0,0.7
2025-05-12,43.678,40.263,698,0,in-cloud,URSS,110,93,10.2,97,0.5,1012.1,21,45,93,2.7,86,0,0
2025-05-29,43.678,40.263,698,0,in-cloud,URSS,80,78,13.2,99,0.2,1011.5,100,100,100,4.5,247,0,0.9
2025-06-12,43.678,40.263,698,0,below-cloud,URSS,1147,85,12.2,91,1.4,1013.6,5,12,68,4.2,59,0,0
2025-06-27,43.678,40.263,698,0,below-cloud,URSS,1939,71,13.7,74,4.7,1014.7,17,14,0,2.7,53,0,0
2025-07-20,43.678,40.263,698,0,below-cloud,URSS,842,73,18.2,87,2.3,1010.5,9,18,89,3.2,267,0,0
2025-08-07,43.678,40.263,698,0,below-cloud,URSS,171,85,16.9,94,0.9,1010.9,18,0,0,4.8,63,0,0
2025-09-02,43.678,40.263,698,0,below-cloud,URSS,537,71,19.6,100,0,1010.2,100,1,0,1.3,352,0,0.2
2025-09-25,43.678,40.263,698,0,in-cloud,URSS,80,79,7.9,91,1.3,1015,0,0,0,3,57,0,0
2025-10-09,43.678,40.263,698,0,below-cloud,URSS,903,84,12.6,96,0.7,1010.7,84,38,19,1.5,69,0,6.2
2025-10-16,43.678,40.263,698,0,below-cloud,URSS,1452,82,8,85,2.3,1022.3,16,17,2,0.4,90,0,0
2025-10-26,43.678,40.263,698,0,below-cloud,URSS,629,63,10.6,94,1,1011.1,43,100,100,3.8,41,0,2.7
2025-11-13,43.678,40.263,698,0,below-cloud,URSS,1147,81,7.3,85,2.4,1021.7,43,30,0,6.5,60,0,0
2025-12-10,43.678,40.263,698,0,below-cloud,URSS,1756,89,4.7,87,1.9,1019,72,52,0,1.1,72,0,0
2025-12-23,43.678,40.263,698,0,below-cloud,URSS,1147,84,3.2,86,2.2,1020.3,100,98,0,0.8,63,0,0
2025-12-30,43.678,40.263,698,0,below-cloud,URSS,202,86,-6.6,89,1.6,1012.4,82,39,0,4.4,83,0,0
2026-01-10,43.678,40.263,698,0,below-cloud,URSS,842,85,-1.9,93,1,1013.7,34,27,0,3.2,93,0,0.1
2026-01-17,43.678,40.263,698,0,below-cloud,URSS,537,69,-2.3,97,0.3,1021.8,100,100,3,3.6,267,0,0.7
2026-01-26,43.678,40.263,698,0,below-cloud,URSS,842,86,2.4,92,1.2,1021.1,98,100,0,1.5,60,0,0.1
2026-02-05,43.678,40.263,698,0,below-cloud,URSS,3280,76,-8.3,66,5.2,1019.4,0,100,100,9.7,65,0,0
2026-02-17,43.678,40.263,698,0,below-cloud,URSS,2366,61,4.8,80,3.1,1007.7,13,100,100,7.6,56,0,0.8
2026-02-28,43.678,40.263,698,0,below-cloud,URSS,232,79,-4.7,82,2.6,1016.4,77,5,33,8.4,59,0,0
2026-03-07,43.678,40.263,698,0,below-cloud,URSS,1848,86,-11.3,81,2.6,1023.9,41,1,0,8.4,55,0,0
2026-03-24,43.678,40.263,698,0,in-cloud,URSS,-72,80,3.1,84,2.5,1012.7,81,82,98,2.8,45,0,3.3
2026-04-01,43.678,40.263,698,0,below-cloud,URSS,1147,96,2.9,99,0.2,1014.5,44,70,0,2.6,56,0,0
2026-04-09,43.678,40.263,698,0,in-cloud,URSS,-11,76,0.2,99,0.1,1011.8,100,90,30,5.5,167,0,3.2
2026-04-23,43.678,40.263,698,0,below-cloud,URSS,2671,86,3.4,99,0.1,1012.6,100,99,100,2.7,58,0,0.1
2026-05-02,43.678,40.263,698,0,in-cloud,URSS,110,83,4.9,100,0,1016,77,100,100,5.3,35,0,1.6
2026-05-13,43.678,40.263,698,0,below-cloud,URSS,2244,86,7.7,80,3.2,1004.4,1,0,87,10.2,56,0,0
2026-05-21,43.678,40.263,698,0,below-cloud,URSS,2366,83,7,77,3.7,1005.6,11,60,16,10.7,59,0,0
2026-05-29,43.678,40.263,698,0,below-cloud,URSS,842,86,12.2,94,0.9,1008.1,56,100,98,2.4,63,0,0
2026-06-19,43.678,40.263,698,0,below-cloud,URSS,2153,74,13.3,84,2.6,1014.1,5,9,0,8.9,65,0,0.2
2026-07-05,43.678,40.263,698,0,below-cloud,URSS,1055,83,13.8,92,1.3,1010,2,97,98,6.5,56,0,0.2
2026-07-23,43.678,40.263,698,0,below-cloud,URSS,537,84,16.7,89,1.8,1009.4,20,15,0,2.4,48,0,0
2026-08-06,43.678,40.263,698,0,in-cloud,URSS,141,87,13.9,97,0.5,1014.4,27,0,0,7.2,53,0,0
2024-01-03,30.63,119.87,719,0,in-cloud,ZSHC,25,71,2.4,97,0.5,1025.9,100,0,0,15.8,300,0,0
2024-01-15,30.63,119.87,719,0,in-cloud,ZSHC,-66,57,2.6,74,4.2,1032.5,88,1,0,14.4,357,0,0
2024-01-22,30.63,119.87,719,0,below-cloud,ZSHC,238,45,-3,75,3.7,1038,19,100,100,18.7,337,0,0
2024-02-02,30.63,119.87,719,1,above-cloud,ZSHC,-463,58,0.9,96,0.6,1028.5,100,100,95,10.3,12,0,0.5
2024-02-07,30.63,119.87,719,1,above-cloud,ZSHC,-158,64,-0.8,94,0.9,1029,97,100,54,9.4,317,0,0
2024-02-22,30.63,119.87,719,1,above-cloud,ZSHC,-402,61,-0.8,94,0.9,1029.3,100,100,100,18.1,317,0,1
2024-02-26,30.63,119.87,719,0,below-cloud,ZSHC,543,57,-1.1,82,2.7,1031.4,0,97,94,8.4,317,0,0
2024-03-06,30.63,119.87,719,1,above-cloud,ZSHC,-158,70,4.5,87,1.9,1019,100,99,0,14.1,328,0,0
2024-04-04,30.63,119.87,719,0,in-cloud,ZSHC,25,60,11.5,71,5,1016.6,2,100,100,8.7,24,0,0.1
2024-04-12,30.63,119.87,719,1,above-cloud,ZSHC,-463,82,13.7,99,0.2,1012.9,0,58,2,5.1,176,0,0
2024-04-21,30.63,119.87,719,0,in-cloud,ZSHC,-66,87,14.6,97,0.5,1010.7,8,100,12,1.5,346,0,0.1
2024-04-27,30.63,119.87,719,1,above-cloud,ZSHC,-188,82,15.3,99,0.1,1008.4,100,0,0,3.3,103,0,0
2024-05-03,30.63,119.87,719,0,below-cloud,ZSHC,543,90,12.8,99,0.1,1017.7,96,17,9,6.3,77,0,0
2024-05-12,30.63,119.87,719,1,above-cloud,ZSHC,-432,76,18,97,0.5,1012,100,100,100,13,5,0,0.1
2024-06-01,30.63,119.87,719,0,below-cloud,ZSHC,330,55,18.1,73,4.9,1013.8,0,57,54,8.3,198,0,0.5
2024-06-10,30.63,119.87,719,0,in-cloud,ZSHC,116,67,20.6,86,2.3,1009,0,100,1,4.3,185,0,0.8
2024-06-19,30.63,119.87,719,0,below-cloud,ZSHC,726,73,21.7,98,0.4,1004.2,11,27,100,6.4,142,0,1.2
2024-06-26,30.63,119.87,719,0,in-cloud,ZSHC,-66,71,20,98,0.3,1011.3,100,100,100,13.1,278,0,13.1
2024-07-12,30.63,119.87,719,1,above-cloud,ZSHC,-188,86,23.8,99,0.1,1002.3,98,2,100,2.7,113,0,0
2024-09-16,30.63,119.87,719,1,above-cloud,ZSHC,-158,51,24,92,1.4,1006.5,100,0,97,20.6,317,0,0
2024-09-21,30.63,119.87,719,0,below-cloud,ZSHC,543,59,24.9,97,0.6,1006.8,100,30,16,8.8,305,0,0.1
2024-09-27,30.63,119.87,719,0,in-cloud,ZSHC,-66,84,21.3,97,0.5,1013.1,100,29,13,6.1,58,0,0.2
2024-10-07,30.63,119.87,719,1,above-cloud,ZSHC,-432,57,16.5,93,1.2,1020,100,100,100,10.9,347,0,0
2024-10-17,30.63,119.87,719,1,above-cloud,ZSHC,-432,82,19,99,0.2,1018.7,100,16,0,7.2,77,0,0.1
2024-10-22,30.63,119.87,719,0,below-cloud,ZSHC,330,76,15.9,96,0.6,1019.8,43,10,88,7.6,304,0,0
2024-10-28,30.63,119.87,719,0,in-cloud,ZSHC,25,83,14.3,95,0.8,1017.5,100,100,100,7.4,313,0,0.1
2024-11-10,30.63,119.87,719,0,below-cloud,ZSHC,543,81,14.7,96,0.6,1021.2,35,100,100,7.4,13,0,0
2024-11-17,30.63,119.87,719,0,in-cloud,ZSHC,-66,60,15.8,99,0.2,1021.1,100,100,0,11.9,29,0,0.3
2024-12-03,30.63,119.87,719,0,below-cloud,ZSHC,543,92,5.3,97,0.5,1022.6,2,0,0,4.7,9,0,0
2024-12-11,30.63,119.87,719,1,above-cloud,ZSHC,-493,57,4.6,99,0.1,1024.9,100,100,5,13,329,0,0.4
2025-01-24,30.63,119.87,719,1,above-cloud,ZSHC,-402,80,8,99,0.1,1021.2,100,99,41,7.9,74,0,0
2025-02-02,30.63,119.87,719,1,above-cloud,ZSHC,-371,87,3.1,98,0.3,1022.4,100,64,0,6.9,351,0,0
2025-02-16,30.63,119.87,719,0,below-cloud,ZSHC,238,78,3.3,96,0.6,1020.5,0,0,55,9.3,288,0,0
2025-02-23,30.63,119.87,719,0,in-cloud,ZSHC,25,92,0.4,99,0.2,1035.7,47,6,0,5.6,333,0,0
2025-03-04,30.63,119.87,719,0,in-cloud,ZSHC,25,68,4.1,94,0.9,1017.8,100,1,0,20.7,303,0,0
2025-03-11,30.63,119.87,719,0,below-cloud,ZSHC,543,93,7.7,100,0,1018.7,64,100,0,3.4,186,0,0
2025-03-15,30.63,119.87,719,1,above-cloud,ZSHC,-158,58,7.1,96,0.6,1020.6,100,82,0,14.2,324,0,0
2025-04-22,30.63,119.87,719,0,below-cloud,ZSHC,238,66,20.2,98,0.3,1006.3,100,3,100,12,288,0,0
2025-05-16,30.63,119.87,719,0,below-cloud,ZSHC,543,76,20.2,99,0.2,1008.2,26,92,100,5.9,225,0,0.5
2025-06-08,30.63,119.87,719,1,above-cloud,ZSHC,-463,82,21.8,99,0.1,1004.3,91,38,100,3.4,106,0,8
2025-06-12,30.63,119.87,719,0,in-cloud,ZSHC,25,77,19.5,100,0.1,1011.6,100,92,65,8.9,98,0,0.1
2025-06-23,30.63,119.87,719,1,above-cloud,ZSHC,-402,68,21.3,99,0.2,1005.4,100,11,12,4.4,348,0,0
2025-07-09,30.63,119.87,719,1,above-cloud,ZSHC,-158,75,23.9,98,0.3,1003.2,79,3,0,16.6,74,0,0.2
2025-07-18,30.63,119.87,719,1,above-cloud,ZSHC,-219,81,24.9,97,0.5,1003.3,100,4,0,4.5,326,0,0
2025-07-28,30.63,119.87,719,0,in-cloud,ZSHC,-66,73,23.7,99,0.1,999.8,100,77,66,11,40,0,1.2
2025-09-10,30.63,119.87,719,1,above-cloud,ZSHC,-158,71,23.4,100,0,1012,100,90,47,3.1,40,0,0
2025-09-21,30.63,119.87,719,0,below-cloud,ZSHC,330,71,20,95,0.7,1015.6,100,83,0,8.1,43,0,0
2025-09-30,30.63,119.87,719,1,above-cloud,ZSHC,-158,88,21.6,97,0.5,1013.4,18,17,13,1.6,117,0,0
2025-10-13,30.63,119.87,719,1,above-cloud,ZSHC,-402,76,22,98,0.4,1014.2,100,4,0,8,301,0,0
2025-10-17,30.63,119.87,719,0,in-cloud,ZSHC,-66,74,21,89,1.8,1019.4,100,0,9,4.9,86,0,0
2025-10-22,30.63,119.87,719,0,below-cloud,ZSHC,543,60,11,78,3.8,1029.5,59,1,0,14.3,329,0,0
2025-10-28,30.63,119.87,719,0,in-cloud,ZSHC,116,71,10.6,85,2.5,1026.8,30,0,0,4.7,58,0,0
2025-11-09,30.63,119.87,719,1,above-cloud,ZSHC,-188,63,14.3,97,0.5,1020.6,100,100,0,9.4,300,0,0
2025-12-12,30.63,119.87,719,0,in-cloud,ZSHC,116,52,7.8,78,3.5,1028.3,100,0,70,12.8,61,0,0
2025-12-25,30.63,119.87,719,0,in-cloud,ZSHC,-66,75,2.3,91,1.3,1028.2,0,27,2,14.2,321,0,0
2026-01-18,30.63,119.87,719,1,above-cloud,ZSHC,-341,77,6.7,99,0.2,1018,100,2,0,9.9,132,0,0
2026-01-27,30.63,119.87,719,1,above-cloud,ZSHC,-371,60,2.5,95,0.7,1029.6,100,90,0,9.7,3,0,0
2026-01-31,30.63,119.87,719,1,above-cloud,ZSHC,-524,81,-0.1,99,0.1,1031.3,100,100,0,6.7,329,0,0.1
2026-02-07,30.63,119.87,719,1,above-cloud,ZSHC,-341,61,-1,96,0.6,1030.9,100,0,0,11.9,358,0,0
2026-02-25,30.63,119.87,719,0,in-cloud,ZSHC,-5,80,6.2,92,1.2,1022.5,100,9,0,5.1,58,0,0
2026-03-03,30.63,119.87,719,0,in-cloud,ZSHC,-5,61,4.9,83,2.6,1024.4,39,80,100,12.2,351,0,0
2026-03-13,30.63,119.87,719,0,in-cloud,ZSHC,-97,78,2.8,99,0.2,1030.2,5,0,0,0.9,79,0,0
2026-03-22,30.63,119.87,719,0,below-cloud,ZSHC,635,86,8.8,94,0.9,1017.1,100,48,0,3.2,180,0,0
2026-03-27,30.63,119.87,719,1,above-cloud,ZSHC,-371,84,10.8,99,0.1,1014.5,100,100,0,4.8,65,0,0.9
2026-04-01,30.63,119.87,719,1,above-cloud,ZSHC,-432,94,10.5,97,0.4,1014.6,100,34,0,1,202,0,0.7
2026-04-13,30.63,119.87,719,0,in-cloud,ZSHC,-66,83,14.3,97,0.4,1013.1,100,16,65,2.1,75,0,0
2026-04-17,30.63,119.87,719,1,above-cloud,ZSHC,-371,83,15.8,99,0.1,1012.6,100,0,91,8.2,306,0,0
2026-04-23,30.63,119.87,719,0,in-cloud,ZSHC,-66,65,11,99,0.2,1011.6,83,100,60,9.7,336,0,0.2
2026-05-21,30.63,119.87,719,0,in-cloud,ZSHC,25,75,20.7,98,0.3,1009.1,17,1,99,10.2,306,0,0
2026-05-28,30.63,119.87,719,0,in-cloud,ZSHC,25,71,21.6,91,1.4,1008.3,59,3,88,12.1,307,0,0
2026-06-09,30.63,119.87,719,0,below-cloud,ZSHC,330,72,16,97,0.6,1009.8,0,100,5,3.3,241,0,0
2026-06-17,30.63,119.87,719,0,below-cloud,ZSHC,543,91,20.6,98,0.3,1008.9,62,20,2,3.3,77,0,0
2026-06-23,30.63,119.87,719,1,above-cloud,ZSHC,-402,69,21.2,99,0.1,1003.4,100,100,100,8.3,358,0,1.8
2026-06-30,30.63,119.87,719,0,below-cloud,ZSHC,543,66,23.7,100,0,1008.3,97,100,100,5.2,115,0,2.9
2026-07-09,30.63,119.87,719,0,in-cloud,ZSHC,25,63,24.5,92,1.5,1005.9,2,100,91,9.7,230,0,0.7
2026-08-10,30.63,119.87,719,1,above-cloud,ZSHC,-341,72,24.3,99,0.1,992.9,87,100,90,19.6,77,0,2.4
2024-01-01,54.2317,-2.401,711,0,below-cloud,EGXE,2987,64,0.7,97,0.5,996.3,87,8,0,22,270,0,0.1
2024-01-11,54.2317,-2.401,711,0,in-cloud,EGXE,-61,63,1,92,1.2,1039,94,0,0,18.1,55,0,0
2024-01-29,54.2317,-2.401,711,0,in-cloud,EGXE,-31,67,3.1,90,1.6,1019.7,100,100,100,17.1,48,0,1.1
2024-02-09,54.2317,-2.401,711,1,above-cloud,EGXE,-397,48,-1.3,91,1.3,974.8,100,100,94,36.5,68,0,1.8
2024-02-18,54.2317,-2.401,711,0,below-cloud,EGXE,487,71,4.8,100,0,1020.6,100,1,100,4,260,0,0.2
2024-03-01,54.2317,-2.401,711,0,below-cloud,EGXE,5425,58,-2.7,88,1.7,991.9,0,1,2,13.1,99,0,0
2024-03-11,54.2317,-2.401,711,1,above-cloud,EGXE,-458,62,0.8,94,0.8,1006,100,100,100,21.1,57,0,0
2024-03-20,54.2317,-2.401,711,1,above-cloud,EGXE,-153,77,3.9,93,1,1015.1,100,100,98,6.2,36,0,0.5
2024-04-04,54.2317,-2.401,711,0,below-cloud,EGXE,182,87,1.7,98,0.4,997.6,56,42,87,4.4,35,0,0
2024-04-13,54.2317,-2.401,711,1,above-cloud,EGXE,-305,59,5.7,100,0,1019.4,100,1,100,19.4,228,0,0
2024-04-27,54.2317,-2.401,711,0,below-cloud,EGXE,579,67,-3.1,93,1,1006.8,0,0,7,7.6,71,0,0
2024-05-07,54.2317,-2.401,711,1,above-cloud,EGXE,-366,80,6,96,0.6,1019.9,100,96,0,4.6,45,0,0
2024-05-18,54.2317,-2.401,711,1,above-cloud,EGXE,-488,90,7.8,99,0.2,1014.3,99,4,0,5,69,0,0
2024-05-28,54.2317,-2.401,711,0,below-cloud,EGXE,396,79,4.7,92,1.1,1011.9,35,1,100,9.2,138,0,0
2024-06-09,54.2317,-2.401,711,0,below-cloud,EGXE,365,53,4.9,87,1.9,1011.3,100,88,0,23.8,268,0,0.3
2024-06-18,54.2317,-2.401,711,0,below-cloud,EGXE,548,84,6.8,99,0.1,1014,99,3,24,4.1,255,0,0
2024-07-02,54.2317,-2.401,711,0,below-cloud,EGXE,792,72,6.4,91,1.3,1019.1,100,90,16,7.3,290,0,0
2024-07-15,54.2317,-2.401,711,0,below-cloud,EGXE,1158,91,8,100,0,1010.5,98,11,33,3.3,193,0,0
2024-08-06,54.2317,-2.401,711,0,below-cloud,EGXE,548,56,11,93,1.1,1005.9,100,0,0,16.6,240,0,0.1
2024-08-18,54.2317,-2.401,711,0,below-cloud,EGXE,579,64,9.3,94,0.8,1009.4,41,0,0,18.9,257,0,0.5
2024-08-29,54.2317,-2.401,711,0,below-cloud,EGXE,4206,73,7.4,95,0.8,1013.5,31,53,85,9.6,236,0,0
2024-09-08,54.2317,-2.401,711,1,above-cloud,EGXE,-641,76,11.8,97,0.5,1005.7,100,20,100,6.6,49,0,0
2024-09-22,54.2317,-2.401,711,1,above-cloud,EGXE,-427,69,7.9,99,0.2,1018.2,100,18,34,18.2,63,0,0
2024-10-02,54.2317,-2.401,711,0,below-cloud,EGXE,1158,59,6.3,88,1.8,1017.6,62,0,0,22.2,52,0,0
2024-10-18,54.2317,-2.401,711,1,above-cloud,EGXE,-641,75,6.7,99,0.2,1012.4,100,0,4,12.1,175,0,0
2024-11-01,54.2317,-2.401,711,0,below-cloud,EGXE,6949,69,5.9,98,0.3,1022.6,100,0,79,14.6,271,0,0
2024-11-10,54.2317,-2.401,711,0,in-cloud,EGXE,-61,82,3.3,87,2,1025.2,100,6,100,6.1,130,0,0
2024-11-30,54.2317,-2.401,711,0,below-cloud,EGXE,274,59,6.7,99,0.1,1018.9,100,4,0,13.7,190,0,0
2024-12-12,54.2317,-2.401,711,1,above-cloud,EGXE,-488,68,1,93,1,1034.4,100,100,89,2.5,69,0,0
2024-12-24,54.2317,-2.401,711,0,below-cloud,EGXE,1280,59,6.2,100,0,1021.3,100,2,100,14.2,252,0,0
2025-01-06,54.2317,-2.401,711,1,above-cloud,EGXE,-458,70,-2.4,95,0.7,977.5,100,78,100,25,341,0,0.2
2025-01-22,54.2317,-2.401,711,1,above-cloud,EGXE,-641,74,-0.1,98,0.3,1005.5,100,0,0,1,22,0,0
2025-02-04,54.2317,-2.401,711,0,in-cloud,EGXE,61,58,4.3,86,2.2,1012.7,100,5,32,26.6,186,0,0
2025-02-15,54.2317,-2.401,711,1,above-cloud,EGXE,-580,82,-2.8,87,1.8,1019.9,98,0,3,9.4,101,0,0
2025-03-02,54.2317,-2.401,711,0,below-cloud,EGXE,213,83,1.1,92,1.2,1033.9,95,0,0,7.7,201,0,0
2025-03-13,54.2317,-2.401,711,1,above-cloud,EGXE,-183,70,-2.1,81,2.8,1006.2,47,0,0,14.6,350,0,0
2025-03-31,54.2317,-2.401,711,0,below-cloud,EGXE,1310,73,2.6,79,3.2,1027.8,100,49,100,0.5,90,0,0
2025-04-20,54.2317,-2.401,711,0,in-cloud,EGXE,91,59,-0.8,92,1.1,1010.2,4,3,0,9.2,84,0,0
2025-05-07,54.2317,-2.401,711,0,below-cloud,EGXE,3901,68,2.7,87,2,1025,0,67,52,1.4,67,0,0
2025-05-20,54.2317,-2.401,711,1,above-cloud,EGXE,-214,87,3.1,99,0.1,1023.3,100,1,0,9.7,78,0,0
2025-05-30,54.2317,-2.401,711,0,in-cloud,EGXE,61,58,9.6,100,0.1,1012.7,100,42,65,27.9,244,0,1.6
2025-06-14,54.2317,-2.401,711,1,above-cloud,EGXE,-427,73,9.8,84,2.5,1013.6,45,100,41,26.5,60,0,10.9
2025-06-28,54.2317,-2.401,711,1,above-cloud,EGXE,-244,58,12.8,100,0,1015.8,100,100,0,24.2,230,0,1.5
2025-07-14,54.2317,-2.401,711,1,above-cloud,EGXE,-397,68,12.6,96,0.7,1009.9,100,48,95,21.2,108,0,1.1
2025-07-26,54.2317,-2.401,711,0,below-cloud,EGXE,1066,74,10.6,100,0.1,1016.3,100,0,87,2.5,270,0,0
2025-08-07,54.2317,-2.401,711,0,below-cloud,EGXE,883,65,9.9,84,2.6,1011.3,100,100,100,20.6,210,0,0
2025-08-24,54.2317,-2.401,711,0,below-cloud,EGXE,1188,64,9.8,88,1.9,1019.4,5,0,0,7.2,115,0,0
2025-09-10,54.2317,-2.401,711,0,below-cloud,EGXE,792,66,9,83,2.8,1003.5,6,28,0,25.3,127,0,0
2025-09-28,54.2317,-2.401,711,1,above-cloud,EGXE,-580,84,6.2,100,0,1018.1,100,84,0,0.4,63,0,0
2025-10-11,54.2317,-2.401,711,0,below-cloud,EGXE,4511,83,4.5,98,0.4,1034.5,0,2,100,1.1,18,0,0
2025-10-21,54.2317,-2.401,711,0,below-cloud,EGXE,243,69,7,100,0,987.1,100,74,15,11.4,209,0,0.1
2025-11-06,54.2317,-2.401,711,1,above-cloud,EGXE,-397,64,8.3,93,1.1,1003.1,1,10,100,13.3,123,0,0
2025-11-16,54.2317,-2.401,711,0,below-cloud,EGXE,426,72,-0.1,83,2.5,1015.6,61,0,0,8.9,54,0,0
2025-12-03,54.2317,-2.401,711,1,above-cloud,EGXE,-641,63,0.4,96,0.5,1004.7,64,3,0,13.4,162,0,0
2025-12-17,54.2317,-2.401,711,0,below-cloud,EGXE,1158,59,0.9,93,0.9,1009.5,100,100,100,22.7,181,0,0.6
2025-12-29,54.2317,-2.401,711,0,in-cloud,EGXE,30,63,-0.4,84,2.3,1032.2,100,0,45,10.1,50,0,0
2026-01-16,54.2317,-2.401,711,1,above-cloud,EGXE,-641,68,-1.6,99,0.1,1002,100,57,8,16.2,135,0,0.7
2026-01-25,54.2317,-2.401,711,1,above-cloud,EGXE,-336,53,1.3,96,0.6,993.1,100,38,58,25.2,108,0,0.2
2026-02-04,54.2317,-2.401,711,1,above-cloud,EGXE,-458,65,-1.1,93,1.1,992.3,100,100,96,20.7,93,0,0
2026-02-13,54.2317,-2.401,711,0,in-cloud,EGXE,61,49,-2.2,90,1.4,993,100,100,2,29.6,61,0,0.3
2026-02-25,54.2317,-2.401,711,0,below-cloud,EGXE,853,71,3,97,0.4,1011.1,100,9,23,14.1,161,0,0.1
2026-03-08,54.2317,-2.401,711,1,above-cloud,EGXE,-580,83,1.2,99,0.2,1024.1,100,0,0,6,136,0,0
2026-03-22,54.2317,-2.401,711,1,above-cloud,EGXE,-610,85,-0.3,80,3,1016.1,8,8,100,1.5,201,0,0
2026-04-11,54.2317,-2.401,711,0,below-cloud,EGXE,640,60,2.6,91,1.3,997.9,100,100,5,24.8,175,0,1.4
2026-04-24,54.2317,-2.401,711,1,above-cloud,EGXE,-641,57,0.2,63,6.1,1027.5,6,0,0,7,91,0,0
2026-05-13,54.2317,-2.401,711,0,below-cloud,EGXE,2072,74,1.2,97,0.4,1000.7,80,59,0,15.5,257,0,0.6
2026-05-31,54.2317,-2.401,711,0,below-cloud,EGXE,182,78,8.5,90,1.6,1014.2,100,45,0,12.4,210,0,0.1
2026-06-09,54.2317,-2.401,711,0,below-cloud,EGXE,426,74,4.5,99,0.1,1009.7,45,44,41,11.2,228,0,0.8
2026-06-19,54.2317,-2.401,711,0,in-cloud,EGXE,30,76,12.1,95,0.7,1010,83,84,35,10.7,160,0,0.1
2026-07-06,54.2317,-2.401,711,0,below-cloud,EGXE,5425,76,11.7,99,0.1,1017.2,100,6,91,23.7,253,0,0.1
2026-07-21,54.2317,-2.401,711,0,below-cloud,EGXE,243,72,8.8,88,2,1029,0,0,0,4.9,118,0,0
2026-08-03,54.2317,-2.401,711,0,below-cloud,EGXE,3291,46,10.6,80,3.3,1015,23,98,100,17.5,90,0,0